answer,candidate_id,gate_id,gate_version,severity,result,observed_value,envelope,reason
WATERMELON,WATERMELON-ac97eb72,STRUCTURAL_CERTIFICATION,m10.gates.0,MANDATORY,PASS,"{""certified"":true,""score"":110}","""certified=true; replay score>=100""",M6 certification and Gold replay passed.
WATERMELON,WATERMELON-ac97eb72,DATA_INTEGRITY,m10.gates.0,MANDATORY,PASS,"{""policyVersion"":""m10.0"",""gateVersion"":""m10.gates.0"",""selectorVersion"":""m10.0"",""generatorVersion"":""m6.0"",""rulesVersion"":""qjynn-rules-local"",""vocabularyVersion"":""1.0"",""simulatorVersion"":""m8.1"",""playerModelVersion"":""m8.1.players.0"",""familiarity"":{""provider"":""wordfreq"",""sourceVersion"":""v3.2"",""packageVersion"":""3.1.1"",""sourceRevision"":""42233e6c36ce792031bcccfa17cdd0cec9af5fa7"",""normalizationVersion"":""zipf-linear-v1"",""source"":""https://github.com/rspeer/wordfreq"",""license"":""Apache-2.0 code; included source data requires CC BY-SA 4.0 attribution"",""wordlist"":""large"",""language"":""en""},""publicationValidatorVersion"":""m10.validator.0""}","""known versions and grid hash""",Required versions and grid hash are present.
WATERMELON,WATERMELON-ac97eb72,REAL_FAMILIARITY,m10.gates.0,MANDATORY,PASS,"{""provider"":""wordfreq"",""sourceVersion"":""v3.2"",""packageVersion"":""3.1.1"",""sourceRevision"":""42233e6c36ce792031bcccfa17cdd0cec9af5fa7"",""normalizationVersion"":""zipf-linear-v1"",""source"":""https://github.com/rspeer/wordfreq"",""license"":""Apache-2.0 code; included source data requires CC BY-SA 4.0 attribution"",""wordlist"":""large"",""language"":""en""}","""wordfreq with source and normalization metadata""",Approved real familiarity provider is active.
WATERMELON,WATERMELON-ac97eb72,COMPARATIVE_DIFFICULTY,m10.gates.0,QUALITY,PASS,"""middle""","""middle""",Candidate is in the preferred middle band.
WATERMELON,WATERMELON-ac97eb72,MEDAL_DISTRIBUTION,m10.gates.0,QUALITY,PASS,"{""gold"":0.072,""silver"":0.778,""bronze"":0.15}","""not degenerate""",REGULAR medal distribution is non-degenerate.
WATERMELON,WATERMELON-ac97eb72,VOCABULARY_ACCESSIBILITY,m10.gates.0,QUALITY,WARN,"{""rareWordDependency"":1,""meanPlayedFamiliarity"":0.31227294260922694}","""rare dependency<=.95 and familiarity>=.1""",Vocabulary accessibility is an extreme relative diagnostic.
WATERMELON,WATERMELON-ac97eb72,MOVE_SPACE_SANITY,m10.gates.0,DIAGNOSTIC,PASS,4712,"{""p10"":4257,""p90"":5480}",Opportunity density is not a pool-tail outlier.
WATERMELON,WATERMELON-ac97eb72,TILE_PARTICIPATION,m10.gates.0,DIAGNOSTIC,WARN,1549,"""<=0.9""",Tile participation is uneven but not a hard validity failure.
WATERMELON,WATERMELON-ac97eb72,HEXALINK_SANITY,m10.gates.0,DIAGNOSTIC,PASS,0.244,""".01-.95""",Hexalink geometry and participation are non-pathological.
WATERMELON,WATERMELON-ac97eb72,HISTORICAL_SIMILARITY,m10.gates.0,QUALITY,PASS,81.038,"{""p10"":null,""p90"":null,""median"":null,""count"":0}",Historical envelope is in warm-up.
WATERMELON,WATERMELON-ac97eb72,SELECTION_MARGIN,m10.gates.0,QUALITY,PASS,"{""band"":""middle"",""rank"":6}","""middle band""",Candidate is in the selected relative region.
WATERMELON,WATERMELON-ac97eb72,MONTE_CARLO_STABILITY,m10.gates.0,QUALITY,PASS,0.510891527244719,"""<=2""",REGULAR score uncertainty is bounded.
WATERMELON,WATERMELON-ac97eb72,PUBLIC_PRIVATE_SEPARATION,m10.gates.0,MANDATORY,PASS,true,true,Public artifact contains no private fields.
WATERMELON,WATERMELON-ac97eb72,ARTIFACT_SCHEMA,m10.gates.0,MANDATORY,PASS,true,true,"Public, private, and queue schemas passed."
WATERMELON,WATERMELON-ac97eb72,REPRODUCIBILITY,m10.gates.0,MANDATORY,PASS,true,true,Regeneration reproduced candidate identity and hashes.
WATERMELON,WATERMELON-35253c0f,STRUCTURAL_CERTIFICATION,m10.gates.0,MANDATORY,PASS,"{""certified"":true,""score"":110}","""certified=true; replay score>=100""",M6 certification and Gold replay passed.
WATERMELON,WATERMELON-35253c0f,DATA_INTEGRITY,m10.gates.0,MANDATORY,PASS,"{""policyVersion"":""m10.0"",""gateVersion"":""m10.gates.0"",""selectorVersion"":""m10.0"",""generatorVersion"":""m6.0"",""rulesVersion"":""qjynn-rules-local"",""vocabularyVersion"":""1.0"",""simulatorVersion"":""m8.1"",""playerModelVersion"":""m8.1.players.0"",""familiarity"":{""provider"":""wordfreq"",""sourceVersion"":""v3.2"",""packageVersion"":""3.1.1"",""sourceRevision"":""42233e6c36ce792031bcccfa17cdd0cec9af5fa7"",""normalizationVersion"":""zipf-linear-v1"",""source"":""https://github.com/rspeer/wordfreq"",""license"":""Apache-2.0 code; included source data requires CC BY-SA 4.0 attribution"",""wordlist"":""large"",""language"":""en""},""publicationValidatorVersion"":""m10.validator.0""}","""known versions and grid hash""",Required versions and grid hash are present.
WATERMELON,WATERMELON-35253c0f,REAL_FAMILIARITY,m10.gates.0,MANDATORY,PASS,"{""provider"":""wordfreq"",""sourceVersion"":""v3.2"",""packageVersion"":""3.1.1"",""sourceRevision"":""42233e6c36ce792031bcccfa17cdd0cec9af5fa7"",""normalizationVersion"":""zipf-linear-v1"",""source"":""https://github.com/rspeer/wordfreq"",""license"":""Apache-2.0 code; included source data requires CC BY-SA 4.0 attribution"",""wordlist"":""large"",""language"":""en""}","""wordfreq with source and normalization metadata""",Approved real familiarity provider is active.
WATERMELON,WATERMELON-35253c0f,COMPARATIVE_DIFFICULTY,m10.gates.0,QUALITY,PASS,"""middle""","""middle""",Candidate is in the preferred middle band.
WATERMELON,WATERMELON-35253c0f,MEDAL_DISTRIBUTION,m10.gates.0,QUALITY,PASS,"{""gold"":0.064,""silver"":0.8,""bronze"":0.134}","""not degenerate""",REGULAR medal distribution is non-degenerate.
WATERMELON,WATERMELON-35253c0f,VOCABULARY_ACCESSIBILITY,m10.gates.0,QUALITY,WARN,"{""rareWordDependency"":1,""meanPlayedFamiliarity"":0.30094800539188443}","""rare dependency<=.95 and familiarity>=.1""",Vocabulary accessibility is an extreme relative diagnostic.
WATERMELON,WATERMELON-35253c0f,MOVE_SPACE_SANITY,m10.gates.0,DIAGNOSTIC,PASS,5435,"{""p10"":4257,""p90"":5480}",Opportunity density is not a pool-tail outlier.
WATERMELON,WATERMELON-35253c0f,TILE_PARTICIPATION,m10.gates.0,DIAGNOSTIC,WARN,1628,"""<=0.9""",Tile participation is uneven but not a hard validity failure.
WATERMELON,WATERMELON-35253c0f,HEXALINK_SANITY,m10.gates.0,DIAGNOSTIC,PASS,0.186,""".01-.95""",Hexalink geometry and participation are non-pathological.
WATERMELON,WATERMELON-35253c0f,HISTORICAL_SIMILARITY,m10.gates.0,QUALITY,PASS,80.626,"{""p10"":null,""p90"":null,""median"":null,""count"":0}",Historical envelope is in warm-up.
WATERMELON,WATERMELON-35253c0f,SELECTION_MARGIN,m10.gates.0,QUALITY,PASS,"{""band"":""middle"",""rank"":7}","""middle band""",Candidate is in the selected relative region.
WATERMELON,WATERMELON-35253c0f,MONTE_CARLO_STABILITY,m10.gates.0,QUALITY,PASS,0.5554158035737169,"""<=2""",REGULAR score uncertainty is bounded.
WATERMELON,WATERMELON-35253c0f,PUBLIC_PRIVATE_SEPARATION,m10.gates.0,MANDATORY,PASS,true,true,Public artifact contains no private fields.
WATERMELON,WATERMELON-35253c0f,ARTIFACT_SCHEMA,m10.gates.0,MANDATORY,PASS,true,true,"Public, private, and queue schemas passed."
WATERMELON,WATERMELON-35253c0f,REPRODUCIBILITY,m10.gates.0,MANDATORY,PASS,true,true,Regeneration reproduced candidate identity and hashes.
WATERMELON,WATERMELON-80500d21,STRUCTURAL_CERTIFICATION,m10.gates.0,MANDATORY,PASS,"{""certified"":true,""score"":105}","""certified=true; replay score>=100""",M6 certification and Gold replay passed.
WATERMELON,WATERMELON-80500d21,DATA_INTEGRITY,m10.gates.0,MANDATORY,PASS,"{""policyVersion"":""m10.0"",""gateVersion"":""m10.gates.0"",""selectorVersion"":""m10.0"",""generatorVersion"":""m6.0"",""rulesVersion"":""qjynn-rules-local"",""vocabularyVersion"":""1.0"",""simulatorVersion"":""m8.1"",""playerModelVersion"":""m8.1.players.0"",""familiarity"":{""provider"":""wordfreq"",""sourceVersion"":""v3.2"",""packageVersion"":""3.1.1"",""sourceRevision"":""42233e6c36ce792031bcccfa17cdd0cec9af5fa7"",""normalizationVersion"":""zipf-linear-v1"",""source"":""https://github.com/rspeer/wordfreq"",""license"":""Apache-2.0 code; included source data requires CC BY-SA 4.0 attribution"",""wordlist"":""large"",""language"":""en""},""publicationValidatorVersion"":""m10.validator.0""}","""known versions and grid hash""",Required versions and grid hash are present.
WATERMELON,WATERMELON-80500d21,REAL_FAMILIARITY,m10.gates.0,MANDATORY,PASS,"{""provider"":""wordfreq"",""sourceVersion"":""v3.2"",""packageVersion"":""3.1.1"",""sourceRevision"":""42233e6c36ce792031bcccfa17cdd0cec9af5fa7"",""normalizationVersion"":""zipf-linear-v1"",""source"":""https://github.com/rspeer/wordfreq"",""license"":""Apache-2.0 code; included source data requires CC BY-SA 4.0 attribution"",""wordlist"":""large"",""language"":""en""}","""wordfreq with source and normalization metadata""",Approved real familiarity provider is active.
WATERMELON,WATERMELON-80500d21,COMPARATIVE_DIFFICULTY,m10.gates.0,QUALITY,PASS,"""middle""","""middle""",Candidate is in the preferred middle band.
WATERMELON,WATERMELON-80500d21,MEDAL_DISTRIBUTION,m10.gates.0,QUALITY,PASS,"{""gold"":0.082,""silver"":0.814,""bronze"":0.104}","""not degenerate""",REGULAR medal distribution is non-degenerate.
WATERMELON,WATERMELON-80500d21,VOCABULARY_ACCESSIBILITY,m10.gates.0,QUALITY,WARN,"{""rareWordDependency"":1,""meanPlayedFamiliarity"":0.30838145700286806}","""rare dependency<=.95 and familiarity>=.1""",Vocabulary accessibility is an extreme relative diagnostic.
WATERMELON,WATERMELON-80500d21,MOVE_SPACE_SANITY,m10.gates.0,DIAGNOSTIC,WARN,6453,"{""p10"":4257,""p90"":5480}",Opportunity density is in a pool tail.
WATERMELON,WATERMELON-80500d21,TILE_PARTICIPATION,m10.gates.0,DIAGNOSTIC,WARN,2025,"""<=0.9""",Tile participation is uneven but not a hard validity failure.
WATERMELON,WATERMELON-80500d21,HEXALINK_SANITY,m10.gates.0,DIAGNOSTIC,PASS,0.212,""".01-.95""",Hexalink geometry and participation are non-pathological.
WATERMELON,WATERMELON-80500d21,HISTORICAL_SIMILARITY,m10.gates.0,QUALITY,PASS,82.308,"{""p10"":null,""p90"":null,""median"":null,""count"":0}",Historical envelope is in warm-up.
WATERMELON,WATERMELON-80500d21,SELECTION_MARGIN,m10.gates.0,QUALITY,PASS,"{""band"":""middle"",""rank"":5}","""middle band""",Candidate is in the selected relative region.
WATERMELON,WATERMELON-80500d21,MONTE_CARLO_STABILITY,m10.gates.0,QUALITY,PASS,0.44547365703985886,"""<=2""",REGULAR score uncertainty is bounded.
WATERMELON,WATERMELON-80500d21,PUBLIC_PRIVATE_SEPARATION,m10.gates.0,MANDATORY,PASS,true,true,Public artifact contains no private fields.
WATERMELON,WATERMELON-80500d21,ARTIFACT_SCHEMA,m10.gates.0,MANDATORY,PASS,true,true,"Public, private, and queue schemas passed."
WATERMELON,WATERMELON-80500d21,REPRODUCIBILITY,m10.gates.0,MANDATORY,PASS,true,true,Regeneration reproduced candidate identity and hashes.
OSCILLATED,OSCILLATED-36ea54c9,STRUCTURAL_CERTIFICATION,m10.gates.0,MANDATORY,PASS,"{""certified"":true,""score"":105}","""certified=true; replay score>=100""",M6 certification and Gold replay passed.
OSCILLATED,OSCILLATED-36ea54c9,DATA_INTEGRITY,m10.gates.0,MANDATORY,PASS,"{""policyVersion"":""m10.0"",""gateVersion"":""m10.gates.0"",""selectorVersion"":""m10.0"",""generatorVersion"":""m6.0"",""rulesVersion"":""qjynn-rules-local"",""vocabularyVersion"":""1.0"",""simulatorVersion"":""m8.1"",""playerModelVersion"":""m8.1.players.0"",""familiarity"":{""provider"":""wordfreq"",""sourceVersion"":""v3.2"",""packageVersion"":""3.1.1"",""sourceRevision"":""42233e6c36ce792031bcccfa17cdd0cec9af5fa7"",""normalizationVersion"":""zipf-linear-v1"",""source"":""https://github.com/rspeer/wordfreq"",""license"":""Apache-2.0 code; included source data requires CC BY-SA 4.0 attribution"",""wordlist"":""large"",""language"":""en""},""publicationValidatorVersion"":""m10.validator.0""}","""known versions and grid hash""",Required versions and grid hash are present.
OSCILLATED,OSCILLATED-36ea54c9,REAL_FAMILIARITY,m10.gates.0,MANDATORY,PASS,"{""provider"":""wordfreq"",""sourceVersion"":""v3.2"",""packageVersion"":""3.1.1"",""sourceRevision"":""42233e6c36ce792031bcccfa17cdd0cec9af5fa7"",""normalizationVersion"":""zipf-linear-v1"",""source"":""https://github.com/rspeer/wordfreq"",""license"":""Apache-2.0 code; included source data requires CC BY-SA 4.0 attribution"",""wordlist"":""large"",""language"":""en""}","""wordfreq with source and normalization metadata""",Approved real familiarity provider is active.
OSCILLATED,OSCILLATED-36ea54c9,COMPARATIVE_DIFFICULTY,m10.gates.0,QUALITY,PASS,"""middle""","""middle""",Candidate is in the preferred middle band.
OSCILLATED,OSCILLATED-36ea54c9,MEDAL_DISTRIBUTION,m10.gates.0,QUALITY,PASS,"{""gold"":0.056,""silver"":0.814,""bronze"":0.13}","""not degenerate""",REGULAR medal distribution is non-degenerate.
OSCILLATED,OSCILLATED-36ea54c9,VOCABULARY_ACCESSIBILITY,m10.gates.0,QUALITY,WARN,"{""rareWordDependency"":1,""meanPlayedFamiliarity"":0.29085515196254663}","""rare dependency<=.95 and familiarity>=.1""",Vocabulary accessibility is an extreme relative diagnostic.
OSCILLATED,OSCILLATED-36ea54c9,MOVE_SPACE_SANITY,m10.gates.0,DIAGNOSTIC,PASS,5576,"{""p10"":4718,""p90"":5576}",Opportunity density is not a pool-tail outlier.
OSCILLATED,OSCILLATED-36ea54c9,TILE_PARTICIPATION,m10.gates.0,DIAGNOSTIC,WARN,1496,"""<=0.9""",Tile participation is uneven but not a hard validity failure.
OSCILLATED,OSCILLATED-36ea54c9,HEXALINK_SANITY,m10.gates.0,DIAGNOSTIC,PASS,0.25,""".01-.95""",Hexalink geometry and participation are non-pathological.
OSCILLATED,OSCILLATED-36ea54c9,HISTORICAL_SIMILARITY,m10.gates.0,QUALITY,PASS,81.924,"{""p10"":null,""p90"":null,""median"":null,""count"":0}",Historical envelope is in warm-up.
OSCILLATED,OSCILLATED-36ea54c9,SELECTION_MARGIN,m10.gates.0,QUALITY,PASS,"{""band"":""middle"",""rank"":6}","""middle band""",Candidate is in the selected relative region.
OSCILLATED,OSCILLATED-36ea54c9,MONTE_CARLO_STABILITY,m10.gates.0,QUALITY,PASS,0.5113946283091503,"""<=2""",REGULAR score uncertainty is bounded.
OSCILLATED,OSCILLATED-36ea54c9,PUBLIC_PRIVATE_SEPARATION,m10.gates.0,MANDATORY,PASS,true,true,Public artifact contains no private fields.
OSCILLATED,OSCILLATED-36ea54c9,ARTIFACT_SCHEMA,m10.gates.0,MANDATORY,PASS,true,true,"Public, private, and queue schemas passed."
OSCILLATED,OSCILLATED-36ea54c9,REPRODUCIBILITY,m10.gates.0,MANDATORY,PASS,true,true,Regeneration reproduced candidate identity and hashes.
OSCILLATED,OSCILLATED-1e15bce2,STRUCTURAL_CERTIFICATION,m10.gates.0,MANDATORY,PASS,"{""certified"":true,""score"":110}","""certified=true; replay score>=100""",M6 certification and Gold replay passed.
OSCILLATED,OSCILLATED-1e15bce2,DATA_INTEGRITY,m10.gates.0,MANDATORY,PASS,"{""policyVersion"":""m10.0"",""gateVersion"":""m10.gates.0"",""selectorVersion"":""m10.0"",""generatorVersion"":""m6.0"",""rulesVersion"":""qjynn-rules-local"",""vocabularyVersion"":""1.0"",""simulatorVersion"":""m8.1"",""playerModelVersion"":""m8.1.players.0"",""familiarity"":{""provider"":""wordfreq"",""sourceVersion"":""v3.2"",""packageVersion"":""3.1.1"",""sourceRevision"":""42233e6c36ce792031bcccfa17cdd0cec9af5fa7"",""normalizationVersion"":""zipf-linear-v1"",""source"":""https://github.com/rspeer/wordfreq"",""license"":""Apache-2.0 code; included source data requires CC BY-SA 4.0 attribution"",""wordlist"":""large"",""language"":""en""},""publicationValidatorVersion"":""m10.validator.0""}","""known versions and grid hash""",Required versions and grid hash are present.
OSCILLATED,OSCILLATED-1e15bce2,REAL_FAMILIARITY,m10.gates.0,MANDATORY,PASS,"{""provider"":""wordfreq"",""sourceVersion"":""v3.2"",""packageVersion"":""3.1.1"",""sourceRevision"":""42233e6c36ce792031bcccfa17cdd0cec9af5fa7"",""normalizationVersion"":""zipf-linear-v1"",""source"":""https://github.com/rspeer/wordfreq"",""license"":""Apache-2.0 code; included source data requires CC BY-SA 4.0 attribution"",""wordlist"":""large"",""language"":""en""}","""wordfreq with source and normalization metadata""",Approved real familiarity provider is active.
OSCILLATED,OSCILLATED-1e15bce2,COMPARATIVE_DIFFICULTY,m10.gates.0,QUALITY,PASS,"""middle""","""middle""",Candidate is in the preferred middle band.
OSCILLATED,OSCILLATED-1e15bce2,MEDAL_DISTRIBUTION,m10.gates.0,QUALITY,PASS,"{""gold"":0.046,""silver"":0.844,""bronze"":0.11}","""not degenerate""",REGULAR medal distribution is non-degenerate.
OSCILLATED,OSCILLATED-1e15bce2,VOCABULARY_ACCESSIBILITY,m10.gates.0,QUALITY,WARN,"{""rareWordDependency"":1,""meanPlayedFamiliarity"":0.2896883228045134}","""rare dependency<=.95 and familiarity>=.1""",Vocabulary accessibility is an extreme relative diagnostic.
OSCILLATED,OSCILLATED-1e15bce2,MOVE_SPACE_SANITY,m10.gates.0,DIAGNOSTIC,PASS,5219,"{""p10"":4718,""p90"":5576}",Opportunity density is not a pool-tail outlier.
OSCILLATED,OSCILLATED-1e15bce2,TILE_PARTICIPATION,m10.gates.0,DIAGNOSTIC,WARN,1703,"""<=0.9""",Tile participation is uneven but not a hard validity failure.
OSCILLATED,OSCILLATED-1e15bce2,HEXALINK_SANITY,m10.gates.0,DIAGNOSTIC,PASS,0.236,""".01-.95""",Hexalink geometry and participation are non-pathological.
OSCILLATED,OSCILLATED-1e15bce2,HISTORICAL_SIMILARITY,m10.gates.0,QUALITY,PASS,81.824,"{""p10"":null,""p90"":null,""median"":null,""count"":0}",Historical envelope is in warm-up.
OSCILLATED,OSCILLATED-1e15bce2,SELECTION_MARGIN,m10.gates.0,QUALITY,PASS,"{""band"":""middle"",""rank"":7}","""middle band""",Candidate is in the selected relative region.
OSCILLATED,OSCILLATED-1e15bce2,MONTE_CARLO_STABILITY,m10.gates.0,QUALITY,PASS,0.5155571712110584,"""<=2""",REGULAR score uncertainty is bounded.
OSCILLATED,OSCILLATED-1e15bce2,PUBLIC_PRIVATE_SEPARATION,m10.gates.0,MANDATORY,PASS,true,true,Public artifact contains no private fields.
OSCILLATED,OSCILLATED-1e15bce2,ARTIFACT_SCHEMA,m10.gates.0,MANDATORY,PASS,true,true,"Public, private, and queue schemas passed."
OSCILLATED,OSCILLATED-1e15bce2,REPRODUCIBILITY,m10.gates.0,MANDATORY,PASS,true,true,Regeneration reproduced candidate identity and hashes.
OSCILLATED,OSCILLATED-fc3883dd,STRUCTURAL_CERTIFICATION,m10.gates.0,MANDATORY,PASS,"{""certified"":true,""score"":110}","""certified=true; replay score>=100""",M6 certification and Gold replay passed.
OSCILLATED,OSCILLATED-fc3883dd,DATA_INTEGRITY,m10.gates.0,MANDATORY,PASS,"{""policyVersion"":""m10.0"",""gateVersion"":""m10.gates.0"",""selectorVersion"":""m10.0"",""generatorVersion"":""m6.0"",""rulesVersion"":""qjynn-rules-local"",""vocabularyVersion"":""1.0"",""simulatorVersion"":""m8.1"",""playerModelVersion"":""m8.1.players.0"",""familiarity"":{""provider"":""wordfreq"",""sourceVersion"":""v3.2"",""packageVersion"":""3.1.1"",""sourceRevision"":""42233e6c36ce792031bcccfa17cdd0cec9af5fa7"",""normalizationVersion"":""zipf-linear-v1"",""source"":""https://github.com/rspeer/wordfreq"",""license"":""Apache-2.0 code; included source data requires CC BY-SA 4.0 attribution"",""wordlist"":""large"",""language"":""en""},""publicationValidatorVersion"":""m10.validator.0""}","""known versions and grid hash""",Required versions and grid hash are present.
OSCILLATED,OSCILLATED-fc3883dd,REAL_FAMILIARITY,m10.gates.0,MANDATORY,PASS,"{""provider"":""wordfreq"",""sourceVersion"":""v3.2"",""packageVersion"":""3.1.1"",""sourceRevision"":""42233e6c36ce792031bcccfa17cdd0cec9af5fa7"",""normalizationVersion"":""zipf-linear-v1"",""source"":""https://github.com/rspeer/wordfreq"",""license"":""Apache-2.0 code; included source data requires CC BY-SA 4.0 attribution"",""wordlist"":""large"",""language"":""en""}","""wordfreq with source and normalization metadata""",Approved real familiarity provider is active.
OSCILLATED,OSCILLATED-fc3883dd,COMPARATIVE_DIFFICULTY,m10.gates.0,QUALITY,PASS,"""middle""","""middle""",Candidate is in the preferred middle band.
OSCILLATED,OSCILLATED-fc3883dd,MEDAL_DISTRIBUTION,m10.gates.0,QUALITY,PASS,"{""gold"":0.07,""silver"":0.824,""bronze"":0.106}","""not degenerate""",REGULAR medal distribution is non-degenerate.
OSCILLATED,OSCILLATED-fc3883dd,VOCABULARY_ACCESSIBILITY,m10.gates.0,QUALITY,WARN,"{""rareWordDependency"":1,""meanPlayedFamiliarity"":0.31835826365658837}","""rare dependency<=.95 and familiarity>=.1""",Vocabulary accessibility is an extreme relative diagnostic.
OSCILLATED,OSCILLATED-fc3883dd,MOVE_SPACE_SANITY,m10.gates.0,DIAGNOSTIC,PASS,4783,"{""p10"":4718,""p90"":5576}",Opportunity density is not a pool-tail outlier.
OSCILLATED,OSCILLATED-fc3883dd,TILE_PARTICIPATION,m10.gates.0,DIAGNOSTIC,WARN,1559,"""<=0.9""",Tile participation is uneven but not a hard validity failure.
OSCILLATED,OSCILLATED-fc3883dd,HEXALINK_SANITY,m10.gates.0,DIAGNOSTIC,PASS,0.206,""".01-.95""",Hexalink geometry and participation are non-pathological.
OSCILLATED,OSCILLATED-fc3883dd,HISTORICAL_SIMILARITY,m10.gates.0,QUALITY,PASS,82.414,"{""p10"":null,""p90"":null,""median"":null,""count"":0}",Historical envelope is in warm-up.
OSCILLATED,OSCILLATED-fc3883dd,SELECTION_MARGIN,m10.gates.0,QUALITY,PASS,"{""band"":""middle"",""rank"":5}","""middle band""",Candidate is in the selected relative region.
OSCILLATED,OSCILLATED-fc3883dd,MONTE_CARLO_STABILITY,m10.gates.0,QUALITY,PASS,0.5604944460887956,"""<=2""",REGULAR score uncertainty is bounded.
OSCILLATED,OSCILLATED-fc3883dd,PUBLIC_PRIVATE_SEPARATION,m10.gates.0,MANDATORY,PASS,true,true,Public artifact contains no private fields.
OSCILLATED,OSCILLATED-fc3883dd,ARTIFACT_SCHEMA,m10.gates.0,MANDATORY,PASS,true,true,"Public, private, and queue schemas passed."
OSCILLATED,OSCILLATED-fc3883dd,REPRODUCIBILITY,m10.gates.0,MANDATORY,PASS,true,true,Regeneration reproduced candidate identity and hashes.
ABANDONING,ABANDONING-a66e1599,STRUCTURAL_CERTIFICATION,m10.gates.0,MANDATORY,PASS,"{""certified"":true,""score"":130}","""certified=true; replay score>=100""",M6 certification and Gold replay passed.
ABANDONING,ABANDONING-a66e1599,DATA_INTEGRITY,m10.gates.0,MANDATORY,PASS,"{""policyVersion"":""m10.0"",""gateVersion"":""m10.gates.0"",""selectorVersion"":""m10.0"",""generatorVersion"":""m6.0"",""rulesVersion"":""qjynn-rules-local"",""vocabularyVersion"":""1.0"",""simulatorVersion"":""m8.1"",""playerModelVersion"":""m8.1.players.0"",""familiarity"":{""provider"":""wordfreq"",""sourceVersion"":""v3.2"",""packageVersion"":""3.1.1"",""sourceRevision"":""42233e6c36ce792031bcccfa17cdd0cec9af5fa7"",""normalizationVersion"":""zipf-linear-v1"",""source"":""https://github.com/rspeer/wordfreq"",""license"":""Apache-2.0 code; included source data requires CC BY-SA 4.0 attribution"",""wordlist"":""large"",""language"":""en""},""publicationValidatorVersion"":""m10.validator.0""}","""known versions and grid hash""",Required versions and grid hash are present.
ABANDONING,ABANDONING-a66e1599,REAL_FAMILIARITY,m10.gates.0,MANDATORY,PASS,"{""provider"":""wordfreq"",""sourceVersion"":""v3.2"",""packageVersion"":""3.1.1"",""sourceRevision"":""42233e6c36ce792031bcccfa17cdd0cec9af5fa7"",""normalizationVersion"":""zipf-linear-v1"",""source"":""https://github.com/rspeer/wordfreq"",""license"":""Apache-2.0 code; included source data requires CC BY-SA 4.0 attribution"",""wordlist"":""large"",""language"":""en""}","""wordfreq with source and normalization metadata""",Approved real familiarity provider is active.
ABANDONING,ABANDONING-a66e1599,COMPARATIVE_DIFFICULTY,m10.gates.0,QUALITY,PASS,"""middle""","""middle""",Candidate is in the preferred middle band.
ABANDONING,ABANDONING-a66e1599,MEDAL_DISTRIBUTION,m10.gates.0,QUALITY,PASS,"{""gold"":0.118,""silver"":0.754,""bronze"":0.128}","""not degenerate""",REGULAR medal distribution is non-degenerate.
ABANDONING,ABANDONING-a66e1599,VOCABULARY_ACCESSIBILITY,m10.gates.0,QUALITY,WARN,"{""rareWordDependency"":1,""meanPlayedFamiliarity"":0.3100955131077132}","""rare dependency<=.95 and familiarity>=.1""",Vocabulary accessibility is an extreme relative diagnostic.
ABANDONING,ABANDONING-a66e1599,MOVE_SPACE_SANITY,m10.gates.0,DIAGNOSTIC,PASS,5112,"{""p10"":4798,""p90"":6736}",Opportunity density is not a pool-tail outlier.
ABANDONING,ABANDONING-a66e1599,TILE_PARTICIPATION,m10.gates.0,DIAGNOSTIC,WARN,1528,"""<=0.9""",Tile participation is uneven but not a hard validity failure.
ABANDONING,ABANDONING-a66e1599,HEXALINK_SANITY,m10.gates.0,DIAGNOSTIC,PASS,0.23,""".01-.95""",Hexalink geometry and participation are non-pathological.
ABANDONING,ABANDONING-a66e1599,HISTORICAL_SIMILARITY,m10.gates.0,QUALITY,PASS,82.972,"{""p10"":null,""p90"":null,""median"":null,""count"":0}",Historical envelope is in warm-up.
ABANDONING,ABANDONING-a66e1599,SELECTION_MARGIN,m10.gates.0,QUALITY,PASS,"{""band"":""middle"",""rank"":6}","""middle band""",Candidate is in the selected relative region.
ABANDONING,ABANDONING-a66e1599,MONTE_CARLO_STABILITY,m10.gates.0,QUALITY,PASS,0.5344696729706011,"""<=2""",REGULAR score uncertainty is bounded.
ABANDONING,ABANDONING-a66e1599,PUBLIC_PRIVATE_SEPARATION,m10.gates.0,MANDATORY,PASS,true,true,Public artifact contains no private fields.
ABANDONING,ABANDONING-a66e1599,ARTIFACT_SCHEMA,m10.gates.0,MANDATORY,PASS,true,true,"Public, private, and queue schemas passed."
ABANDONING,ABANDONING-a66e1599,REPRODUCIBILITY,m10.gates.0,MANDATORY,PASS,true,true,Regeneration reproduced candidate identity and hashes.
ABANDONING,ABANDONING-d5d62b1b,STRUCTURAL_CERTIFICATION,m10.gates.0,MANDATORY,PASS,"{""certified"":true,""score"":110}","""certified=true; replay score>=100""",M6 certification and Gold replay passed.
ABANDONING,ABANDONING-d5d62b1b,DATA_INTEGRITY,m10.gates.0,MANDATORY,PASS,"{""policyVersion"":""m10.0"",""gateVersion"":""m10.gates.0"",""selectorVersion"":""m10.0"",""generatorVersion"":""m6.0"",""rulesVersion"":""qjynn-rules-local"",""vocabularyVersion"":""1.0"",""simulatorVersion"":""m8.1"",""playerModelVersion"":""m8.1.players.0"",""familiarity"":{""provider"":""wordfreq"",""sourceVersion"":""v3.2"",""packageVersion"":""3.1.1"",""sourceRevision"":""42233e6c36ce792031bcccfa17cdd0cec9af5fa7"",""normalizationVersion"":""zipf-linear-v1"",""source"":""https://github.com/rspeer/wordfreq"",""license"":""Apache-2.0 code; included source data requires CC BY-SA 4.0 attribution"",""wordlist"":""large"",""language"":""en""},""publicationValidatorVersion"":""m10.validator.0""}","""known versions and grid hash""",Required versions and grid hash are present.
ABANDONING,ABANDONING-d5d62b1b,REAL_FAMILIARITY,m10.gates.0,MANDATORY,PASS,"{""provider"":""wordfreq"",""sourceVersion"":""v3.2"",""packageVersion"":""3.1.1"",""sourceRevision"":""42233e6c36ce792031bcccfa17cdd0cec9af5fa7"",""normalizationVersion"":""zipf-linear-v1"",""source"":""https://github.com/rspeer/wordfreq"",""license"":""Apache-2.0 code; included source data requires CC BY-SA 4.0 attribution"",""wordlist"":""large"",""language"":""en""}","""wordfreq with source and normalization metadata""",Approved real familiarity provider is active.
ABANDONING,ABANDONING-d5d62b1b,COMPARATIVE_DIFFICULTY,m10.gates.0,QUALITY,PASS,"""middle""","""middle""",Candidate is in the preferred middle band.
ABANDONING,ABANDONING-d5d62b1b,MEDAL_DISTRIBUTION,m10.gates.0,QUALITY,PASS,"{""gold"":0.124,""silver"":0.73,""bronze"":0.146}","""not degenerate""",REGULAR medal distribution is non-degenerate.
ABANDONING,ABANDONING-d5d62b1b,VOCABULARY_ACCESSIBILITY,m10.gates.0,QUALITY,WARN,"{""rareWordDependency"":1,""meanPlayedFamiliarity"":0.31635452048350077}","""rare dependency<=.95 and familiarity>=.1""",Vocabulary accessibility is an extreme relative diagnostic.
ABANDONING,ABANDONING-d5d62b1b,MOVE_SPACE_SANITY,m10.gates.0,DIAGNOSTIC,PASS,5911,"{""p10"":4798,""p90"":6736}",Opportunity density is not a pool-tail outlier.
ABANDONING,ABANDONING-d5d62b1b,TILE_PARTICIPATION,m10.gates.0,DIAGNOSTIC,WARN,2019,"""<=0.9""",Tile participation is uneven but not a hard validity failure.
ABANDONING,ABANDONING-d5d62b1b,HEXALINK_SANITY,m10.gates.0,DIAGNOSTIC,PASS,0.272,""".01-.95""",Hexalink geometry and participation are non-pathological.
ABANDONING,ABANDONING-d5d62b1b,HISTORICAL_SIMILARITY,m10.gates.0,QUALITY,PASS,83.628,"{""p10"":null,""p90"":null,""median"":null,""count"":0}",Historical envelope is in warm-up.
ABANDONING,ABANDONING-d5d62b1b,SELECTION_MARGIN,m10.gates.0,QUALITY,PASS,"{""band"":""middle"",""rank"":5}","""middle band""",Candidate is in the selected relative region.
ABANDONING,ABANDONING-d5d62b1b,MONTE_CARLO_STABILITY,m10.gates.0,QUALITY,PASS,0.6016934869257229,"""<=2""",REGULAR score uncertainty is bounded.
ABANDONING,ABANDONING-d5d62b1b,PUBLIC_PRIVATE_SEPARATION,m10.gates.0,MANDATORY,PASS,true,true,Public artifact contains no private fields.
ABANDONING,ABANDONING-d5d62b1b,ARTIFACT_SCHEMA,m10.gates.0,MANDATORY,PASS,true,true,"Public, private, and queue schemas passed."
ABANDONING,ABANDONING-d5d62b1b,REPRODUCIBILITY,m10.gates.0,MANDATORY,PASS,true,true,Regeneration reproduced candidate identity and hashes.
ABANDONING,ABANDONING-b5392d10,STRUCTURAL_CERTIFICATION,m10.gates.0,MANDATORY,PASS,"{""certified"":true,""score"":110}","""certified=true; replay score>=100""",M6 certification and Gold replay passed.
ABANDONING,ABANDONING-b5392d10,DATA_INTEGRITY,m10.gates.0,MANDATORY,PASS,"{""policyVersion"":""m10.0"",""gateVersion"":""m10.gates.0"",""selectorVersion"":""m10.0"",""generatorVersion"":""m6.0"",""rulesVersion"":""qjynn-rules-local"",""vocabularyVersion"":""1.0"",""simulatorVersion"":""m8.1"",""playerModelVersion"":""m8.1.players.0"",""familiarity"":{""provider"":""wordfreq"",""sourceVersion"":""v3.2"",""packageVersion"":""3.1.1"",""sourceRevision"":""42233e6c36ce792031bcccfa17cdd0cec9af5fa7"",""normalizationVersion"":""zipf-linear-v1"",""source"":""https://github.com/rspeer/wordfreq"",""license"":""Apache-2.0 code; included source data requires CC BY-SA 4.0 attribution"",""wordlist"":""large"",""language"":""en""},""publicationValidatorVersion"":""m10.validator.0""}","""known versions and grid hash""",Required versions and grid hash are present.
ABANDONING,ABANDONING-b5392d10,REAL_FAMILIARITY,m10.gates.0,MANDATORY,PASS,"{""provider"":""wordfreq"",""sourceVersion"":""v3.2"",""packageVersion"":""3.1.1"",""sourceRevision"":""42233e6c36ce792031bcccfa17cdd0cec9af5fa7"",""normalizationVersion"":""zipf-linear-v1"",""source"":""https://github.com/rspeer/wordfreq"",""license"":""Apache-2.0 code; included source data requires CC BY-SA 4.0 attribution"",""wordlist"":""large"",""language"":""en""}","""wordfreq with source and normalization metadata""",Approved real familiarity provider is active.
ABANDONING,ABANDONING-b5392d10,COMPARATIVE_DIFFICULTY,m10.gates.0,QUALITY,PASS,"""middle""","""middle""",Candidate is in the preferred middle band.
ABANDONING,ABANDONING-b5392d10,MEDAL_DISTRIBUTION,m10.gates.0,QUALITY,PASS,"{""gold"":0.08,""silver"":0.766,""bronze"":0.154}","""not degenerate""",REGULAR medal distribution is non-degenerate.
ABANDONING,ABANDONING-b5392d10,VOCABULARY_ACCESSIBILITY,m10.gates.0,QUALITY,WARN,"{""rareWordDependency"":1,""meanPlayedFamiliarity"":0.3051841814426158}","""rare dependency<=.95 and familiarity>=.1""",Vocabulary accessibility is an extreme relative diagnostic.
ABANDONING,ABANDONING-b5392d10,MOVE_SPACE_SANITY,m10.gates.0,DIAGNOSTIC,PASS,5914,"{""p10"":4798,""p90"":6736}",Opportunity density is not a pool-tail outlier.
ABANDONING,ABANDONING-b5392d10,TILE_PARTICIPATION,m10.gates.0,DIAGNOSTIC,WARN,2177,"""<=0.9""",Tile participation is uneven but not a hard validity failure.
ABANDONING,ABANDONING-b5392d10,HEXALINK_SANITY,m10.gates.0,DIAGNOSTIC,PASS,0.276,""".01-.95""",Hexalink geometry and participation are non-pathological.
ABANDONING,ABANDONING-b5392d10,HISTORICAL_SIMILARITY,m10.gates.0,QUALITY,PASS,82.066,"{""p10"":null,""p90"":null,""median"":null,""count"":0}",Historical envelope is in warm-up.
ABANDONING,ABANDONING-b5392d10,SELECTION_MARGIN,m10.gates.0,QUALITY,PASS,"{""band"":""middle"",""rank"":7}","""middle band""",Candidate is in the selected relative region.
ABANDONING,ABANDONING-b5392d10,MONTE_CARLO_STABILITY,m10.gates.0,QUALITY,PASS,0.5263772068160075,"""<=2""",REGULAR score uncertainty is bounded.
ABANDONING,ABANDONING-b5392d10,PUBLIC_PRIVATE_SEPARATION,m10.gates.0,MANDATORY,PASS,true,true,Public artifact contains no private fields.
ABANDONING,ABANDONING-b5392d10,ARTIFACT_SCHEMA,m10.gates.0,MANDATORY,PASS,true,true,"Public, private, and queue schemas passed."
ABANDONING,ABANDONING-b5392d10,REPRODUCIBILITY,m10.gates.0,MANDATORY,PASS,true,true,Regeneration reproduced candidate identity and hashes.
ABSOLUTELY,ABSOLUTELY-2d2cfa2c,STRUCTURAL_CERTIFICATION,m10.gates.0,MANDATORY,PASS,"{""certified"":true,""score"":105}","""certified=true; replay score>=100""",M6 certification and Gold replay passed.
ABSOLUTELY,ABSOLUTELY-2d2cfa2c,DATA_INTEGRITY,m10.gates.0,MANDATORY,PASS,"{""policyVersion"":""m10.0"",""gateVersion"":""m10.gates.0"",""selectorVersion"":""m10.0"",""generatorVersion"":""m6.0"",""rulesVersion"":""qjynn-rules-local"",""vocabularyVersion"":""1.0"",""simulatorVersion"":""m8.1"",""playerModelVersion"":""m8.1.players.0"",""familiarity"":{""provider"":""wordfreq"",""sourceVersion"":""v3.2"",""packageVersion"":""3.1.1"",""sourceRevision"":""42233e6c36ce792031bcccfa17cdd0cec9af5fa7"",""normalizationVersion"":""zipf-linear-v1"",""source"":""https://github.com/rspeer/wordfreq"",""license"":""Apache-2.0 code; included source data requires CC BY-SA 4.0 attribution"",""wordlist"":""large"",""language"":""en""},""publicationValidatorVersion"":""m10.validator.0""}","""known versions and grid hash""",Required versions and grid hash are present.
ABSOLUTELY,ABSOLUTELY-2d2cfa2c,REAL_FAMILIARITY,m10.gates.0,MANDATORY,PASS,"{""provider"":""wordfreq"",""sourceVersion"":""v3.2"",""packageVersion"":""3.1.1"",""sourceRevision"":""42233e6c36ce792031bcccfa17cdd0cec9af5fa7"",""normalizationVersion"":""zipf-linear-v1"",""source"":""https://github.com/rspeer/wordfreq"",""license"":""Apache-2.0 code; included source data requires CC BY-SA 4.0 attribution"",""wordlist"":""large"",""language"":""en""}","""wordfreq with source and normalization metadata""",Approved real familiarity provider is active.
ABSOLUTELY,ABSOLUTELY-2d2cfa2c,COMPARATIVE_DIFFICULTY,m10.gates.0,QUALITY,PASS,"""middle""","""middle""",Candidate is in the preferred middle band.
ABSOLUTELY,ABSOLUTELY-2d2cfa2c,MEDAL_DISTRIBUTION,m10.gates.0,QUALITY,PASS,"{""gold"":0.09,""silver"":0.788,""bronze"":0.122}","""not degenerate""",REGULAR medal distribution is non-degenerate.
ABSOLUTELY,ABSOLUTELY-2d2cfa2c,VOCABULARY_ACCESSIBILITY,m10.gates.0,QUALITY,WARN,"{""rareWordDependency"":1,""meanPlayedFamiliarity"":0.31413079502876}","""rare dependency<=.95 and familiarity>=.1""",Vocabulary accessibility is an extreme relative diagnostic.
ABSOLUTELY,ABSOLUTELY-2d2cfa2c,MOVE_SPACE_SANITY,m10.gates.0,DIAGNOSTIC,PASS,5968,"{""p10"":4779,""p90"":6051}",Opportunity density is not a pool-tail outlier.
ABSOLUTELY,ABSOLUTELY-2d2cfa2c,TILE_PARTICIPATION,m10.gates.0,DIAGNOSTIC,WARN,1278,"""<=0.9""",Tile participation is uneven but not a hard validity failure.
ABSOLUTELY,ABSOLUTELY-2d2cfa2c,HEXALINK_SANITY,m10.gates.0,DIAGNOSTIC,PASS,0.272,""".01-.95""",Hexalink geometry and participation are non-pathological.
ABSOLUTELY,ABSOLUTELY-2d2cfa2c,HISTORICAL_SIMILARITY,m10.gates.0,QUALITY,PASS,82.74,"{""p10"":null,""p90"":null,""median"":null,""count"":0}",Historical envelope is in warm-up.
ABSOLUTELY,ABSOLUTELY-2d2cfa2c,SELECTION_MARGIN,m10.gates.0,QUALITY,PASS,"{""band"":""middle"",""rank"":6}","""middle band""",Candidate is in the selected relative region.
ABSOLUTELY,ABSOLUTELY-2d2cfa2c,MONTE_CARLO_STABILITY,m10.gates.0,QUALITY,PASS,0.5539496736742927,"""<=2""",REGULAR score uncertainty is bounded.
ABSOLUTELY,ABSOLUTELY-2d2cfa2c,PUBLIC_PRIVATE_SEPARATION,m10.gates.0,MANDATORY,PASS,true,true,Public artifact contains no private fields.
ABSOLUTELY,ABSOLUTELY-2d2cfa2c,ARTIFACT_SCHEMA,m10.gates.0,MANDATORY,PASS,true,true,"Public, private, and queue schemas passed."
ABSOLUTELY,ABSOLUTELY-2d2cfa2c,REPRODUCIBILITY,m10.gates.0,MANDATORY,PASS,true,true,Regeneration reproduced candidate identity and hashes.
ABSOLUTELY,ABSOLUTELY-a4bd075d,STRUCTURAL_CERTIFICATION,m10.gates.0,MANDATORY,PASS,"{""certified"":true,""score"":110}","""certified=true; replay score>=100""",M6 certification and Gold replay passed.
ABSOLUTELY,ABSOLUTELY-a4bd075d,DATA_INTEGRITY,m10.gates.0,MANDATORY,PASS,"{""policyVersion"":""m10.0"",""gateVersion"":""m10.gates.0"",""selectorVersion"":""m10.0"",""generatorVersion"":""m6.0"",""rulesVersion"":""qjynn-rules-local"",""vocabularyVersion"":""1.0"",""simulatorVersion"":""m8.1"",""playerModelVersion"":""m8.1.players.0"",""familiarity"":{""provider"":""wordfreq"",""sourceVersion"":""v3.2"",""packageVersion"":""3.1.1"",""sourceRevision"":""42233e6c36ce792031bcccfa17cdd0cec9af5fa7"",""normalizationVersion"":""zipf-linear-v1"",""source"":""https://github.com/rspeer/wordfreq"",""license"":""Apache-2.0 code; included source data requires CC BY-SA 4.0 attribution"",""wordlist"":""large"",""language"":""en""},""publicationValidatorVersion"":""m10.validator.0""}","""known versions and grid hash""",Required versions and grid hash are present.
ABSOLUTELY,ABSOLUTELY-a4bd075d,REAL_FAMILIARITY,m10.gates.0,MANDATORY,PASS,"{""provider"":""wordfreq"",""sourceVersion"":""v3.2"",""packageVersion"":""3.1.1"",""sourceRevision"":""42233e6c36ce792031bcccfa17cdd0cec9af5fa7"",""normalizationVersion"":""zipf-linear-v1"",""source"":""https://github.com/rspeer/wordfreq"",""license"":""Apache-2.0 code; included source data requires CC BY-SA 4.0 attribution"",""wordlist"":""large"",""language"":""en""}","""wordfreq with source and normalization metadata""",Approved real familiarity provider is active.
ABSOLUTELY,ABSOLUTELY-a4bd075d,COMPARATIVE_DIFFICULTY,m10.gates.0,QUALITY,PASS,"""middle""","""middle""",Candidate is in the preferred middle band.
ABSOLUTELY,ABSOLUTELY-a4bd075d,MEDAL_DISTRIBUTION,m10.gates.0,QUALITY,PASS,"{""gold"":0.072,""silver"":0.822,""bronze"":0.106}","""not degenerate""",REGULAR medal distribution is non-degenerate.
ABSOLUTELY,ABSOLUTELY-a4bd075d,VOCABULARY_ACCESSIBILITY,m10.gates.0,QUALITY,WARN,"{""rareWordDependency"":1,""meanPlayedFamiliarity"":0.3147494415123632}","""rare dependency<=.95 and familiarity>=.1""",Vocabulary accessibility is an extreme relative diagnostic.
ABSOLUTELY,ABSOLUTELY-a4bd075d,MOVE_SPACE_SANITY,m10.gates.0,DIAGNOSTIC,PASS,5416,"{""p10"":4779,""p90"":6051}",Opportunity density is not a pool-tail outlier.
ABSOLUTELY,ABSOLUTELY-a4bd075d,TILE_PARTICIPATION,m10.gates.0,DIAGNOSTIC,WARN,1610,"""<=0.9""",Tile participation is uneven but not a hard validity failure.
ABSOLUTELY,ABSOLUTELY-a4bd075d,HEXALINK_SANITY,m10.gates.0,DIAGNOSTIC,PASS,0.254,""".01-.95""",Hexalink geometry and participation are non-pathological.
ABSOLUTELY,ABSOLUTELY-a4bd075d,HISTORICAL_SIMILARITY,m10.gates.0,QUALITY,PASS,82.892,"{""p10"":null,""p90"":null,""median"":null,""count"":0}",Historical envelope is in warm-up.
ABSOLUTELY,ABSOLUTELY-a4bd075d,SELECTION_MARGIN,m10.gates.0,QUALITY,PASS,"{""band"":""middle"",""rank"":5}","""middle band""",Candidate is in the selected relative region.
ABSOLUTELY,ABSOLUTELY-a4bd075d,MONTE_CARLO_STABILITY,m10.gates.0,QUALITY,PASS,0.5306235174481775,"""<=2""",REGULAR score uncertainty is bounded.
ABSOLUTELY,ABSOLUTELY-a4bd075d,PUBLIC_PRIVATE_SEPARATION,m10.gates.0,MANDATORY,PASS,true,true,Public artifact contains no private fields.
ABSOLUTELY,ABSOLUTELY-a4bd075d,ARTIFACT_SCHEMA,m10.gates.0,MANDATORY,PASS,true,true,"Public, private, and queue schemas passed."
ABSOLUTELY,ABSOLUTELY-a4bd075d,REPRODUCIBILITY,m10.gates.0,MANDATORY,PASS,true,true,Regeneration reproduced candidate identity and hashes.
ABSOLUTELY,ABSOLUTELY-a37a3ef3,STRUCTURAL_CERTIFICATION,m10.gates.0,MANDATORY,PASS,"{""certified"":true,""score"":105}","""certified=true; replay score>=100""",M6 certification and Gold replay passed.
ABSOLUTELY,ABSOLUTELY-a37a3ef3,DATA_INTEGRITY,m10.gates.0,MANDATORY,PASS,"{""policyVersion"":""m10.0"",""gateVersion"":""m10.gates.0"",""selectorVersion"":""m10.0"",""generatorVersion"":""m6.0"",""rulesVersion"":""qjynn-rules-local"",""vocabularyVersion"":""1.0"",""simulatorVersion"":""m8.1"",""playerModelVersion"":""m8.1.players.0"",""familiarity"":{""provider"":""wordfreq"",""sourceVersion"":""v3.2"",""packageVersion"":""3.1.1"",""sourceRevision"":""42233e6c36ce792031bcccfa17cdd0cec9af5fa7"",""normalizationVersion"":""zipf-linear-v1"",""source"":""https://github.com/rspeer/wordfreq"",""license"":""Apache-2.0 code; included source data requires CC BY-SA 4.0 attribution"",""wordlist"":""large"",""language"":""en""},""publicationValidatorVersion"":""m10.validator.0""}","""known versions and grid hash""",Required versions and grid hash are present.
ABSOLUTELY,ABSOLUTELY-a37a3ef3,REAL_FAMILIARITY,m10.gates.0,MANDATORY,PASS,"{""provider"":""wordfreq"",""sourceVersion"":""v3.2"",""packageVersion"":""3.1.1"",""sourceRevision"":""42233e6c36ce792031bcccfa17cdd0cec9af5fa7"",""normalizationVersion"":""zipf-linear-v1"",""source"":""https://github.com/rspeer/wordfreq"",""license"":""Apache-2.0 code; included source data requires CC BY-SA 4.0 attribution"",""wordlist"":""large"",""language"":""en""}","""wordfreq with source and normalization metadata""",Approved real familiarity provider is active.
ABSOLUTELY,ABSOLUTELY-a37a3ef3,COMPARATIVE_DIFFICULTY,m10.gates.0,QUALITY,PASS,"""middle""","""middle""",Candidate is in the preferred middle band.
ABSOLUTELY,ABSOLUTELY-a37a3ef3,MEDAL_DISTRIBUTION,m10.gates.0,QUALITY,PASS,"{""gold"":0.082,""silver"":0.8,""bronze"":0.118}","""not degenerate""",REGULAR medal distribution is non-degenerate.
ABSOLUTELY,ABSOLUTELY-a37a3ef3,VOCABULARY_ACCESSIBILITY,m10.gates.0,QUALITY,WARN,"{""rareWordDependency"":1,""meanPlayedFamiliarity"":0.3076010664732217}","""rare dependency<=.95 and familiarity>=.1""",Vocabulary accessibility is an extreme relative diagnostic.
ABSOLUTELY,ABSOLUTELY-a37a3ef3,MOVE_SPACE_SANITY,m10.gates.0,DIAGNOSTIC,PASS,5544,"{""p10"":4779,""p90"":6051}",Opportunity density is not a pool-tail outlier.
ABSOLUTELY,ABSOLUTELY-a37a3ef3,TILE_PARTICIPATION,m10.gates.0,DIAGNOSTIC,WARN,1772,"""<=0.9""",Tile participation is uneven but not a hard validity failure.
ABSOLUTELY,ABSOLUTELY-a37a3ef3,HEXALINK_SANITY,m10.gates.0,DIAGNOSTIC,PASS,0.23,""".01-.95""",Hexalink geometry and participation are non-pathological.
ABSOLUTELY,ABSOLUTELY-a37a3ef3,HISTORICAL_SIMILARITY,m10.gates.0,QUALITY,PASS,82.478,"{""p10"":null,""p90"":null,""median"":null,""count"":0}",Historical envelope is in warm-up.
ABSOLUTELY,ABSOLUTELY-a37a3ef3,SELECTION_MARGIN,m10.gates.0,QUALITY,PASS,"{""band"":""middle"",""rank"":7}","""middle band""",Candidate is in the selected relative region.
ABSOLUTELY,ABSOLUTELY-a37a3ef3,MONTE_CARLO_STABILITY,m10.gates.0,QUALITY,PASS,0.49318012382713927,"""<=2""",REGULAR score uncertainty is bounded.
ABSOLUTELY,ABSOLUTELY-a37a3ef3,PUBLIC_PRIVATE_SEPARATION,m10.gates.0,MANDATORY,PASS,true,true,Public artifact contains no private fields.
ABSOLUTELY,ABSOLUTELY-a37a3ef3,ARTIFACT_SCHEMA,m10.gates.0,MANDATORY,PASS,true,true,"Public, private, and queue schemas passed."
ABSOLUTELY,ABSOLUTELY-a37a3ef3,REPRODUCIBILITY,m10.gates.0,MANDATORY,PASS,true,true,Regeneration reproduced candidate identity and hashes.
ACCESSIBLE,ACCESSIBLE-fcea923,STRUCTURAL_CERTIFICATION,m10.gates.0,MANDATORY,PASS,"{""certified"":true,""score"":110}","""certified=true; replay score>=100""",M6 certification and Gold replay passed.
ACCESSIBLE,ACCESSIBLE-fcea923,DATA_INTEGRITY,m10.gates.0,MANDATORY,PASS,"{""policyVersion"":""m10.0"",""gateVersion"":""m10.gates.0"",""selectorVersion"":""m10.0"",""generatorVersion"":""m6.0"",""rulesVersion"":""qjynn-rules-local"",""vocabularyVersion"":""1.0"",""simulatorVersion"":""m8.1"",""playerModelVersion"":""m8.1.players.0"",""familiarity"":{""provider"":""wordfreq"",""sourceVersion"":""v3.2"",""packageVersion"":""3.1.1"",""sourceRevision"":""42233e6c36ce792031bcccfa17cdd0cec9af5fa7"",""normalizationVersion"":""zipf-linear-v1"",""source"":""https://github.com/rspeer/wordfreq"",""license"":""Apache-2.0 code; included source data requires CC BY-SA 4.0 attribution"",""wordlist"":""large"",""language"":""en""},""publicationValidatorVersion"":""m10.validator.0""}","""known versions and grid hash""",Required versions and grid hash are present.
ACCESSIBLE,ACCESSIBLE-fcea923,REAL_FAMILIARITY,m10.gates.0,MANDATORY,PASS,"{""provider"":""wordfreq"",""sourceVersion"":""v3.2"",""packageVersion"":""3.1.1"",""sourceRevision"":""42233e6c36ce792031bcccfa17cdd0cec9af5fa7"",""normalizationVersion"":""zipf-linear-v1"",""source"":""https://github.com/rspeer/wordfreq"",""license"":""Apache-2.0 code; included source data requires CC BY-SA 4.0 attribution"",""wordlist"":""large"",""language"":""en""}","""wordfreq with source and normalization metadata""",Approved real familiarity provider is active.
ACCESSIBLE,ACCESSIBLE-fcea923,COMPARATIVE_DIFFICULTY,m10.gates.0,QUALITY,PASS,"""middle""","""middle""",Candidate is in the preferred middle band.
ACCESSIBLE,ACCESSIBLE-fcea923,MEDAL_DISTRIBUTION,m10.gates.0,QUALITY,PASS,"{""gold"":0.076,""silver"":0.77,""bronze"":0.154}","""not degenerate""",REGULAR medal distribution is non-degenerate.
ACCESSIBLE,ACCESSIBLE-fcea923,VOCABULARY_ACCESSIBILITY,m10.gates.0,QUALITY,WARN,"{""rareWordDependency"":1,""meanPlayedFamiliarity"":0.3147260865876319}","""rare dependency<=.95 and familiarity>=.1""",Vocabulary accessibility is an extreme relative diagnostic.
ACCESSIBLE,ACCESSIBLE-fcea923,MOVE_SPACE_SANITY,m10.gates.0,DIAGNOSTIC,PASS,4240,"{""p10"":4240,""p90"":5956}",Opportunity density is not a pool-tail outlier.
ACCESSIBLE,ACCESSIBLE-fcea923,TILE_PARTICIPATION,m10.gates.0,DIAGNOSTIC,WARN,1308,"""<=0.9""",Tile participation is uneven but not a hard validity failure.
ACCESSIBLE,ACCESSIBLE-fcea923,HEXALINK_SANITY,m10.gates.0,DIAGNOSTIC,PASS,0.292,""".01-.95""",Hexalink geometry and participation are non-pathological.
ACCESSIBLE,ACCESSIBLE-fcea923,HISTORICAL_SIMILARITY,m10.gates.0,QUALITY,PASS,81.74,"{""p10"":null,""p90"":null,""median"":null,""count"":0}",Historical envelope is in warm-up.
ACCESSIBLE,ACCESSIBLE-fcea923,SELECTION_MARGIN,m10.gates.0,QUALITY,PASS,"{""band"":""middle"",""rank"":6}","""middle band""",Candidate is in the selected relative region.
ACCESSIBLE,ACCESSIBLE-fcea923,MONTE_CARLO_STABILITY,m10.gates.0,QUALITY,PASS,0.525444955829272,"""<=2""",REGULAR score uncertainty is bounded.
ACCESSIBLE,ACCESSIBLE-fcea923,PUBLIC_PRIVATE_SEPARATION,m10.gates.0,MANDATORY,PASS,true,true,Public artifact contains no private fields.
ACCESSIBLE,ACCESSIBLE-fcea923,ARTIFACT_SCHEMA,m10.gates.0,MANDATORY,PASS,true,true,"Public, private, and queue schemas passed."
ACCESSIBLE,ACCESSIBLE-fcea923,REPRODUCIBILITY,m10.gates.0,MANDATORY,PASS,true,true,Regeneration reproduced candidate identity and hashes.
ACCESSIBLE,ACCESSIBLE-5f4e22ee,STRUCTURAL_CERTIFICATION,m10.gates.0,MANDATORY,PASS,"{""certified"":true,""score"":125}","""certified=true; replay score>=100""",M6 certification and Gold replay passed.
ACCESSIBLE,ACCESSIBLE-5f4e22ee,DATA_INTEGRITY,m10.gates.0,MANDATORY,PASS,"{""policyVersion"":""m10.0"",""gateVersion"":""m10.gates.0"",""selectorVersion"":""m10.0"",""generatorVersion"":""m6.0"",""rulesVersion"":""qjynn-rules-local"",""vocabularyVersion"":""1.0"",""simulatorVersion"":""m8.1"",""playerModelVersion"":""m8.1.players.0"",""familiarity"":{""provider"":""wordfreq"",""sourceVersion"":""v3.2"",""packageVersion"":""3.1.1"",""sourceRevision"":""42233e6c36ce792031bcccfa17cdd0cec9af5fa7"",""normalizationVersion"":""zipf-linear-v1"",""source"":""https://github.com/rspeer/wordfreq"",""license"":""Apache-2.0 code; included source data requires CC BY-SA 4.0 attribution"",""wordlist"":""large"",""language"":""en""},""publicationValidatorVersion"":""m10.validator.0""}","""known versions and grid hash""",Required versions and grid hash are present.
ACCESSIBLE,ACCESSIBLE-5f4e22ee,REAL_FAMILIARITY,m10.gates.0,MANDATORY,PASS,"{""provider"":""wordfreq"",""sourceVersion"":""v3.2"",""packageVersion"":""3.1.1"",""sourceRevision"":""42233e6c36ce792031bcccfa17cdd0cec9af5fa7"",""normalizationVersion"":""zipf-linear-v1"",""source"":""https://github.com/rspeer/wordfreq"",""license"":""Apache-2.0 code; included source data requires CC BY-SA 4.0 attribution"",""wordlist"":""large"",""language"":""en""}","""wordfreq with source and normalization metadata""",Approved real familiarity provider is active.
ACCESSIBLE,ACCESSIBLE-5f4e22ee,COMPARATIVE_DIFFICULTY,m10.gates.0,QUALITY,PASS,"""middle""","""middle""",Candidate is in the preferred middle band.
ACCESSIBLE,ACCESSIBLE-5f4e22ee,MEDAL_DISTRIBUTION,m10.gates.0,QUALITY,PASS,"{""gold"":0.072,""silver"":0.814,""bronze"":0.114}","""not degenerate""",REGULAR medal distribution is non-degenerate.
ACCESSIBLE,ACCESSIBLE-5f4e22ee,VOCABULARY_ACCESSIBILITY,m10.gates.0,QUALITY,WARN,"{""rareWordDependency"":1,""meanPlayedFamiliarity"":0.30350323761974457}","""rare dependency<=.95 and familiarity>=.1""",Vocabulary accessibility is an extreme relative diagnostic.
ACCESSIBLE,ACCESSIBLE-5f4e22ee,MOVE_SPACE_SANITY,m10.gates.0,DIAGNOSTIC,PASS,5644,"{""p10"":4240,""p90"":5956}",Opportunity density is not a pool-tail outlier.
ACCESSIBLE,ACCESSIBLE-5f4e22ee,TILE_PARTICIPATION,m10.gates.0,DIAGNOSTIC,WARN,2066,"""<=0.9""",Tile participation is uneven but not a hard validity failure.
ACCESSIBLE,ACCESSIBLE-5f4e22ee,HEXALINK_SANITY,m10.gates.0,DIAGNOSTIC,PASS,0.21,""".01-.95""",Hexalink geometry and participation are non-pathological.
ACCESSIBLE,ACCESSIBLE-5f4e22ee,HISTORICAL_SIMILARITY,m10.gates.0,QUALITY,PASS,81.53,"{""p10"":null,""p90"":null,""median"":null,""count"":0}",Historical envelope is in warm-up.
ACCESSIBLE,ACCESSIBLE-5f4e22ee,SELECTION_MARGIN,m10.gates.0,QUALITY,PASS,"{""band"":""middle"",""rank"":7}","""middle band""",Candidate is in the selected relative region.
ACCESSIBLE,ACCESSIBLE-5f4e22ee,MONTE_CARLO_STABILITY,m10.gates.0,QUALITY,PASS,0.5719460473895225,"""<=2""",REGULAR score uncertainty is bounded.
ACCESSIBLE,ACCESSIBLE-5f4e22ee,PUBLIC_PRIVATE_SEPARATION,m10.gates.0,MANDATORY,PASS,true,true,Public artifact contains no private fields.
ACCESSIBLE,ACCESSIBLE-5f4e22ee,ARTIFACT_SCHEMA,m10.gates.0,MANDATORY,PASS,true,true,"Public, private, and queue schemas passed."
ACCESSIBLE,ACCESSIBLE-5f4e22ee,REPRODUCIBILITY,m10.gates.0,MANDATORY,PASS,true,true,Regeneration reproduced candidate identity and hashes.
ACCESSIBLE,ACCESSIBLE-ec65c801,STRUCTURAL_CERTIFICATION,m10.gates.0,MANDATORY,PASS,"{""certified"":true,""score"":105}","""certified=true; replay score>=100""",M6 certification and Gold replay passed.
ACCESSIBLE,ACCESSIBLE-ec65c801,DATA_INTEGRITY,m10.gates.0,MANDATORY,PASS,"{""policyVersion"":""m10.0"",""gateVersion"":""m10.gates.0"",""selectorVersion"":""m10.0"",""generatorVersion"":""m6.0"",""rulesVersion"":""qjynn-rules-local"",""vocabularyVersion"":""1.0"",""simulatorVersion"":""m8.1"",""playerModelVersion"":""m8.1.players.0"",""familiarity"":{""provider"":""wordfreq"",""sourceVersion"":""v3.2"",""packageVersion"":""3.1.1"",""sourceRevision"":""42233e6c36ce792031bcccfa17cdd0cec9af5fa7"",""normalizationVersion"":""zipf-linear-v1"",""source"":""https://github.com/rspeer/wordfreq"",""license"":""Apache-2.0 code; included source data requires CC BY-SA 4.0 attribution"",""wordlist"":""large"",""language"":""en""},""publicationValidatorVersion"":""m10.validator.0""}","""known versions and grid hash""",Required versions and grid hash are present.
ACCESSIBLE,ACCESSIBLE-ec65c801,REAL_FAMILIARITY,m10.gates.0,MANDATORY,PASS,"{""provider"":""wordfreq"",""sourceVersion"":""v3.2"",""packageVersion"":""3.1.1"",""sourceRevision"":""42233e6c36ce792031bcccfa17cdd0cec9af5fa7"",""normalizationVersion"":""zipf-linear-v1"",""source"":""https://github.com/rspeer/wordfreq"",""license"":""Apache-2.0 code; included source data requires CC BY-SA 4.0 attribution"",""wordlist"":""large"",""language"":""en""}","""wordfreq with source and normalization metadata""",Approved real familiarity provider is active.
ACCESSIBLE,ACCESSIBLE-ec65c801,COMPARATIVE_DIFFICULTY,m10.gates.0,QUALITY,PASS,"""middle""","""middle""",Candidate is in the preferred middle band.
ACCESSIBLE,ACCESSIBLE-ec65c801,MEDAL_DISTRIBUTION,m10.gates.0,QUALITY,PASS,"{""gold"":0.088,""silver"":0.782,""bronze"":0.13}","""not degenerate""",REGULAR medal distribution is non-degenerate.
ACCESSIBLE,ACCESSIBLE-ec65c801,VOCABULARY_ACCESSIBILITY,m10.gates.0,QUALITY,WARN,"{""rareWordDependency"":1,""meanPlayedFamiliarity"":0.293781323988776}","""rare dependency<=.95 and familiarity>=.1""",Vocabulary accessibility is an extreme relative diagnostic.
ACCESSIBLE,ACCESSIBLE-ec65c801,MOVE_SPACE_SANITY,m10.gates.0,DIAGNOSTIC,PASS,4938,"{""p10"":4240,""p90"":5956}",Opportunity density is not a pool-tail outlier.
ACCESSIBLE,ACCESSIBLE-ec65c801,TILE_PARTICIPATION,m10.gates.0,DIAGNOSTIC,WARN,1517,"""<=0.9""",Tile participation is uneven but not a hard validity failure.
ACCESSIBLE,ACCESSIBLE-ec65c801,HEXALINK_SANITY,m10.gates.0,DIAGNOSTIC,PASS,0.234,""".01-.95""",Hexalink geometry and participation are non-pathological.
ACCESSIBLE,ACCESSIBLE-ec65c801,HISTORICAL_SIMILARITY,m10.gates.0,QUALITY,PASS,82.238,"{""p10"":null,""p90"":null,""median"":null,""count"":0}",Historical envelope is in warm-up.
ACCESSIBLE,ACCESSIBLE-ec65c801,SELECTION_MARGIN,m10.gates.0,QUALITY,PASS,"{""band"":""middle"",""rank"":5}","""middle band""",Candidate is in the selected relative region.
ACCESSIBLE,ACCESSIBLE-ec65c801,MONTE_CARLO_STABILITY,m10.gates.0,QUALITY,PASS,0.57512475336027,"""<=2""",REGULAR score uncertainty is bounded.
ACCESSIBLE,ACCESSIBLE-ec65c801,PUBLIC_PRIVATE_SEPARATION,m10.gates.0,MANDATORY,PASS,true,true,Public artifact contains no private fields.
ACCESSIBLE,ACCESSIBLE-ec65c801,ARTIFACT_SCHEMA,m10.gates.0,MANDATORY,PASS,true,true,"Public, private, and queue schemas passed."
ACCESSIBLE,ACCESSIBLE-ec65c801,REPRODUCIBILITY,m10.gates.0,MANDATORY,PASS,true,true,Regeneration reproduced candidate identity and hashes.
ACCOUNTING,ACCOUNTING-438165fc,STRUCTURAL_CERTIFICATION,m10.gates.0,MANDATORY,PASS,"{""certified"":true,""score"":110}","""certified=true; replay score>=100""",M6 certification and Gold replay passed.
ACCOUNTING,ACCOUNTING-438165fc,DATA_INTEGRITY,m10.gates.0,MANDATORY,PASS,"{""policyVersion"":""m10.0"",""gateVersion"":""m10.gates.0"",""selectorVersion"":""m10.0"",""generatorVersion"":""m6.0"",""rulesVersion"":""qjynn-rules-local"",""vocabularyVersion"":""1.0"",""simulatorVersion"":""m8.1"",""playerModelVersion"":""m8.1.players.0"",""familiarity"":{""provider"":""wordfreq"",""sourceVersion"":""v3.2"",""packageVersion"":""3.1.1"",""sourceRevision"":""42233e6c36ce792031bcccfa17cdd0cec9af5fa7"",""normalizationVersion"":""zipf-linear-v1"",""source"":""https://github.com/rspeer/wordfreq"",""license"":""Apache-2.0 code; included source data requires CC BY-SA 4.0 attribution"",""wordlist"":""large"",""language"":""en""},""publicationValidatorVersion"":""m10.validator.0""}","""known versions and grid hash""",Required versions and grid hash are present.
ACCOUNTING,ACCOUNTING-438165fc,REAL_FAMILIARITY,m10.gates.0,MANDATORY,PASS,"{""provider"":""wordfreq"",""sourceVersion"":""v3.2"",""packageVersion"":""3.1.1"",""sourceRevision"":""42233e6c36ce792031bcccfa17cdd0cec9af5fa7"",""normalizationVersion"":""zipf-linear-v1"",""source"":""https://github.com/rspeer/wordfreq"",""license"":""Apache-2.0 code; included source data requires CC BY-SA 4.0 attribution"",""wordlist"":""large"",""language"":""en""}","""wordfreq with source and normalization metadata""",Approved real familiarity provider is active.
ACCOUNTING,ACCOUNTING-438165fc,COMPARATIVE_DIFFICULTY,m10.gates.0,QUALITY,PASS,"""middle""","""middle""",Candidate is in the preferred middle band.
ACCOUNTING,ACCOUNTING-438165fc,MEDAL_DISTRIBUTION,m10.gates.0,QUALITY,PASS,"{""gold"":0.098,""silver"":0.776,""bronze"":0.126}","""not degenerate""",REGULAR medal distribution is non-degenerate.
ACCOUNTING,ACCOUNTING-438165fc,VOCABULARY_ACCESSIBILITY,m10.gates.0,QUALITY,WARN,"{""rareWordDependency"":1,""meanPlayedFamiliarity"":0.3029657442377306}","""rare dependency<=.95 and familiarity>=.1""",Vocabulary accessibility is an extreme relative diagnostic.
ACCOUNTING,ACCOUNTING-438165fc,MOVE_SPACE_SANITY,m10.gates.0,DIAGNOSTIC,PASS,5854,"{""p10"":4830,""p90"":6095}",Opportunity density is not a pool-tail outlier.
ACCOUNTING,ACCOUNTING-438165fc,TILE_PARTICIPATION,m10.gates.0,DIAGNOSTIC,WARN,1221,"""<=0.9""",Tile participation is uneven but not a hard validity failure.
ACCOUNTING,ACCOUNTING-438165fc,HEXALINK_SANITY,m10.gates.0,DIAGNOSTIC,PASS,0.26,""".01-.95""",Hexalink geometry and participation are non-pathological.
ACCOUNTING,ACCOUNTING-438165fc,HISTORICAL_SIMILARITY,m10.gates.0,QUALITY,PASS,82.802,"{""p10"":null,""p90"":null,""median"":null,""count"":0}",Historical envelope is in warm-up.
ACCOUNTING,ACCOUNTING-438165fc,SELECTION_MARGIN,m10.gates.0,QUALITY,PASS,"{""band"":""middle"",""rank"":6}","""middle band""",Candidate is in the selected relative region.
ACCOUNTING,ACCOUNTING-438165fc,MONTE_CARLO_STABILITY,m10.gates.0,QUALITY,PASS,0.5274256338070668,"""<=2""",REGULAR score uncertainty is bounded.
ACCOUNTING,ACCOUNTING-438165fc,PUBLIC_PRIVATE_SEPARATION,m10.gates.0,MANDATORY,PASS,true,true,Public artifact contains no private fields.
ACCOUNTING,ACCOUNTING-438165fc,ARTIFACT_SCHEMA,m10.gates.0,MANDATORY,PASS,true,true,"Public, private, and queue schemas passed."
ACCOUNTING,ACCOUNTING-438165fc,REPRODUCIBILITY,m10.gates.0,MANDATORY,PASS,true,true,Regeneration reproduced candidate identity and hashes.
ACCOUNTING,ACCOUNTING-75d63bd5,STRUCTURAL_CERTIFICATION,m10.gates.0,MANDATORY,PASS,"{""certified"":true,""score"":110}","""certified=true; replay score>=100""",M6 certification and Gold replay passed.
ACCOUNTING,ACCOUNTING-75d63bd5,DATA_INTEGRITY,m10.gates.0,MANDATORY,PASS,"{""policyVersion"":""m10.0"",""gateVersion"":""m10.gates.0"",""selectorVersion"":""m10.0"",""generatorVersion"":""m6.0"",""rulesVersion"":""qjynn-rules-local"",""vocabularyVersion"":""1.0"",""simulatorVersion"":""m8.1"",""playerModelVersion"":""m8.1.players.0"",""familiarity"":{""provider"":""wordfreq"",""sourceVersion"":""v3.2"",""packageVersion"":""3.1.1"",""sourceRevision"":""42233e6c36ce792031bcccfa17cdd0cec9af5fa7"",""normalizationVersion"":""zipf-linear-v1"",""source"":""https://github.com/rspeer/wordfreq"",""license"":""Apache-2.0 code; included source data requires CC BY-SA 4.0 attribution"",""wordlist"":""large"",""language"":""en""},""publicationValidatorVersion"":""m10.validator.0""}","""known versions and grid hash""",Required versions and grid hash are present.
ACCOUNTING,ACCOUNTING-75d63bd5,REAL_FAMILIARITY,m10.gates.0,MANDATORY,PASS,"{""provider"":""wordfreq"",""sourceVersion"":""v3.2"",""packageVersion"":""3.1.1"",""sourceRevision"":""42233e6c36ce792031bcccfa17cdd0cec9af5fa7"",""normalizationVersion"":""zipf-linear-v1"",""source"":""https://github.com/rspeer/wordfreq"",""license"":""Apache-2.0 code; included source data requires CC BY-SA 4.0 attribution"",""wordlist"":""large"",""language"":""en""}","""wordfreq with source and normalization metadata""",Approved real familiarity provider is active.
ACCOUNTING,ACCOUNTING-75d63bd5,COMPARATIVE_DIFFICULTY,m10.gates.0,QUALITY,PASS,"""middle""","""middle""",Candidate is in the preferred middle band.
ACCOUNTING,ACCOUNTING-75d63bd5,MEDAL_DISTRIBUTION,m10.gates.0,QUALITY,PASS,"{""gold"":0.092,""silver"":0.798,""bronze"":0.11}","""not degenerate""",REGULAR medal distribution is non-degenerate.
ACCOUNTING,ACCOUNTING-75d63bd5,VOCABULARY_ACCESSIBILITY,m10.gates.0,QUALITY,WARN,"{""rareWordDependency"":1,""meanPlayedFamiliarity"":0.30506989975590787}","""rare dependency<=.95 and familiarity>=.1""",Vocabulary accessibility is an extreme relative diagnostic.
ACCOUNTING,ACCOUNTING-75d63bd5,MOVE_SPACE_SANITY,m10.gates.0,DIAGNOSTIC,WARN,6218,"{""p10"":4830,""p90"":6095}",Opportunity density is in a pool tail.
ACCOUNTING,ACCOUNTING-75d63bd5,TILE_PARTICIPATION,m10.gates.0,DIAGNOSTIC,WARN,2636,"""<=0.9""",Tile participation is uneven but not a hard validity failure.
ACCOUNTING,ACCOUNTING-75d63bd5,HEXALINK_SANITY,m10.gates.0,DIAGNOSTIC,PASS,0.186,""".01-.95""",Hexalink geometry and participation are non-pathological.
ACCOUNTING,ACCOUNTING-75d63bd5,HISTORICAL_SIMILARITY,m10.gates.0,QUALITY,PASS,82.804,"{""p10"":null,""p90"":null,""median"":null,""count"":0}",Historical envelope is in warm-up.
ACCOUNTING,ACCOUNTING-75d63bd5,SELECTION_MARGIN,m10.gates.0,QUALITY,PASS,"{""band"":""middle"",""rank"":5}","""middle band""",Candidate is in the selected relative region.
ACCOUNTING,ACCOUNTING-75d63bd5,MONTE_CARLO_STABILITY,m10.gates.0,QUALITY,PASS,0.5801266999128786,"""<=2""",REGULAR score uncertainty is bounded.
ACCOUNTING,ACCOUNTING-75d63bd5,PUBLIC_PRIVATE_SEPARATION,m10.gates.0,MANDATORY,PASS,true,true,Public artifact contains no private fields.
ACCOUNTING,ACCOUNTING-75d63bd5,ARTIFACT_SCHEMA,m10.gates.0,MANDATORY,PASS,true,true,"Public, private, and queue schemas passed."
ACCOUNTING,ACCOUNTING-75d63bd5,REPRODUCIBILITY,m10.gates.0,MANDATORY,PASS,true,true,Regeneration reproduced candidate identity and hashes.
ACCOUNTING,ACCOUNTING-d70baab0,STRUCTURAL_CERTIFICATION,m10.gates.0,MANDATORY,PASS,"{""certified"":true,""score"":110}","""certified=true; replay score>=100""",M6 certification and Gold replay passed.
ACCOUNTING,ACCOUNTING-d70baab0,DATA_INTEGRITY,m10.gates.0,MANDATORY,PASS,"{""policyVersion"":""m10.0"",""gateVersion"":""m10.gates.0"",""selectorVersion"":""m10.0"",""generatorVersion"":""m6.0"",""rulesVersion"":""qjynn-rules-local"",""vocabularyVersion"":""1.0"",""simulatorVersion"":""m8.1"",""playerModelVersion"":""m8.1.players.0"",""familiarity"":{""provider"":""wordfreq"",""sourceVersion"":""v3.2"",""packageVersion"":""3.1.1"",""sourceRevision"":""42233e6c36ce792031bcccfa17cdd0cec9af5fa7"",""normalizationVersion"":""zipf-linear-v1"",""source"":""https://github.com/rspeer/wordfreq"",""license"":""Apache-2.0 code; included source data requires CC BY-SA 4.0 attribution"",""wordlist"":""large"",""language"":""en""},""publicationValidatorVersion"":""m10.validator.0""}","""known versions and grid hash""",Required versions and grid hash are present.
ACCOUNTING,ACCOUNTING-d70baab0,REAL_FAMILIARITY,m10.gates.0,MANDATORY,PASS,"{""provider"":""wordfreq"",""sourceVersion"":""v3.2"",""packageVersion"":""3.1.1"",""sourceRevision"":""42233e6c36ce792031bcccfa17cdd0cec9af5fa7"",""normalizationVersion"":""zipf-linear-v1"",""source"":""https://github.com/rspeer/wordfreq"",""license"":""Apache-2.0 code; included source data requires CC BY-SA 4.0 attribution"",""wordlist"":""large"",""language"":""en""}","""wordfreq with source and normalization metadata""",Approved real familiarity provider is active.
ACCOUNTING,ACCOUNTING-d70baab0,COMPARATIVE_DIFFICULTY,m10.gates.0,QUALITY,PASS,"""middle""","""middle""",Candidate is in the preferred middle band.
ACCOUNTING,ACCOUNTING-d70baab0,MEDAL_DISTRIBUTION,m10.gates.0,QUALITY,PASS,"{""gold"":0.064,""silver"":0.806,""bronze"":0.13}","""not degenerate""",REGULAR medal distribution is non-degenerate.
ACCOUNTING,ACCOUNTING-d70baab0,VOCABULARY_ACCESSIBILITY,m10.gates.0,QUALITY,WARN,"{""rareWordDependency"":1,""meanPlayedFamiliarity"":0.2928415292267259}","""rare dependency<=.95 and familiarity>=.1""",Vocabulary accessibility is an extreme relative diagnostic.
ACCOUNTING,ACCOUNTING-d70baab0,MOVE_SPACE_SANITY,m10.gates.0,DIAGNOSTIC,PASS,5643,"{""p10"":4830,""p90"":6095}",Opportunity density is not a pool-tail outlier.
ACCOUNTING,ACCOUNTING-d70baab0,TILE_PARTICIPATION,m10.gates.0,DIAGNOSTIC,WARN,2294,"""<=0.9""",Tile participation is uneven but not a hard validity failure.
ACCOUNTING,ACCOUNTING-d70baab0,HEXALINK_SANITY,m10.gates.0,DIAGNOSTIC,PASS,0.208,""".01-.95""",Hexalink geometry and participation are non-pathological.
ACCOUNTING,ACCOUNTING-d70baab0,HISTORICAL_SIMILARITY,m10.gates.0,QUALITY,PASS,82.168,"{""p10"":null,""p90"":null,""median"":null,""count"":0}",Historical envelope is in warm-up.
ACCOUNTING,ACCOUNTING-d70baab0,SELECTION_MARGIN,m10.gates.0,QUALITY,PASS,"{""band"":""middle"",""rank"":7}","""middle band""",Candidate is in the selected relative region.
ACCOUNTING,ACCOUNTING-d70baab0,MONTE_CARLO_STABILITY,m10.gates.0,QUALITY,PASS,0.5388808572525589,"""<=2""",REGULAR score uncertainty is bounded.
ACCOUNTING,ACCOUNTING-d70baab0,PUBLIC_PRIVATE_SEPARATION,m10.gates.0,MANDATORY,PASS,true,true,Public artifact contains no private fields.
ACCOUNTING,ACCOUNTING-d70baab0,ARTIFACT_SCHEMA,m10.gates.0,MANDATORY,PASS,true,true,"Public, private, and queue schemas passed."
ACCOUNTING,ACCOUNTING-d70baab0,REPRODUCIBILITY,m10.gates.0,MANDATORY,PASS,true,true,Regeneration reproduced candidate identity and hashes.
ADVENTURES,ADVENTURES-d1f01309,STRUCTURAL_CERTIFICATION,m10.gates.0,MANDATORY,PASS,"{""certified"":true,""score"":110}","""certified=true; replay score>=100""",M6 certification and Gold replay passed.
ADVENTURES,ADVENTURES-d1f01309,DATA_INTEGRITY,m10.gates.0,MANDATORY,PASS,"{""policyVersion"":""m10.0"",""gateVersion"":""m10.gates.0"",""selectorVersion"":""m10.0"",""generatorVersion"":""m6.0"",""rulesVersion"":""qjynn-rules-local"",""vocabularyVersion"":""1.0"",""simulatorVersion"":""m8.1"",""playerModelVersion"":""m8.1.players.0"",""familiarity"":{""provider"":""wordfreq"",""sourceVersion"":""v3.2"",""packageVersion"":""3.1.1"",""sourceRevision"":""42233e6c36ce792031bcccfa17cdd0cec9af5fa7"",""normalizationVersion"":""zipf-linear-v1"",""source"":""https://github.com/rspeer/wordfreq"",""license"":""Apache-2.0 code; included source data requires CC BY-SA 4.0 attribution"",""wordlist"":""large"",""language"":""en""},""publicationValidatorVersion"":""m10.validator.0""}","""known versions and grid hash""",Required versions and grid hash are present.
ADVENTURES,ADVENTURES-d1f01309,REAL_FAMILIARITY,m10.gates.0,MANDATORY,PASS,"{""provider"":""wordfreq"",""sourceVersion"":""v3.2"",""packageVersion"":""3.1.1"",""sourceRevision"":""42233e6c36ce792031bcccfa17cdd0cec9af5fa7"",""normalizationVersion"":""zipf-linear-v1"",""source"":""https://github.com/rspeer/wordfreq"",""license"":""Apache-2.0 code; included source data requires CC BY-SA 4.0 attribution"",""wordlist"":""large"",""language"":""en""}","""wordfreq with source and normalization metadata""",Approved real familiarity provider is active.
ADVENTURES,ADVENTURES-d1f01309,COMPARATIVE_DIFFICULTY,m10.gates.0,QUALITY,PASS,"""middle""","""middle""",Candidate is in the preferred middle band.
ADVENTURES,ADVENTURES-d1f01309,MEDAL_DISTRIBUTION,m10.gates.0,QUALITY,PASS,"{""gold"":0.12,""silver"":0.772,""bronze"":0.108}","""not degenerate""",REGULAR medal distribution is non-degenerate.
ADVENTURES,ADVENTURES-d1f01309,VOCABULARY_ACCESSIBILITY,m10.gates.0,QUALITY,WARN,"{""rareWordDependency"":1,""meanPlayedFamiliarity"":0.31907904329666664}","""rare dependency<=.95 and familiarity>=.1""",Vocabulary accessibility is an extreme relative diagnostic.
ADVENTURES,ADVENTURES-d1f01309,MOVE_SPACE_SANITY,m10.gates.0,DIAGNOSTIC,PASS,5763,"{""p10"":4975,""p90"":5943}",Opportunity density is not a pool-tail outlier.
ADVENTURES,ADVENTURES-d1f01309,TILE_PARTICIPATION,m10.gates.0,DIAGNOSTIC,WARN,2519,"""<=0.9""",Tile participation is uneven but not a hard validity failure.
ADVENTURES,ADVENTURES-d1f01309,HEXALINK_SANITY,m10.gates.0,DIAGNOSTIC,PASS,0.254,""".01-.95""",Hexalink geometry and participation are non-pathological.
ADVENTURES,ADVENTURES-d1f01309,HISTORICAL_SIMILARITY,m10.gates.0,QUALITY,PASS,83.836,"{""p10"":null,""p90"":null,""median"":null,""count"":0}",Historical envelope is in warm-up.
ADVENTURES,ADVENTURES-d1f01309,SELECTION_MARGIN,m10.gates.0,QUALITY,PASS,"{""band"":""middle"",""rank"":6}","""middle band""",Candidate is in the selected relative region.
ADVENTURES,ADVENTURES-d1f01309,MONTE_CARLO_STABILITY,m10.gates.0,QUALITY,PASS,0.5687065292977249,"""<=2""",REGULAR score uncertainty is bounded.
ADVENTURES,ADVENTURES-d1f01309,PUBLIC_PRIVATE_SEPARATION,m10.gates.0,MANDATORY,PASS,true,true,Public artifact contains no private fields.
ADVENTURES,ADVENTURES-d1f01309,ARTIFACT_SCHEMA,m10.gates.0,MANDATORY,PASS,true,true,"Public, private, and queue schemas passed."
ADVENTURES,ADVENTURES-d1f01309,REPRODUCIBILITY,m10.gates.0,MANDATORY,PASS,true,true,Regeneration reproduced candidate identity and hashes.
ADVENTURES,ADVENTURES-e4267b05,STRUCTURAL_CERTIFICATION,m10.gates.0,MANDATORY,PASS,"{""certified"":true,""score"":100}","""certified=true; replay score>=100""",M6 certification and Gold replay passed.
ADVENTURES,ADVENTURES-e4267b05,DATA_INTEGRITY,m10.gates.0,MANDATORY,PASS,"{""policyVersion"":""m10.0"",""gateVersion"":""m10.gates.0"",""selectorVersion"":""m10.0"",""generatorVersion"":""m6.0"",""rulesVersion"":""qjynn-rules-local"",""vocabularyVersion"":""1.0"",""simulatorVersion"":""m8.1"",""playerModelVersion"":""m8.1.players.0"",""familiarity"":{""provider"":""wordfreq"",""sourceVersion"":""v3.2"",""packageVersion"":""3.1.1"",""sourceRevision"":""42233e6c36ce792031bcccfa17cdd0cec9af5fa7"",""normalizationVersion"":""zipf-linear-v1"",""source"":""https://github.com/rspeer/wordfreq"",""license"":""Apache-2.0 code; included source data requires CC BY-SA 4.0 attribution"",""wordlist"":""large"",""language"":""en""},""publicationValidatorVersion"":""m10.validator.0""}","""known versions and grid hash""",Required versions and grid hash are present.
ADVENTURES,ADVENTURES-e4267b05,REAL_FAMILIARITY,m10.gates.0,MANDATORY,PASS,"{""provider"":""wordfreq"",""sourceVersion"":""v3.2"",""packageVersion"":""3.1.1"",""sourceRevision"":""42233e6c36ce792031bcccfa17cdd0cec9af5fa7"",""normalizationVersion"":""zipf-linear-v1"",""source"":""https://github.com/rspeer/wordfreq"",""license"":""Apache-2.0 code; included source data requires CC BY-SA 4.0 attribution"",""wordlist"":""large"",""language"":""en""}","""wordfreq with source and normalization metadata""",Approved real familiarity provider is active.
ADVENTURES,ADVENTURES-e4267b05,COMPARATIVE_DIFFICULTY,m10.gates.0,QUALITY,PASS,"""middle""","""middle""",Candidate is in the preferred middle band.
ADVENTURES,ADVENTURES-e4267b05,MEDAL_DISTRIBUTION,m10.gates.0,QUALITY,PASS,"{""gold"":0.1,""silver"":0.8,""bronze"":0.1}","""not degenerate""",REGULAR medal distribution is non-degenerate.
ADVENTURES,ADVENTURES-e4267b05,VOCABULARY_ACCESSIBILITY,m10.gates.0,QUALITY,WARN,"{""rareWordDependency"":1,""meanPlayedFamiliarity"":0.30926240141015826}","""rare dependency<=.95 and familiarity>=.1""",Vocabulary accessibility is an extreme relative diagnostic.
ADVENTURES,ADVENTURES-e4267b05,MOVE_SPACE_SANITY,m10.gates.0,DIAGNOSTIC,PASS,5644,"{""p10"":4975,""p90"":5943}",Opportunity density is not a pool-tail outlier.
ADVENTURES,ADVENTURES-e4267b05,TILE_PARTICIPATION,m10.gates.0,DIAGNOSTIC,WARN,1886,"""<=0.9""",Tile participation is uneven but not a hard validity failure.
ADVENTURES,ADVENTURES-e4267b05,HEXALINK_SANITY,m10.gates.0,DIAGNOSTIC,PASS,0.25,""".01-.95""",Hexalink geometry and participation are non-pathological.
ADVENTURES,ADVENTURES-e4267b05,HISTORICAL_SIMILARITY,m10.gates.0,QUALITY,PASS,83.918,"{""p10"":null,""p90"":null,""median"":null,""count"":0}",Historical envelope is in warm-up.
ADVENTURES,ADVENTURES-e4267b05,SELECTION_MARGIN,m10.gates.0,QUALITY,PASS,"{""band"":""middle"",""rank"":5}","""middle band""",Candidate is in the selected relative region.
ADVENTURES,ADVENTURES-e4267b05,MONTE_CARLO_STABILITY,m10.gates.0,QUALITY,PASS,0.5433763256945422,"""<=2""",REGULAR score uncertainty is bounded.
ADVENTURES,ADVENTURES-e4267b05,PUBLIC_PRIVATE_SEPARATION,m10.gates.0,MANDATORY,PASS,true,true,Public artifact contains no private fields.
ADVENTURES,ADVENTURES-e4267b05,ARTIFACT_SCHEMA,m10.gates.0,MANDATORY,PASS,true,true,"Public, private, and queue schemas passed."
ADVENTURES,ADVENTURES-e4267b05,REPRODUCIBILITY,m10.gates.0,MANDATORY,PASS,true,true,Regeneration reproduced candidate identity and hashes.
ADVENTURES,ADVENTURES-3fe980ff,STRUCTURAL_CERTIFICATION,m10.gates.0,MANDATORY,PASS,"{""certified"":true,""score"":110}","""certified=true; replay score>=100""",M6 certification and Gold replay passed.
ADVENTURES,ADVENTURES-3fe980ff,DATA_INTEGRITY,m10.gates.0,MANDATORY,PASS,"{""policyVersion"":""m10.0"",""gateVersion"":""m10.gates.0"",""selectorVersion"":""m10.0"",""generatorVersion"":""m6.0"",""rulesVersion"":""qjynn-rules-local"",""vocabularyVersion"":""1.0"",""simulatorVersion"":""m8.1"",""playerModelVersion"":""m8.1.players.0"",""familiarity"":{""provider"":""wordfreq"",""sourceVersion"":""v3.2"",""packageVersion"":""3.1.1"",""sourceRevision"":""42233e6c36ce792031bcccfa17cdd0cec9af5fa7"",""normalizationVersion"":""zipf-linear-v1"",""source"":""https://github.com/rspeer/wordfreq"",""license"":""Apache-2.0 code; included source data requires CC BY-SA 4.0 attribution"",""wordlist"":""large"",""language"":""en""},""publicationValidatorVersion"":""m10.validator.0""}","""known versions and grid hash""",Required versions and grid hash are present.
ADVENTURES,ADVENTURES-3fe980ff,REAL_FAMILIARITY,m10.gates.0,MANDATORY,PASS,"{""provider"":""wordfreq"",""sourceVersion"":""v3.2"",""packageVersion"":""3.1.1"",""sourceRevision"":""42233e6c36ce792031bcccfa17cdd0cec9af5fa7"",""normalizationVersion"":""zipf-linear-v1"",""source"":""https://github.com/rspeer/wordfreq"",""license"":""Apache-2.0 code; included source data requires CC BY-SA 4.0 attribution"",""wordlist"":""large"",""language"":""en""}","""wordfreq with source and normalization metadata""",Approved real familiarity provider is active.
ADVENTURES,ADVENTURES-3fe980ff,COMPARATIVE_DIFFICULTY,m10.gates.0,QUALITY,PASS,"""middle""","""middle""",Candidate is in the preferred middle band.
ADVENTURES,ADVENTURES-3fe980ff,MEDAL_DISTRIBUTION,m10.gates.0,QUALITY,PASS,"{""gold"":0.102,""silver"":0.8,""bronze"":0.098}","""not degenerate""",REGULAR medal distribution is non-degenerate.
ADVENTURES,ADVENTURES-3fe980ff,VOCABULARY_ACCESSIBILITY,m10.gates.0,QUALITY,WARN,"{""rareWordDependency"":1,""meanPlayedFamiliarity"":0.3069119239644512}","""rare dependency<=.95 and familiarity>=.1""",Vocabulary accessibility is an extreme relative diagnostic.
ADVENTURES,ADVENTURES-3fe980ff,MOVE_SPACE_SANITY,m10.gates.0,DIAGNOSTIC,PASS,5943,"{""p10"":4975,""p90"":5943}",Opportunity density is not a pool-tail outlier.
ADVENTURES,ADVENTURES-3fe980ff,TILE_PARTICIPATION,m10.gates.0,DIAGNOSTIC,WARN,2000,"""<=0.9""",Tile participation is uneven but not a hard validity failure.
ADVENTURES,ADVENTURES-3fe980ff,HEXALINK_SANITY,m10.gates.0,DIAGNOSTIC,PASS,0.18,""".01-.95""",Hexalink geometry and participation are non-pathological.
ADVENTURES,ADVENTURES-3fe980ff,HISTORICAL_SIMILARITY,m10.gates.0,QUALITY,PASS,83.248,"{""p10"":null,""p90"":null,""median"":null,""count"":0}",Historical envelope is in warm-up.
ADVENTURES,ADVENTURES-3fe980ff,SELECTION_MARGIN,m10.gates.0,QUALITY,PASS,"{""band"":""middle"",""rank"":7}","""middle band""",Candidate is in the selected relative region.
ADVENTURES,ADVENTURES-3fe980ff,MONTE_CARLO_STABILITY,m10.gates.0,QUALITY,PASS,0.5026531695268041,"""<=2""",REGULAR score uncertainty is bounded.
ADVENTURES,ADVENTURES-3fe980ff,PUBLIC_PRIVATE_SEPARATION,m10.gates.0,MANDATORY,PASS,true,true,Public artifact contains no private fields.
ADVENTURES,ADVENTURES-3fe980ff,ARTIFACT_SCHEMA,m10.gates.0,MANDATORY,PASS,true,true,"Public, private, and queue schemas passed."
ADVENTURES,ADVENTURES-3fe980ff,REPRODUCIBILITY,m10.gates.0,MANDATORY,PASS,true,true,Regeneration reproduced candidate identity and hashes.
AGGRAVATED,AGGRAVATED-fdf03c15,STRUCTURAL_CERTIFICATION,m10.gates.0,MANDATORY,PASS,"{""certified"":true,""score"":110}","""certified=true; replay score>=100""",M6 certification and Gold replay passed.
AGGRAVATED,AGGRAVATED-fdf03c15,DATA_INTEGRITY,m10.gates.0,MANDATORY,PASS,"{""policyVersion"":""m10.0"",""gateVersion"":""m10.gates.0"",""selectorVersion"":""m10.0"",""generatorVersion"":""m6.0"",""rulesVersion"":""qjynn-rules-local"",""vocabularyVersion"":""1.0"",""simulatorVersion"":""m8.1"",""playerModelVersion"":""m8.1.players.0"",""familiarity"":{""provider"":""wordfreq"",""sourceVersion"":""v3.2"",""packageVersion"":""3.1.1"",""sourceRevision"":""42233e6c36ce792031bcccfa17cdd0cec9af5fa7"",""normalizationVersion"":""zipf-linear-v1"",""source"":""https://github.com/rspeer/wordfreq"",""license"":""Apache-2.0 code; included source data requires CC BY-SA 4.0 attribution"",""wordlist"":""large"",""language"":""en""},""publicationValidatorVersion"":""m10.validator.0""}","""known versions and grid hash""",Required versions and grid hash are present.
AGGRAVATED,AGGRAVATED-fdf03c15,REAL_FAMILIARITY,m10.gates.0,MANDATORY,PASS,"{""provider"":""wordfreq"",""sourceVersion"":""v3.2"",""packageVersion"":""3.1.1"",""sourceRevision"":""42233e6c36ce792031bcccfa17cdd0cec9af5fa7"",""normalizationVersion"":""zipf-linear-v1"",""source"":""https://github.com/rspeer/wordfreq"",""license"":""Apache-2.0 code; included source data requires CC BY-SA 4.0 attribution"",""wordlist"":""large"",""language"":""en""}","""wordfreq with source and normalization metadata""",Approved real familiarity provider is active.
AGGRAVATED,AGGRAVATED-fdf03c15,COMPARATIVE_DIFFICULTY,m10.gates.0,QUALITY,PASS,"""middle""","""middle""",Candidate is in the preferred middle band.
AGGRAVATED,AGGRAVATED-fdf03c15,MEDAL_DISTRIBUTION,m10.gates.0,QUALITY,PASS,"{""gold"":0.076,""silver"":0.81,""bronze"":0.114}","""not degenerate""",REGULAR medal distribution is non-degenerate.
AGGRAVATED,AGGRAVATED-fdf03c15,VOCABULARY_ACCESSIBILITY,m10.gates.0,QUALITY,WARN,"{""rareWordDependency"":1,""meanPlayedFamiliarity"":0.3195250502569656}","""rare dependency<=.95 and familiarity>=.1""",Vocabulary accessibility is an extreme relative diagnostic.
AGGRAVATED,AGGRAVATED-fdf03c15,MOVE_SPACE_SANITY,m10.gates.0,DIAGNOSTIC,PASS,5695,"{""p10"":4820,""p90"":6350}",Opportunity density is not a pool-tail outlier.
AGGRAVATED,AGGRAVATED-fdf03c15,TILE_PARTICIPATION,m10.gates.0,DIAGNOSTIC,WARN,1772,"""<=0.9""",Tile participation is uneven but not a hard validity failure.
AGGRAVATED,AGGRAVATED-fdf03c15,HEXALINK_SANITY,m10.gates.0,DIAGNOSTIC,PASS,0.214,""".01-.95""",Hexalink geometry and participation are non-pathological.
AGGRAVATED,AGGRAVATED-fdf03c15,HISTORICAL_SIMILARITY,m10.gates.0,QUALITY,PASS,82.278,"{""p10"":null,""p90"":null,""median"":null,""count"":0}",Historical envelope is in warm-up.
AGGRAVATED,AGGRAVATED-fdf03c15,SELECTION_MARGIN,m10.gates.0,QUALITY,PASS,"{""band"":""middle"",""rank"":6}","""middle band""",Candidate is in the selected relative region.
AGGRAVATED,AGGRAVATED-fdf03c15,MONTE_CARLO_STABILITY,m10.gates.0,QUALITY,PASS,0.4844683584729201,"""<=2""",REGULAR score uncertainty is bounded.
AGGRAVATED,AGGRAVATED-fdf03c15,PUBLIC_PRIVATE_SEPARATION,m10.gates.0,MANDATORY,PASS,true,true,Public artifact contains no private fields.
AGGRAVATED,AGGRAVATED-fdf03c15,ARTIFACT_SCHEMA,m10.gates.0,MANDATORY,PASS,true,true,"Public, private, and queue schemas passed."
AGGRAVATED,AGGRAVATED-fdf03c15,REPRODUCIBILITY,m10.gates.0,MANDATORY,PASS,true,true,Regeneration reproduced candidate identity and hashes.
AGGRAVATED,AGGRAVATED-40bd8b6d,STRUCTURAL_CERTIFICATION,m10.gates.0,MANDATORY,PASS,"{""certified"":true,""score"":105}","""certified=true; replay score>=100""",M6 certification and Gold replay passed.
AGGRAVATED,AGGRAVATED-40bd8b6d,DATA_INTEGRITY,m10.gates.0,MANDATORY,PASS,"{""policyVersion"":""m10.0"",""gateVersion"":""m10.gates.0"",""selectorVersion"":""m10.0"",""generatorVersion"":""m6.0"",""rulesVersion"":""qjynn-rules-local"",""vocabularyVersion"":""1.0"",""simulatorVersion"":""m8.1"",""playerModelVersion"":""m8.1.players.0"",""familiarity"":{""provider"":""wordfreq"",""sourceVersion"":""v3.2"",""packageVersion"":""3.1.1"",""sourceRevision"":""42233e6c36ce792031bcccfa17cdd0cec9af5fa7"",""normalizationVersion"":""zipf-linear-v1"",""source"":""https://github.com/rspeer/wordfreq"",""license"":""Apache-2.0 code; included source data requires CC BY-SA 4.0 attribution"",""wordlist"":""large"",""language"":""en""},""publicationValidatorVersion"":""m10.validator.0""}","""known versions and grid hash""",Required versions and grid hash are present.
AGGRAVATED,AGGRAVATED-40bd8b6d,REAL_FAMILIARITY,m10.gates.0,MANDATORY,PASS,"{""provider"":""wordfreq"",""sourceVersion"":""v3.2"",""packageVersion"":""3.1.1"",""sourceRevision"":""42233e6c36ce792031bcccfa17cdd0cec9af5fa7"",""normalizationVersion"":""zipf-linear-v1"",""source"":""https://github.com/rspeer/wordfreq"",""license"":""Apache-2.0 code; included source data requires CC BY-SA 4.0 attribution"",""wordlist"":""large"",""language"":""en""}","""wordfreq with source and normalization metadata""",Approved real familiarity provider is active.
AGGRAVATED,AGGRAVATED-40bd8b6d,COMPARATIVE_DIFFICULTY,m10.gates.0,QUALITY,PASS,"""middle""","""middle""",Candidate is in the preferred middle band.
AGGRAVATED,AGGRAVATED-40bd8b6d,MEDAL_DISTRIBUTION,m10.gates.0,QUALITY,PASS,"{""gold"":0.092,""silver"":0.756,""bronze"":0.152}","""not degenerate""",REGULAR medal distribution is non-degenerate.
AGGRAVATED,AGGRAVATED-40bd8b6d,VOCABULARY_ACCESSIBILITY,m10.gates.0,QUALITY,WARN,"{""rareWordDependency"":1,""meanPlayedFamiliarity"":0.31771469667373475}","""rare dependency<=.95 and familiarity>=.1""",Vocabulary accessibility is an extreme relative diagnostic.
AGGRAVATED,AGGRAVATED-40bd8b6d,MOVE_SPACE_SANITY,m10.gates.0,DIAGNOSTIC,PASS,5846,"{""p10"":4820,""p90"":6350}",Opportunity density is not a pool-tail outlier.
AGGRAVATED,AGGRAVATED-40bd8b6d,TILE_PARTICIPATION,m10.gates.0,DIAGNOSTIC,WARN,1528,"""<=0.9""",Tile participation is uneven but not a hard validity failure.
AGGRAVATED,AGGRAVATED-40bd8b6d,HEXALINK_SANITY,m10.gates.0,DIAGNOSTIC,PASS,0.27,""".01-.95""",Hexalink geometry and participation are non-pathological.
AGGRAVATED,AGGRAVATED-40bd8b6d,HISTORICAL_SIMILARITY,m10.gates.0,QUALITY,PASS,81.75,"{""p10"":null,""p90"":null,""median"":null,""count"":0}",Historical envelope is in warm-up.
AGGRAVATED,AGGRAVATED-40bd8b6d,SELECTION_MARGIN,m10.gates.0,QUALITY,PASS,"{""band"":""middle"",""rank"":7}","""middle band""",Candidate is in the selected relative region.
AGGRAVATED,AGGRAVATED-40bd8b6d,MONTE_CARLO_STABILITY,m10.gates.0,QUALITY,PASS,0.5145802203863372,"""<=2""",REGULAR score uncertainty is bounded.
AGGRAVATED,AGGRAVATED-40bd8b6d,PUBLIC_PRIVATE_SEPARATION,m10.gates.0,MANDATORY,PASS,true,true,Public artifact contains no private fields.
AGGRAVATED,AGGRAVATED-40bd8b6d,ARTIFACT_SCHEMA,m10.gates.0,MANDATORY,PASS,true,true,"Public, private, and queue schemas passed."
AGGRAVATED,AGGRAVATED-40bd8b6d,REPRODUCIBILITY,m10.gates.0,MANDATORY,PASS,true,true,Regeneration reproduced candidate identity and hashes.
AGGRAVATED,AGGRAVATED-23a69a6,STRUCTURAL_CERTIFICATION,m10.gates.0,MANDATORY,PASS,"{""certified"":true,""score"":105}","""certified=true; replay score>=100""",M6 certification and Gold replay passed.
AGGRAVATED,AGGRAVATED-23a69a6,DATA_INTEGRITY,m10.gates.0,MANDATORY,PASS,"{""policyVersion"":""m10.0"",""gateVersion"":""m10.gates.0"",""selectorVersion"":""m10.0"",""generatorVersion"":""m6.0"",""rulesVersion"":""qjynn-rules-local"",""vocabularyVersion"":""1.0"",""simulatorVersion"":""m8.1"",""playerModelVersion"":""m8.1.players.0"",""familiarity"":{""provider"":""wordfreq"",""sourceVersion"":""v3.2"",""packageVersion"":""3.1.1"",""sourceRevision"":""42233e6c36ce792031bcccfa17cdd0cec9af5fa7"",""normalizationVersion"":""zipf-linear-v1"",""source"":""https://github.com/rspeer/wordfreq"",""license"":""Apache-2.0 code; included source data requires CC BY-SA 4.0 attribution"",""wordlist"":""large"",""language"":""en""},""publicationValidatorVersion"":""m10.validator.0""}","""known versions and grid hash""",Required versions and grid hash are present.
AGGRAVATED,AGGRAVATED-23a69a6,REAL_FAMILIARITY,m10.gates.0,MANDATORY,PASS,"{""provider"":""wordfreq"",""sourceVersion"":""v3.2"",""packageVersion"":""3.1.1"",""sourceRevision"":""42233e6c36ce792031bcccfa17cdd0cec9af5fa7"",""normalizationVersion"":""zipf-linear-v1"",""source"":""https://github.com/rspeer/wordfreq"",""license"":""Apache-2.0 code; included source data requires CC BY-SA 4.0 attribution"",""wordlist"":""large"",""language"":""en""}","""wordfreq with source and normalization metadata""",Approved real familiarity provider is active.
AGGRAVATED,AGGRAVATED-23a69a6,COMPARATIVE_DIFFICULTY,m10.gates.0,QUALITY,PASS,"""middle""","""middle""",Candidate is in the preferred middle band.
AGGRAVATED,AGGRAVATED-23a69a6,MEDAL_DISTRIBUTION,m10.gates.0,QUALITY,PASS,"{""gold"":0.096,""silver"":0.832,""bronze"":0.072}","""not degenerate""",REGULAR medal distribution is non-degenerate.
AGGRAVATED,AGGRAVATED-23a69a6,VOCABULARY_ACCESSIBILITY,m10.gates.0,QUALITY,WARN,"{""rareWordDependency"":1,""meanPlayedFamiliarity"":0.30180843081213476}","""rare dependency<=.95 and familiarity>=.1""",Vocabulary accessibility is an extreme relative diagnostic.
AGGRAVATED,AGGRAVATED-23a69a6,MOVE_SPACE_SANITY,m10.gates.0,DIAGNOSTIC,PASS,5167,"{""p10"":4820,""p90"":6350}",Opportunity density is not a pool-tail outlier.
AGGRAVATED,AGGRAVATED-23a69a6,TILE_PARTICIPATION,m10.gates.0,DIAGNOSTIC,WARN,1419,"""<=0.9""",Tile participation is uneven but not a hard validity failure.
AGGRAVATED,AGGRAVATED-23a69a6,HEXALINK_SANITY,m10.gates.0,DIAGNOSTIC,PASS,0.246,""".01-.95""",Hexalink geometry and participation are non-pathological.
AGGRAVATED,AGGRAVATED-23a69a6,HISTORICAL_SIMILARITY,m10.gates.0,QUALITY,PASS,84.11,"{""p10"":null,""p90"":null,""median"":null,""count"":0}",Historical envelope is in warm-up.
AGGRAVATED,AGGRAVATED-23a69a6,SELECTION_MARGIN,m10.gates.0,QUALITY,PASS,"{""band"":""middle"",""rank"":5}","""middle band""",Candidate is in the selected relative region.
AGGRAVATED,AGGRAVATED-23a69a6,MONTE_CARLO_STABILITY,m10.gates.0,QUALITY,PASS,0.5251063460850527,"""<=2""",REGULAR score uncertainty is bounded.
AGGRAVATED,AGGRAVATED-23a69a6,PUBLIC_PRIVATE_SEPARATION,m10.gates.0,MANDATORY,PASS,true,true,Public artifact contains no private fields.
AGGRAVATED,AGGRAVATED-23a69a6,ARTIFACT_SCHEMA,m10.gates.0,MANDATORY,PASS,true,true,"Public, private, and queue schemas passed."
AGGRAVATED,AGGRAVATED-23a69a6,REPRODUCIBILITY,m10.gates.0,MANDATORY,PASS,true,true,Regeneration reproduced candidate identity and hashes.
AFTERTASTE,AFTERTASTE-bae6e554,STRUCTURAL_CERTIFICATION,m10.gates.0,MANDATORY,PASS,"{""certified"":true,""score"":105}","""certified=true; replay score>=100""",M6 certification and Gold replay passed.
AFTERTASTE,AFTERTASTE-bae6e554,DATA_INTEGRITY,m10.gates.0,MANDATORY,PASS,"{""policyVersion"":""m10.0"",""gateVersion"":""m10.gates.0"",""selectorVersion"":""m10.0"",""generatorVersion"":""m6.0"",""rulesVersion"":""qjynn-rules-local"",""vocabularyVersion"":""1.0"",""simulatorVersion"":""m8.1"",""playerModelVersion"":""m8.1.players.0"",""familiarity"":{""provider"":""wordfreq"",""sourceVersion"":""v3.2"",""packageVersion"":""3.1.1"",""sourceRevision"":""42233e6c36ce792031bcccfa17cdd0cec9af5fa7"",""normalizationVersion"":""zipf-linear-v1"",""source"":""https://github.com/rspeer/wordfreq"",""license"":""Apache-2.0 code; included source data requires CC BY-SA 4.0 attribution"",""wordlist"":""large"",""language"":""en""},""publicationValidatorVersion"":""m10.validator.0""}","""known versions and grid hash""",Required versions and grid hash are present.
AFTERTASTE,AFTERTASTE-bae6e554,REAL_FAMILIARITY,m10.gates.0,MANDATORY,PASS,"{""provider"":""wordfreq"",""sourceVersion"":""v3.2"",""packageVersion"":""3.1.1"",""sourceRevision"":""42233e6c36ce792031bcccfa17cdd0cec9af5fa7"",""normalizationVersion"":""zipf-linear-v1"",""source"":""https://github.com/rspeer/wordfreq"",""license"":""Apache-2.0 code; included source data requires CC BY-SA 4.0 attribution"",""wordlist"":""large"",""language"":""en""}","""wordfreq with source and normalization metadata""",Approved real familiarity provider is active.
AFTERTASTE,AFTERTASTE-bae6e554,COMPARATIVE_DIFFICULTY,m10.gates.0,QUALITY,PASS,"""middle""","""middle""",Candidate is in the preferred middle band.
AFTERTASTE,AFTERTASTE-bae6e554,MEDAL_DISTRIBUTION,m10.gates.0,QUALITY,PASS,"{""gold"":0.088,""silver"":0.758,""bronze"":0.154}","""not degenerate""",REGULAR medal distribution is non-degenerate.
AFTERTASTE,AFTERTASTE-bae6e554,VOCABULARY_ACCESSIBILITY,m10.gates.0,QUALITY,WARN,"{""rareWordDependency"":1,""meanPlayedFamiliarity"":0.29825150092666824}","""rare dependency<=.95 and familiarity>=.1""",Vocabulary accessibility is an extreme relative diagnostic.
AFTERTASTE,AFTERTASTE-bae6e554,MOVE_SPACE_SANITY,m10.gates.0,DIAGNOSTIC,PASS,5567,"{""p10"":4612,""p90"":6201}",Opportunity density is not a pool-tail outlier.
AFTERTASTE,AFTERTASTE-bae6e554,TILE_PARTICIPATION,m10.gates.0,DIAGNOSTIC,WARN,2254,"""<=0.9""",Tile participation is uneven but not a hard validity failure.
AFTERTASTE,AFTERTASTE-bae6e554,HEXALINK_SANITY,m10.gates.0,DIAGNOSTIC,PASS,0.198,""".01-.95""",Hexalink geometry and participation are non-pathological.
AFTERTASTE,AFTERTASTE-bae6e554,HISTORICAL_SIMILARITY,m10.gates.0,QUALITY,PASS,81.562,"{""p10"":null,""p90"":null,""median"":null,""count"":0}",Historical envelope is in warm-up.
AFTERTASTE,AFTERTASTE-bae6e554,SELECTION_MARGIN,m10.gates.0,QUALITY,PASS,"{""band"":""middle"",""rank"":6}","""middle band""",Candidate is in the selected relative region.
AFTERTASTE,AFTERTASTE-bae6e554,MONTE_CARLO_STABILITY,m10.gates.0,QUALITY,PASS,0.5026587942668617,"""<=2""",REGULAR score uncertainty is bounded.
AFTERTASTE,AFTERTASTE-bae6e554,PUBLIC_PRIVATE_SEPARATION,m10.gates.0,MANDATORY,PASS,true,true,Public artifact contains no private fields.
AFTERTASTE,AFTERTASTE-bae6e554,ARTIFACT_SCHEMA,m10.gates.0,MANDATORY,PASS,true,true,"Public, private, and queue schemas passed."
AFTERTASTE,AFTERTASTE-bae6e554,REPRODUCIBILITY,m10.gates.0,MANDATORY,PASS,true,true,Regeneration reproduced candidate identity and hashes.
AFTERTASTE,AFTERTASTE-d5fee317,STRUCTURAL_CERTIFICATION,m10.gates.0,MANDATORY,PASS,"{""certified"":true,""score"":110}","""certified=true; replay score>=100""",M6 certification and Gold replay passed.
AFTERTASTE,AFTERTASTE-d5fee317,DATA_INTEGRITY,m10.gates.0,MANDATORY,PASS,"{""policyVersion"":""m10.0"",""gateVersion"":""m10.gates.0"",""selectorVersion"":""m10.0"",""generatorVersion"":""m6.0"",""rulesVersion"":""qjynn-rules-local"",""vocabularyVersion"":""1.0"",""simulatorVersion"":""m8.1"",""playerModelVersion"":""m8.1.players.0"",""familiarity"":{""provider"":""wordfreq"",""sourceVersion"":""v3.2"",""packageVersion"":""3.1.1"",""sourceRevision"":""42233e6c36ce792031bcccfa17cdd0cec9af5fa7"",""normalizationVersion"":""zipf-linear-v1"",""source"":""https://github.com/rspeer/wordfreq"",""license"":""Apache-2.0 code; included source data requires CC BY-SA 4.0 attribution"",""wordlist"":""large"",""language"":""en""},""publicationValidatorVersion"":""m10.validator.0""}","""known versions and grid hash""",Required versions and grid hash are present.
AFTERTASTE,AFTERTASTE-d5fee317,REAL_FAMILIARITY,m10.gates.0,MANDATORY,PASS,"{""provider"":""wordfreq"",""sourceVersion"":""v3.2"",""packageVersion"":""3.1.1"",""sourceRevision"":""42233e6c36ce792031bcccfa17cdd0cec9af5fa7"",""normalizationVersion"":""zipf-linear-v1"",""source"":""https://github.com/rspeer/wordfreq"",""license"":""Apache-2.0 code; included source data requires CC BY-SA 4.0 attribution"",""wordlist"":""large"",""language"":""en""}","""wordfreq with source and normalization metadata""",Approved real familiarity provider is active.
AFTERTASTE,AFTERTASTE-d5fee317,COMPARATIVE_DIFFICULTY,m10.gates.0,QUALITY,PASS,"""middle""","""middle""",Candidate is in the preferred middle band.
AFTERTASTE,AFTERTASTE-d5fee317,MEDAL_DISTRIBUTION,m10.gates.0,QUALITY,PASS,"{""gold"":0.034,""silver"":0.858,""bronze"":0.108}","""not degenerate""",REGULAR medal distribution is non-degenerate.
AFTERTASTE,AFTERTASTE-d5fee317,VOCABULARY_ACCESSIBILITY,m10.gates.0,QUALITY,WARN,"{""rareWordDependency"":1,""meanPlayedFamiliarity"":0.3200594271326334}","""rare dependency<=.95 and familiarity>=.1""",Vocabulary accessibility is an extreme relative diagnostic.
AFTERTASTE,AFTERTASTE-d5fee317,MOVE_SPACE_SANITY,m10.gates.0,DIAGNOSTIC,PASS,5309,"{""p10"":4612,""p90"":6201}",Opportunity density is not a pool-tail outlier.
AFTERTASTE,AFTERTASTE-d5fee317,TILE_PARTICIPATION,m10.gates.0,DIAGNOSTIC,WARN,2162,"""<=0.9""",Tile participation is uneven but not a hard validity failure.
AFTERTASTE,AFTERTASTE-d5fee317,HEXALINK_SANITY,m10.gates.0,DIAGNOSTIC,PASS,0.192,""".01-.95""",Hexalink geometry and participation are non-pathological.
AFTERTASTE,AFTERTASTE-d5fee317,HISTORICAL_SIMILARITY,m10.gates.0,QUALITY,PASS,81.664,"{""p10"":null,""p90"":null,""median"":null,""count"":0}",Historical envelope is in warm-up.
AFTERTASTE,AFTERTASTE-d5fee317,SELECTION_MARGIN,m10.gates.0,QUALITY,PASS,"{""band"":""middle"",""rank"":5}","""middle band""",Candidate is in the selected relative region.
AFTERTASTE,AFTERTASTE-d5fee317,MONTE_CARLO_STABILITY,m10.gates.0,QUALITY,PASS,0.47851926895690644,"""<=2""",REGULAR score uncertainty is bounded.
AFTERTASTE,AFTERTASTE-d5fee317,PUBLIC_PRIVATE_SEPARATION,m10.gates.0,MANDATORY,PASS,true,true,Public artifact contains no private fields.
AFTERTASTE,AFTERTASTE-d5fee317,ARTIFACT_SCHEMA,m10.gates.0,MANDATORY,PASS,true,true,"Public, private, and queue schemas passed."
AFTERTASTE,AFTERTASTE-d5fee317,REPRODUCIBILITY,m10.gates.0,MANDATORY,PASS,true,true,Regeneration reproduced candidate identity and hashes.
AFTERTASTE,AFTERTASTE-d07d3326,STRUCTURAL_CERTIFICATION,m10.gates.0,MANDATORY,PASS,"{""certified"":true,""score"":105}","""certified=true; replay score>=100""",M6 certification and Gold replay passed.
AFTERTASTE,AFTERTASTE-d07d3326,DATA_INTEGRITY,m10.gates.0,MANDATORY,PASS,"{""policyVersion"":""m10.0"",""gateVersion"":""m10.gates.0"",""selectorVersion"":""m10.0"",""generatorVersion"":""m6.0"",""rulesVersion"":""qjynn-rules-local"",""vocabularyVersion"":""1.0"",""simulatorVersion"":""m8.1"",""playerModelVersion"":""m8.1.players.0"",""familiarity"":{""provider"":""wordfreq"",""sourceVersion"":""v3.2"",""packageVersion"":""3.1.1"",""sourceRevision"":""42233e6c36ce792031bcccfa17cdd0cec9af5fa7"",""normalizationVersion"":""zipf-linear-v1"",""source"":""https://github.com/rspeer/wordfreq"",""license"":""Apache-2.0 code; included source data requires CC BY-SA 4.0 attribution"",""wordlist"":""large"",""language"":""en""},""publicationValidatorVersion"":""m10.validator.0""}","""known versions and grid hash""",Required versions and grid hash are present.
AFTERTASTE,AFTERTASTE-d07d3326,REAL_FAMILIARITY,m10.gates.0,MANDATORY,PASS,"{""provider"":""wordfreq"",""sourceVersion"":""v3.2"",""packageVersion"":""3.1.1"",""sourceRevision"":""42233e6c36ce792031bcccfa17cdd0cec9af5fa7"",""normalizationVersion"":""zipf-linear-v1"",""source"":""https://github.com/rspeer/wordfreq"",""license"":""Apache-2.0 code; included source data requires CC BY-SA 4.0 attribution"",""wordlist"":""large"",""language"":""en""}","""wordfreq with source and normalization metadata""",Approved real familiarity provider is active.
AFTERTASTE,AFTERTASTE-d07d3326,COMPARATIVE_DIFFICULTY,m10.gates.0,QUALITY,PASS,"""middle""","""middle""",Candidate is in the preferred middle band.
AFTERTASTE,AFTERTASTE-d07d3326,MEDAL_DISTRIBUTION,m10.gates.0,QUALITY,PASS,"{""gold"":0.032,""silver"":0.862,""bronze"":0.106}","""not degenerate""",REGULAR medal distribution is non-degenerate.
AFTERTASTE,AFTERTASTE-d07d3326,VOCABULARY_ACCESSIBILITY,m10.gates.0,QUALITY,WARN,"{""rareWordDependency"":1,""meanPlayedFamiliarity"":0.3013240881976086}","""rare dependency<=.95 and familiarity>=.1""",Vocabulary accessibility is an extreme relative diagnostic.
AFTERTASTE,AFTERTASTE-d07d3326,MOVE_SPACE_SANITY,m10.gates.0,DIAGNOSTIC,PASS,6176,"{""p10"":4612,""p90"":6201}",Opportunity density is not a pool-tail outlier.
AFTERTASTE,AFTERTASTE-d07d3326,TILE_PARTICIPATION,m10.gates.0,DIAGNOSTIC,WARN,1661,"""<=0.9""",Tile participation is uneven but not a hard validity failure.
AFTERTASTE,AFTERTASTE-d07d3326,HEXALINK_SANITY,m10.gates.0,DIAGNOSTIC,PASS,0.212,""".01-.95""",Hexalink geometry and participation are non-pathological.
AFTERTASTE,AFTERTASTE-d07d3326,HISTORICAL_SIMILARITY,m10.gates.0,QUALITY,PASS,81.416,"{""p10"":null,""p90"":null,""median"":null,""count"":0}",Historical envelope is in warm-up.
AFTERTASTE,AFTERTASTE-d07d3326,SELECTION_MARGIN,m10.gates.0,QUALITY,PASS,"{""band"":""middle"",""rank"":7}","""middle band""",Candidate is in the selected relative region.
AFTERTASTE,AFTERTASTE-d07d3326,MONTE_CARLO_STABILITY,m10.gates.0,QUALITY,PASS,0.4577669212785772,"""<=2""",REGULAR score uncertainty is bounded.
AFTERTASTE,AFTERTASTE-d07d3326,PUBLIC_PRIVATE_SEPARATION,m10.gates.0,MANDATORY,PASS,true,true,Public artifact contains no private fields.
AFTERTASTE,AFTERTASTE-d07d3326,ARTIFACT_SCHEMA,m10.gates.0,MANDATORY,PASS,true,true,"Public, private, and queue schemas passed."
AFTERTASTE,AFTERTASTE-d07d3326,REPRODUCIBILITY,m10.gates.0,MANDATORY,PASS,true,true,Regeneration reproduced candidate identity and hashes.
AFFORDABLE,AFFORDABLE-65a40649,STRUCTURAL_CERTIFICATION,m10.gates.0,MANDATORY,PASS,"{""certified"":true,""score"":110}","""certified=true; replay score>=100""",M6 certification and Gold replay passed.
AFFORDABLE,AFFORDABLE-65a40649,DATA_INTEGRITY,m10.gates.0,MANDATORY,PASS,"{""policyVersion"":""m10.0"",""gateVersion"":""m10.gates.0"",""selectorVersion"":""m10.0"",""generatorVersion"":""m6.0"",""rulesVersion"":""qjynn-rules-local"",""vocabularyVersion"":""1.0"",""simulatorVersion"":""m8.1"",""playerModelVersion"":""m8.1.players.0"",""familiarity"":{""provider"":""wordfreq"",""sourceVersion"":""v3.2"",""packageVersion"":""3.1.1"",""sourceRevision"":""42233e6c36ce792031bcccfa17cdd0cec9af5fa7"",""normalizationVersion"":""zipf-linear-v1"",""source"":""https://github.com/rspeer/wordfreq"",""license"":""Apache-2.0 code; included source data requires CC BY-SA 4.0 attribution"",""wordlist"":""large"",""language"":""en""},""publicationValidatorVersion"":""m10.validator.0""}","""known versions and grid hash""",Required versions and grid hash are present.
AFFORDABLE,AFFORDABLE-65a40649,REAL_FAMILIARITY,m10.gates.0,MANDATORY,PASS,"{""provider"":""wordfreq"",""sourceVersion"":""v3.2"",""packageVersion"":""3.1.1"",""sourceRevision"":""42233e6c36ce792031bcccfa17cdd0cec9af5fa7"",""normalizationVersion"":""zipf-linear-v1"",""source"":""https://github.com/rspeer/wordfreq"",""license"":""Apache-2.0 code; included source data requires CC BY-SA 4.0 attribution"",""wordlist"":""large"",""language"":""en""}","""wordfreq with source and normalization metadata""",Approved real familiarity provider is active.
AFFORDABLE,AFFORDABLE-65a40649,COMPARATIVE_DIFFICULTY,m10.gates.0,QUALITY,PASS,"""middle""","""middle""",Candidate is in the preferred middle band.
AFFORDABLE,AFFORDABLE-65a40649,MEDAL_DISTRIBUTION,m10.gates.0,QUALITY,PASS,"{""gold"":0.13,""silver"":0.764,""bronze"":0.106}","""not degenerate""",REGULAR medal distribution is non-degenerate.
AFFORDABLE,AFFORDABLE-65a40649,VOCABULARY_ACCESSIBILITY,m10.gates.0,QUALITY,WARN,"{""rareWordDependency"":1,""meanPlayedFamiliarity"":0.3188553758428421}","""rare dependency<=.95 and familiarity>=.1""",Vocabulary accessibility is an extreme relative diagnostic.
AFFORDABLE,AFFORDABLE-65a40649,MOVE_SPACE_SANITY,m10.gates.0,DIAGNOSTIC,PASS,5288,"{""p10"":4761,""p90"":6480}",Opportunity density is not a pool-tail outlier.
AFFORDABLE,AFFORDABLE-65a40649,TILE_PARTICIPATION,m10.gates.0,DIAGNOSTIC,WARN,1475,"""<=0.9""",Tile participation is uneven but not a hard validity failure.
AFFORDABLE,AFFORDABLE-65a40649,HEXALINK_SANITY,m10.gates.0,DIAGNOSTIC,PASS,0.278,""".01-.95""",Hexalink geometry and participation are non-pathological.
AFFORDABLE,AFFORDABLE-65a40649,HISTORICAL_SIMILARITY,m10.gates.0,QUALITY,PASS,84.342,"{""p10"":null,""p90"":null,""median"":null,""count"":0}",Historical envelope is in warm-up.
AFFORDABLE,AFFORDABLE-65a40649,SELECTION_MARGIN,m10.gates.0,QUALITY,PASS,"{""band"":""middle"",""rank"":6}","""middle band""",Candidate is in the selected relative region.
AFFORDABLE,AFFORDABLE-65a40649,MONTE_CARLO_STABILITY,m10.gates.0,QUALITY,PASS,0.553575453874655,"""<=2""",REGULAR score uncertainty is bounded.
AFFORDABLE,AFFORDABLE-65a40649,PUBLIC_PRIVATE_SEPARATION,m10.gates.0,MANDATORY,PASS,true,true,Public artifact contains no private fields.
AFFORDABLE,AFFORDABLE-65a40649,ARTIFACT_SCHEMA,m10.gates.0,MANDATORY,PASS,true,true,"Public, private, and queue schemas passed."
AFFORDABLE,AFFORDABLE-65a40649,REPRODUCIBILITY,m10.gates.0,MANDATORY,PASS,true,true,Regeneration reproduced candidate identity and hashes.
AFFORDABLE,AFFORDABLE-c38e07d0,STRUCTURAL_CERTIFICATION,m10.gates.0,MANDATORY,PASS,"{""certified"":true,""score"":110}","""certified=true; replay score>=100""",M6 certification and Gold replay passed.
AFFORDABLE,AFFORDABLE-c38e07d0,DATA_INTEGRITY,m10.gates.0,MANDATORY,PASS,"{""policyVersion"":""m10.0"",""gateVersion"":""m10.gates.0"",""selectorVersion"":""m10.0"",""generatorVersion"":""m6.0"",""rulesVersion"":""qjynn-rules-local"",""vocabularyVersion"":""1.0"",""simulatorVersion"":""m8.1"",""playerModelVersion"":""m8.1.players.0"",""familiarity"":{""provider"":""wordfreq"",""sourceVersion"":""v3.2"",""packageVersion"":""3.1.1"",""sourceRevision"":""42233e6c36ce792031bcccfa17cdd0cec9af5fa7"",""normalizationVersion"":""zipf-linear-v1"",""source"":""https://github.com/rspeer/wordfreq"",""license"":""Apache-2.0 code; included source data requires CC BY-SA 4.0 attribution"",""wordlist"":""large"",""language"":""en""},""publicationValidatorVersion"":""m10.validator.0""}","""known versions and grid hash""",Required versions and grid hash are present.
AFFORDABLE,AFFORDABLE-c38e07d0,REAL_FAMILIARITY,m10.gates.0,MANDATORY,PASS,"{""provider"":""wordfreq"",""sourceVersion"":""v3.2"",""packageVersion"":""3.1.1"",""sourceRevision"":""42233e6c36ce792031bcccfa17cdd0cec9af5fa7"",""normalizationVersion"":""zipf-linear-v1"",""source"":""https://github.com/rspeer/wordfreq"",""license"":""Apache-2.0 code; included source data requires CC BY-SA 4.0 attribution"",""wordlist"":""large"",""language"":""en""}","""wordfreq with source and normalization metadata""",Approved real familiarity provider is active.
AFFORDABLE,AFFORDABLE-c38e07d0,COMPARATIVE_DIFFICULTY,m10.gates.0,QUALITY,PASS,"""middle""","""middle""",Candidate is in the preferred middle band.
AFFORDABLE,AFFORDABLE-c38e07d0,MEDAL_DISTRIBUTION,m10.gates.0,QUALITY,PASS,"{""gold"":0.114,""silver"":0.774,""bronze"":0.112}","""not degenerate""",REGULAR medal distribution is non-degenerate.
AFFORDABLE,AFFORDABLE-c38e07d0,VOCABULARY_ACCESSIBILITY,m10.gates.0,QUALITY,WARN,"{""rareWordDependency"":1,""meanPlayedFamiliarity"":0.323788277570359}","""rare dependency<=.95 and familiarity>=.1""",Vocabulary accessibility is an extreme relative diagnostic.
AFFORDABLE,AFFORDABLE-c38e07d0,MOVE_SPACE_SANITY,m10.gates.0,DIAGNOSTIC,PASS,5131,"{""p10"":4761,""p90"":6480}",Opportunity density is not a pool-tail outlier.
AFFORDABLE,AFFORDABLE-c38e07d0,TILE_PARTICIPATION,m10.gates.0,DIAGNOSTIC,WARN,1196,"""<=0.9""",Tile participation is uneven but not a hard validity failure.
AFFORDABLE,AFFORDABLE-c38e07d0,HEXALINK_SANITY,m10.gates.0,DIAGNOSTIC,PASS,0.278,""".01-.95""",Hexalink geometry and participation are non-pathological.
AFFORDABLE,AFFORDABLE-c38e07d0,HISTORICAL_SIMILARITY,m10.gates.0,QUALITY,PASS,84.302,"{""p10"":null,""p90"":null,""median"":null,""count"":0}",Historical envelope is in warm-up.
AFFORDABLE,AFFORDABLE-c38e07d0,SELECTION_MARGIN,m10.gates.0,QUALITY,PASS,"{""band"":""middle"",""rank"":7}","""middle band""",Candidate is in the selected relative region.
AFFORDABLE,AFFORDABLE-c38e07d0,MONTE_CARLO_STABILITY,m10.gates.0,QUALITY,PASS,0.48682563283700286,"""<=2""",REGULAR score uncertainty is bounded.
AFFORDABLE,AFFORDABLE-c38e07d0,PUBLIC_PRIVATE_SEPARATION,m10.gates.0,MANDATORY,PASS,true,true,Public artifact contains no private fields.
AFFORDABLE,AFFORDABLE-c38e07d0,ARTIFACT_SCHEMA,m10.gates.0,MANDATORY,PASS,true,true,"Public, private, and queue schemas passed."
AFFORDABLE,AFFORDABLE-c38e07d0,REPRODUCIBILITY,m10.gates.0,MANDATORY,PASS,true,true,Regeneration reproduced candidate identity and hashes.
AFFORDABLE,AFFORDABLE-227dc678,STRUCTURAL_CERTIFICATION,m10.gates.0,MANDATORY,PASS,"{""certified"":true,""score"":110}","""certified=true; replay score>=100""",M6 certification and Gold replay passed.
AFFORDABLE,AFFORDABLE-227dc678,DATA_INTEGRITY,m10.gates.0,MANDATORY,PASS,"{""policyVersion"":""m10.0"",""gateVersion"":""m10.gates.0"",""selectorVersion"":""m10.0"",""generatorVersion"":""m6.0"",""rulesVersion"":""qjynn-rules-local"",""vocabularyVersion"":""1.0"",""simulatorVersion"":""m8.1"",""playerModelVersion"":""m8.1.players.0"",""familiarity"":{""provider"":""wordfreq"",""sourceVersion"":""v3.2"",""packageVersion"":""3.1.1"",""sourceRevision"":""42233e6c36ce792031bcccfa17cdd0cec9af5fa7"",""normalizationVersion"":""zipf-linear-v1"",""source"":""https://github.com/rspeer/wordfreq"",""license"":""Apache-2.0 code; included source data requires CC BY-SA 4.0 attribution"",""wordlist"":""large"",""language"":""en""},""publicationValidatorVersion"":""m10.validator.0""}","""known versions and grid hash""",Required versions and grid hash are present.
AFFORDABLE,AFFORDABLE-227dc678,REAL_FAMILIARITY,m10.gates.0,MANDATORY,PASS,"{""provider"":""wordfreq"",""sourceVersion"":""v3.2"",""packageVersion"":""3.1.1"",""sourceRevision"":""42233e6c36ce792031bcccfa17cdd0cec9af5fa7"",""normalizationVersion"":""zipf-linear-v1"",""source"":""https://github.com/rspeer/wordfreq"",""license"":""Apache-2.0 code; included source data requires CC BY-SA 4.0 attribution"",""wordlist"":""large"",""language"":""en""}","""wordfreq with source and normalization metadata""",Approved real familiarity provider is active.
AFFORDABLE,AFFORDABLE-227dc678,COMPARATIVE_DIFFICULTY,m10.gates.0,QUALITY,PASS,"""middle""","""middle""",Candidate is in the preferred middle band.
AFFORDABLE,AFFORDABLE-227dc678,MEDAL_DISTRIBUTION,m10.gates.0,QUALITY,PASS,"{""gold"":0.132,""silver"":0.774,""bronze"":0.094}","""not degenerate""",REGULAR medal distribution is non-degenerate.
AFFORDABLE,AFFORDABLE-227dc678,VOCABULARY_ACCESSIBILITY,m10.gates.0,QUALITY,WARN,"{""rareWordDependency"":1,""meanPlayedFamiliarity"":0.2987835369928182}","""rare dependency<=.95 and familiarity>=.1""",Vocabulary accessibility is an extreme relative diagnostic.
AFFORDABLE,AFFORDABLE-227dc678,MOVE_SPACE_SANITY,m10.gates.0,DIAGNOSTIC,PASS,6480,"{""p10"":4761,""p90"":6480}",Opportunity density is not a pool-tail outlier.
AFFORDABLE,AFFORDABLE-227dc678,TILE_PARTICIPATION,m10.gates.0,DIAGNOSTIC,WARN,1914,"""<=0.9""",Tile participation is uneven but not a hard validity failure.
AFFORDABLE,AFFORDABLE-227dc678,HEXALINK_SANITY,m10.gates.0,DIAGNOSTIC,PASS,0.266,""".01-.95""",Hexalink geometry and participation are non-pathological.
AFFORDABLE,AFFORDABLE-227dc678,HISTORICAL_SIMILARITY,m10.gates.0,QUALITY,PASS,84.72,"{""p10"":null,""p90"":null,""median"":null,""count"":0}",Historical envelope is in warm-up.
AFFORDABLE,AFFORDABLE-227dc678,SELECTION_MARGIN,m10.gates.0,QUALITY,PASS,"{""band"":""middle"",""rank"":5}","""middle band""",Candidate is in the selected relative region.
AFFORDABLE,AFFORDABLE-227dc678,MONTE_CARLO_STABILITY,m10.gates.0,QUALITY,PASS,0.5248377067950584,"""<=2""",REGULAR score uncertainty is bounded.
AFFORDABLE,AFFORDABLE-227dc678,PUBLIC_PRIVATE_SEPARATION,m10.gates.0,MANDATORY,PASS,true,true,Public artifact contains no private fields.
AFFORDABLE,AFFORDABLE-227dc678,ARTIFACT_SCHEMA,m10.gates.0,MANDATORY,PASS,true,true,"Public, private, and queue schemas passed."
AFFORDABLE,AFFORDABLE-227dc678,REPRODUCIBILITY,m10.gates.0,MANDATORY,PASS,true,true,Regeneration reproduced candidate identity and hashes.
ABATEMENTS,ABATEMENTS-d80ff572,STRUCTURAL_CERTIFICATION,m10.gates.0,MANDATORY,PASS,"{""certified"":true,""score"":110}","""certified=true; replay score>=100""",M6 certification and Gold replay passed.
ABATEMENTS,ABATEMENTS-d80ff572,DATA_INTEGRITY,m10.gates.0,MANDATORY,PASS,"{""policyVersion"":""m10.0"",""gateVersion"":""m10.gates.0"",""selectorVersion"":""m10.0"",""generatorVersion"":""m6.0"",""rulesVersion"":""qjynn-rules-local"",""vocabularyVersion"":""1.0"",""simulatorVersion"":""m8.1"",""playerModelVersion"":""m8.1.players.0"",""familiarity"":{""provider"":""wordfreq"",""sourceVersion"":""v3.2"",""packageVersion"":""3.1.1"",""sourceRevision"":""42233e6c36ce792031bcccfa17cdd0cec9af5fa7"",""normalizationVersion"":""zipf-linear-v1"",""source"":""https://github.com/rspeer/wordfreq"",""license"":""Apache-2.0 code; included source data requires CC BY-SA 4.0 attribution"",""wordlist"":""large"",""language"":""en""},""publicationValidatorVersion"":""m10.validator.0""}","""known versions and grid hash""",Required versions and grid hash are present.
ABATEMENTS,ABATEMENTS-d80ff572,REAL_FAMILIARITY,m10.gates.0,MANDATORY,PASS,"{""provider"":""wordfreq"",""sourceVersion"":""v3.2"",""packageVersion"":""3.1.1"",""sourceRevision"":""42233e6c36ce792031bcccfa17cdd0cec9af5fa7"",""normalizationVersion"":""zipf-linear-v1"",""source"":""https://github.com/rspeer/wordfreq"",""license"":""Apache-2.0 code; included source data requires CC BY-SA 4.0 attribution"",""wordlist"":""large"",""language"":""en""}","""wordfreq with source and normalization metadata""",Approved real familiarity provider is active.
ABATEMENTS,ABATEMENTS-d80ff572,COMPARATIVE_DIFFICULTY,m10.gates.0,QUALITY,PASS,"""middle""","""middle""",Candidate is in the preferred middle band.
ABATEMENTS,ABATEMENTS-d80ff572,MEDAL_DISTRIBUTION,m10.gates.0,QUALITY,PASS,"{""gold"":0.09,""silver"":0.8,""bronze"":0.11}","""not degenerate""",REGULAR medal distribution is non-degenerate.
ABATEMENTS,ABATEMENTS-d80ff572,VOCABULARY_ACCESSIBILITY,m10.gates.0,QUALITY,WARN,"{""rareWordDependency"":1,""meanPlayedFamiliarity"":0.3029604295129665}","""rare dependency<=.95 and familiarity>=.1""",Vocabulary accessibility is an extreme relative diagnostic.
ABATEMENTS,ABATEMENTS-d80ff572,MOVE_SPACE_SANITY,m10.gates.0,DIAGNOSTIC,PASS,5488,"{""p10"":4438,""p90"":6406}",Opportunity density is not a pool-tail outlier.
ABATEMENTS,ABATEMENTS-d80ff572,TILE_PARTICIPATION,m10.gates.0,DIAGNOSTIC,WARN,1522,"""<=0.9""",Tile participation is uneven but not a hard validity failure.
ABATEMENTS,ABATEMENTS-d80ff572,HEXALINK_SANITY,m10.gates.0,DIAGNOSTIC,PASS,0.242,""".01-.95""",Hexalink geometry and participation are non-pathological.
ABATEMENTS,ABATEMENTS-d80ff572,HISTORICAL_SIMILARITY,m10.gates.0,QUALITY,PASS,82.848,"{""p10"":null,""p90"":null,""median"":null,""count"":0}",Historical envelope is in warm-up.
ABATEMENTS,ABATEMENTS-d80ff572,SELECTION_MARGIN,m10.gates.0,QUALITY,PASS,"{""band"":""middle"",""rank"":6}","""middle band""",Candidate is in the selected relative region.
ABATEMENTS,ABATEMENTS-d80ff572,MONTE_CARLO_STABILITY,m10.gates.0,QUALITY,PASS,0.43622112221885767,"""<=2""",REGULAR score uncertainty is bounded.
ABATEMENTS,ABATEMENTS-d80ff572,PUBLIC_PRIVATE_SEPARATION,m10.gates.0,MANDATORY,PASS,true,true,Public artifact contains no private fields.
ABATEMENTS,ABATEMENTS-d80ff572,ARTIFACT_SCHEMA,m10.gates.0,MANDATORY,PASS,true,true,"Public, private, and queue schemas passed."
ABATEMENTS,ABATEMENTS-d80ff572,REPRODUCIBILITY,m10.gates.0,MANDATORY,PASS,true,true,Regeneration reproduced candidate identity and hashes.
ABATEMENTS,ABATEMENTS-19cdb7c8,STRUCTURAL_CERTIFICATION,m10.gates.0,MANDATORY,PASS,"{""certified"":true,""score"":110}","""certified=true; replay score>=100""",M6 certification and Gold replay passed.
ABATEMENTS,ABATEMENTS-19cdb7c8,DATA_INTEGRITY,m10.gates.0,MANDATORY,PASS,"{""policyVersion"":""m10.0"",""gateVersion"":""m10.gates.0"",""selectorVersion"":""m10.0"",""generatorVersion"":""m6.0"",""rulesVersion"":""qjynn-rules-local"",""vocabularyVersion"":""1.0"",""simulatorVersion"":""m8.1"",""playerModelVersion"":""m8.1.players.0"",""familiarity"":{""provider"":""wordfreq"",""sourceVersion"":""v3.2"",""packageVersion"":""3.1.1"",""sourceRevision"":""42233e6c36ce792031bcccfa17cdd0cec9af5fa7"",""normalizationVersion"":""zipf-linear-v1"",""source"":""https://github.com/rspeer/wordfreq"",""license"":""Apache-2.0 code; included source data requires CC BY-SA 4.0 attribution"",""wordlist"":""large"",""language"":""en""},""publicationValidatorVersion"":""m10.validator.0""}","""known versions and grid hash""",Required versions and grid hash are present.
ABATEMENTS,ABATEMENTS-19cdb7c8,REAL_FAMILIARITY,m10.gates.0,MANDATORY,PASS,"{""provider"":""wordfreq"",""sourceVersion"":""v3.2"",""packageVersion"":""3.1.1"",""sourceRevision"":""42233e6c36ce792031bcccfa17cdd0cec9af5fa7"",""normalizationVersion"":""zipf-linear-v1"",""source"":""https://github.com/rspeer/wordfreq"",""license"":""Apache-2.0 code; included source data requires CC BY-SA 4.0 attribution"",""wordlist"":""large"",""language"":""en""}","""wordfreq with source and normalization metadata""",Approved real familiarity provider is active.
ABATEMENTS,ABATEMENTS-19cdb7c8,COMPARATIVE_DIFFICULTY,m10.gates.0,QUALITY,PASS,"""middle""","""middle""",Candidate is in the preferred middle band.
ABATEMENTS,ABATEMENTS-19cdb7c8,MEDAL_DISTRIBUTION,m10.gates.0,QUALITY,PASS,"{""gold"":0.122,""silver"":0.766,""bronze"":0.112}","""not degenerate""",REGULAR medal distribution is non-degenerate.
ABATEMENTS,ABATEMENTS-19cdb7c8,VOCABULARY_ACCESSIBILITY,m10.gates.0,QUALITY,WARN,"{""rareWordDependency"":1,""meanPlayedFamiliarity"":0.2976292878575731}","""rare dependency<=.95 and familiarity>=.1""",Vocabulary accessibility is an extreme relative diagnostic.
ABATEMENTS,ABATEMENTS-19cdb7c8,MOVE_SPACE_SANITY,m10.gates.0,DIAGNOSTIC,PASS,5175,"{""p10"":4438,""p90"":6406}",Opportunity density is not a pool-tail outlier.
ABATEMENTS,ABATEMENTS-19cdb7c8,TILE_PARTICIPATION,m10.gates.0,DIAGNOSTIC,WARN,3961,"""<=0.9""",Tile participation is uneven but not a hard validity failure.
ABATEMENTS,ABATEMENTS-19cdb7c8,HEXALINK_SANITY,m10.gates.0,DIAGNOSTIC,PASS,0.246,""".01-.95""",Hexalink geometry and participation are non-pathological.
ABATEMENTS,ABATEMENTS-19cdb7c8,HISTORICAL_SIMILARITY,m10.gates.0,QUALITY,PASS,83.184,"{""p10"":null,""p90"":null,""median"":null,""count"":0}",Historical envelope is in warm-up.
ABATEMENTS,ABATEMENTS-19cdb7c8,SELECTION_MARGIN,m10.gates.0,QUALITY,PASS,"{""band"":""middle"",""rank"":5}","""middle band""",Candidate is in the selected relative region.
ABATEMENTS,ABATEMENTS-19cdb7c8,MONTE_CARLO_STABILITY,m10.gates.0,QUALITY,PASS,0.6083815120933805,"""<=2""",REGULAR score uncertainty is bounded.
ABATEMENTS,ABATEMENTS-19cdb7c8,PUBLIC_PRIVATE_SEPARATION,m10.gates.0,MANDATORY,PASS,true,true,Public artifact contains no private fields.
ABATEMENTS,ABATEMENTS-19cdb7c8,ARTIFACT_SCHEMA,m10.gates.0,MANDATORY,PASS,true,true,"Public, private, and queue schemas passed."
ABATEMENTS,ABATEMENTS-19cdb7c8,REPRODUCIBILITY,m10.gates.0,MANDATORY,PASS,true,true,Regeneration reproduced candidate identity and hashes.
ABATEMENTS,ABATEMENTS-bd22502e,STRUCTURAL_CERTIFICATION,m10.gates.0,MANDATORY,PASS,"{""certified"":true,""score"":110}","""certified=true; replay score>=100""",M6 certification and Gold replay passed.
ABATEMENTS,ABATEMENTS-bd22502e,DATA_INTEGRITY,m10.gates.0,MANDATORY,PASS,"{""policyVersion"":""m10.0"",""gateVersion"":""m10.gates.0"",""selectorVersion"":""m10.0"",""generatorVersion"":""m6.0"",""rulesVersion"":""qjynn-rules-local"",""vocabularyVersion"":""1.0"",""simulatorVersion"":""m8.1"",""playerModelVersion"":""m8.1.players.0"",""familiarity"":{""provider"":""wordfreq"",""sourceVersion"":""v3.2"",""packageVersion"":""3.1.1"",""sourceRevision"":""42233e6c36ce792031bcccfa17cdd0cec9af5fa7"",""normalizationVersion"":""zipf-linear-v1"",""source"":""https://github.com/rspeer/wordfreq"",""license"":""Apache-2.0 code; included source data requires CC BY-SA 4.0 attribution"",""wordlist"":""large"",""language"":""en""},""publicationValidatorVersion"":""m10.validator.0""}","""known versions and grid hash""",Required versions and grid hash are present.
ABATEMENTS,ABATEMENTS-bd22502e,REAL_FAMILIARITY,m10.gates.0,MANDATORY,PASS,"{""provider"":""wordfreq"",""sourceVersion"":""v3.2"",""packageVersion"":""3.1.1"",""sourceRevision"":""42233e6c36ce792031bcccfa17cdd0cec9af5fa7"",""normalizationVersion"":""zipf-linear-v1"",""source"":""https://github.com/rspeer/wordfreq"",""license"":""Apache-2.0 code; included source data requires CC BY-SA 4.0 attribution"",""wordlist"":""large"",""language"":""en""}","""wordfreq with source and normalization metadata""",Approved real familiarity provider is active.
ABATEMENTS,ABATEMENTS-bd22502e,COMPARATIVE_DIFFICULTY,m10.gates.0,QUALITY,PASS,"""middle""","""middle""",Candidate is in the preferred middle band.
ABATEMENTS,ABATEMENTS-bd22502e,MEDAL_DISTRIBUTION,m10.gates.0,QUALITY,PASS,"{""gold"":0.054,""silver"":0.824,""bronze"":0.122}","""not degenerate""",REGULAR medal distribution is non-degenerate.
ABATEMENTS,ABATEMENTS-bd22502e,VOCABULARY_ACCESSIBILITY,m10.gates.0,QUALITY,WARN,"{""rareWordDependency"":1,""meanPlayedFamiliarity"":0.29319039648606315}","""rare dependency<=.95 and familiarity>=.1""",Vocabulary accessibility is an extreme relative diagnostic.
ABATEMENTS,ABATEMENTS-bd22502e,MOVE_SPACE_SANITY,m10.gates.0,DIAGNOSTIC,PASS,5943,"{""p10"":4438,""p90"":6406}",Opportunity density is not a pool-tail outlier.
ABATEMENTS,ABATEMENTS-bd22502e,TILE_PARTICIPATION,m10.gates.0,DIAGNOSTIC,WARN,2159,"""<=0.9""",Tile participation is uneven but not a hard validity failure.
ABATEMENTS,ABATEMENTS-bd22502e,HEXALINK_SANITY,m10.gates.0,DIAGNOSTIC,PASS,0.168,""".01-.95""",Hexalink geometry and participation are non-pathological.
ABATEMENTS,ABATEMENTS-bd22502e,HISTORICAL_SIMILARITY,m10.gates.0,QUALITY,PASS,81.152,"{""p10"":null,""p90"":null,""median"":null,""count"":0}",Historical envelope is in warm-up.
ABATEMENTS,ABATEMENTS-bd22502e,SELECTION_MARGIN,m10.gates.0,QUALITY,PASS,"{""band"":""middle"",""rank"":7}","""middle band""",Candidate is in the selected relative region.
ABATEMENTS,ABATEMENTS-bd22502e,MONTE_CARLO_STABILITY,m10.gates.0,QUALITY,PASS,0.497067900786168,"""<=2""",REGULAR score uncertainty is bounded.
ABATEMENTS,ABATEMENTS-bd22502e,PUBLIC_PRIVATE_SEPARATION,m10.gates.0,MANDATORY,PASS,true,true,Public artifact contains no private fields.
ABATEMENTS,ABATEMENTS-bd22502e,ARTIFACT_SCHEMA,m10.gates.0,MANDATORY,PASS,true,true,"Public, private, and queue schemas passed."
ABATEMENTS,ABATEMENTS-bd22502e,REPRODUCIBILITY,m10.gates.0,MANDATORY,PASS,true,true,Regeneration reproduced candidate identity and hashes.
ABDICATING,ABDICATING-75ed1c3a,STRUCTURAL_CERTIFICATION,m10.gates.0,MANDATORY,PASS,"{""certified"":true,""score"":110}","""certified=true; replay score>=100""",M6 certification and Gold replay passed.
ABDICATING,ABDICATING-75ed1c3a,DATA_INTEGRITY,m10.gates.0,MANDATORY,PASS,"{""policyVersion"":""m10.0"",""gateVersion"":""m10.gates.0"",""selectorVersion"":""m10.0"",""generatorVersion"":""m6.0"",""rulesVersion"":""qjynn-rules-local"",""vocabularyVersion"":""1.0"",""simulatorVersion"":""m8.1"",""playerModelVersion"":""m8.1.players.0"",""familiarity"":{""provider"":""wordfreq"",""sourceVersion"":""v3.2"",""packageVersion"":""3.1.1"",""sourceRevision"":""42233e6c36ce792031bcccfa17cdd0cec9af5fa7"",""normalizationVersion"":""zipf-linear-v1"",""source"":""https://github.com/rspeer/wordfreq"",""license"":""Apache-2.0 code; included source data requires CC BY-SA 4.0 attribution"",""wordlist"":""large"",""language"":""en""},""publicationValidatorVersion"":""m10.validator.0""}","""known versions and grid hash""",Required versions and grid hash are present.
ABDICATING,ABDICATING-75ed1c3a,REAL_FAMILIARITY,m10.gates.0,MANDATORY,PASS,"{""provider"":""wordfreq"",""sourceVersion"":""v3.2"",""packageVersion"":""3.1.1"",""sourceRevision"":""42233e6c36ce792031bcccfa17cdd0cec9af5fa7"",""normalizationVersion"":""zipf-linear-v1"",""source"":""https://github.com/rspeer/wordfreq"",""license"":""Apache-2.0 code; included source data requires CC BY-SA 4.0 attribution"",""wordlist"":""large"",""language"":""en""}","""wordfreq with source and normalization metadata""",Approved real familiarity provider is active.
ABDICATING,ABDICATING-75ed1c3a,COMPARATIVE_DIFFICULTY,m10.gates.0,QUALITY,PASS,"""middle""","""middle""",Candidate is in the preferred middle band.
ABDICATING,ABDICATING-75ed1c3a,MEDAL_DISTRIBUTION,m10.gates.0,QUALITY,PASS,"{""gold"":0.074,""silver"":0.832,""bronze"":0.094}","""not degenerate""",REGULAR medal distribution is non-degenerate.
ABDICATING,ABDICATING-75ed1c3a,VOCABULARY_ACCESSIBILITY,m10.gates.0,QUALITY,WARN,"{""rareWordDependency"":1,""meanPlayedFamiliarity"":0.28870964460275944}","""rare dependency<=.95 and familiarity>=.1""",Vocabulary accessibility is an extreme relative diagnostic.
ABDICATING,ABDICATING-75ed1c3a,MOVE_SPACE_SANITY,m10.gates.0,DIAGNOSTIC,WARN,6694,"{""p10"":4741,""p90"":6212}",Opportunity density is in a pool tail.
ABDICATING,ABDICATING-75ed1c3a,TILE_PARTICIPATION,m10.gates.0,DIAGNOSTIC,WARN,2569,"""<=0.9""",Tile participation is uneven but not a hard validity failure.
ABDICATING,ABDICATING-75ed1c3a,HEXALINK_SANITY,m10.gates.0,DIAGNOSTIC,PASS,0.192,""".01-.95""",Hexalink geometry and participation are non-pathological.
ABDICATING,ABDICATING-75ed1c3a,HISTORICAL_SIMILARITY,m10.gates.0,QUALITY,PASS,82.786,"{""p10"":null,""p90"":null,""median"":null,""count"":0}",Historical envelope is in warm-up.
ABDICATING,ABDICATING-75ed1c3a,SELECTION_MARGIN,m10.gates.0,QUALITY,PASS,"{""band"":""middle"",""rank"":6}","""middle band""",Candidate is in the selected relative region.
ABDICATING,ABDICATING-75ed1c3a,MONTE_CARLO_STABILITY,m10.gates.0,QUALITY,PASS,0.4827494548361273,"""<=2""",REGULAR score uncertainty is bounded.
ABDICATING,ABDICATING-75ed1c3a,PUBLIC_PRIVATE_SEPARATION,m10.gates.0,MANDATORY,PASS,true,true,Public artifact contains no private fields.
ABDICATING,ABDICATING-75ed1c3a,ARTIFACT_SCHEMA,m10.gates.0,MANDATORY,PASS,true,true,"Public, private, and queue schemas passed."
ABDICATING,ABDICATING-75ed1c3a,REPRODUCIBILITY,m10.gates.0,MANDATORY,PASS,true,true,Regeneration reproduced candidate identity and hashes.
ABDICATING,ABDICATING-597184fe,STRUCTURAL_CERTIFICATION,m10.gates.0,MANDATORY,PASS,"{""certified"":true,""score"":100}","""certified=true; replay score>=100""",M6 certification and Gold replay passed.
ABDICATING,ABDICATING-597184fe,DATA_INTEGRITY,m10.gates.0,MANDATORY,PASS,"{""policyVersion"":""m10.0"",""gateVersion"":""m10.gates.0"",""selectorVersion"":""m10.0"",""generatorVersion"":""m6.0"",""rulesVersion"":""qjynn-rules-local"",""vocabularyVersion"":""1.0"",""simulatorVersion"":""m8.1"",""playerModelVersion"":""m8.1.players.0"",""familiarity"":{""provider"":""wordfreq"",""sourceVersion"":""v3.2"",""packageVersion"":""3.1.1"",""sourceRevision"":""42233e6c36ce792031bcccfa17cdd0cec9af5fa7"",""normalizationVersion"":""zipf-linear-v1"",""source"":""https://github.com/rspeer/wordfreq"",""license"":""Apache-2.0 code; included source data requires CC BY-SA 4.0 attribution"",""wordlist"":""large"",""language"":""en""},""publicationValidatorVersion"":""m10.validator.0""}","""known versions and grid hash""",Required versions and grid hash are present.
ABDICATING,ABDICATING-597184fe,REAL_FAMILIARITY,m10.gates.0,MANDATORY,PASS,"{""provider"":""wordfreq"",""sourceVersion"":""v3.2"",""packageVersion"":""3.1.1"",""sourceRevision"":""42233e6c36ce792031bcccfa17cdd0cec9af5fa7"",""normalizationVersion"":""zipf-linear-v1"",""source"":""https://github.com/rspeer/wordfreq"",""license"":""Apache-2.0 code; included source data requires CC BY-SA 4.0 attribution"",""wordlist"":""large"",""language"":""en""}","""wordfreq with source and normalization metadata""",Approved real familiarity provider is active.
ABDICATING,ABDICATING-597184fe,COMPARATIVE_DIFFICULTY,m10.gates.0,QUALITY,PASS,"""middle""","""middle""",Candidate is in the preferred middle band.
ABDICATING,ABDICATING-597184fe,MEDAL_DISTRIBUTION,m10.gates.0,QUALITY,PASS,"{""gold"":0.088,""silver"":0.8,""bronze"":0.112}","""not degenerate""",REGULAR medal distribution is non-degenerate.
ABDICATING,ABDICATING-597184fe,VOCABULARY_ACCESSIBILITY,m10.gates.0,QUALITY,WARN,"{""rareWordDependency"":1,""meanPlayedFamiliarity"":0.2932629813259423}","""rare dependency<=.95 and familiarity>=.1""",Vocabulary accessibility is an extreme relative diagnostic.
ABDICATING,ABDICATING-597184fe,MOVE_SPACE_SANITY,m10.gates.0,DIAGNOSTIC,PASS,6022,"{""p10"":4741,""p90"":6212}",Opportunity density is not a pool-tail outlier.
ABDICATING,ABDICATING-597184fe,TILE_PARTICIPATION,m10.gates.0,DIAGNOSTIC,WARN,2030,"""<=0.9""",Tile participation is uneven but not a hard validity failure.
ABDICATING,ABDICATING-597184fe,HEXALINK_SANITY,m10.gates.0,DIAGNOSTIC,PASS,0.234,""".01-.95""",Hexalink geometry and participation are non-pathological.
ABDICATING,ABDICATING-597184fe,HISTORICAL_SIMILARITY,m10.gates.0,QUALITY,PASS,82.784,"{""p10"":null,""p90"":null,""median"":null,""count"":0}",Historical envelope is in warm-up.
ABDICATING,ABDICATING-597184fe,SELECTION_MARGIN,m10.gates.0,QUALITY,PASS,"{""band"":""middle"",""rank"":7}","""middle band""",Candidate is in the selected relative region.
ABDICATING,ABDICATING-597184fe,MONTE_CARLO_STABILITY,m10.gates.0,QUALITY,PASS,0.5283435963682092,"""<=2""",REGULAR score uncertainty is bounded.
ABDICATING,ABDICATING-597184fe,PUBLIC_PRIVATE_SEPARATION,m10.gates.0,MANDATORY,PASS,true,true,Public artifact contains no private fields.
ABDICATING,ABDICATING-597184fe,ARTIFACT_SCHEMA,m10.gates.0,MANDATORY,PASS,true,true,"Public, private, and queue schemas passed."
ABDICATING,ABDICATING-597184fe,REPRODUCIBILITY,m10.gates.0,MANDATORY,PASS,true,true,Regeneration reproduced candidate identity and hashes.
ABDICATING,ABDICATING-391c487c,STRUCTURAL_CERTIFICATION,m10.gates.0,MANDATORY,PASS,"{""certified"":true,""score"":120}","""certified=true; replay score>=100""",M6 certification and Gold replay passed.
ABDICATING,ABDICATING-391c487c,DATA_INTEGRITY,m10.gates.0,MANDATORY,PASS,"{""policyVersion"":""m10.0"",""gateVersion"":""m10.gates.0"",""selectorVersion"":""m10.0"",""generatorVersion"":""m6.0"",""rulesVersion"":""qjynn-rules-local"",""vocabularyVersion"":""1.0"",""simulatorVersion"":""m8.1"",""playerModelVersion"":""m8.1.players.0"",""familiarity"":{""provider"":""wordfreq"",""sourceVersion"":""v3.2"",""packageVersion"":""3.1.1"",""sourceRevision"":""42233e6c36ce792031bcccfa17cdd0cec9af5fa7"",""normalizationVersion"":""zipf-linear-v1"",""source"":""https://github.com/rspeer/wordfreq"",""license"":""Apache-2.0 code; included source data requires CC BY-SA 4.0 attribution"",""wordlist"":""large"",""language"":""en""},""publicationValidatorVersion"":""m10.validator.0""}","""known versions and grid hash""",Required versions and grid hash are present.
ABDICATING,ABDICATING-391c487c,REAL_FAMILIARITY,m10.gates.0,MANDATORY,PASS,"{""provider"":""wordfreq"",""sourceVersion"":""v3.2"",""packageVersion"":""3.1.1"",""sourceRevision"":""42233e6c36ce792031bcccfa17cdd0cec9af5fa7"",""normalizationVersion"":""zipf-linear-v1"",""source"":""https://github.com/rspeer/wordfreq"",""license"":""Apache-2.0 code; included source data requires CC BY-SA 4.0 attribution"",""wordlist"":""large"",""language"":""en""}","""wordfreq with source and normalization metadata""",Approved real familiarity provider is active.
ABDICATING,ABDICATING-391c487c,COMPARATIVE_DIFFICULTY,m10.gates.0,QUALITY,PASS,"""middle""","""middle""",Candidate is in the preferred middle band.
ABDICATING,ABDICATING-391c487c,MEDAL_DISTRIBUTION,m10.gates.0,QUALITY,PASS,"{""gold"":0.098,""silver"":0.772,""bronze"":0.13}","""not degenerate""",REGULAR medal distribution is non-degenerate.
ABDICATING,ABDICATING-391c487c,VOCABULARY_ACCESSIBILITY,m10.gates.0,QUALITY,WARN,"{""rareWordDependency"":1,""meanPlayedFamiliarity"":0.30912676374001075}","""rare dependency<=.95 and familiarity>=.1""",Vocabulary accessibility is an extreme relative diagnostic.
ABDICATING,ABDICATING-391c487c,MOVE_SPACE_SANITY,m10.gates.0,DIAGNOSTIC,PASS,4741,"{""p10"":4741,""p90"":6212}",Opportunity density is not a pool-tail outlier.
ABDICATING,ABDICATING-391c487c,TILE_PARTICIPATION,m10.gates.0,DIAGNOSTIC,WARN,2136,"""<=0.9""",Tile participation is uneven but not a hard validity failure.
ABDICATING,ABDICATING-391c487c,HEXALINK_SANITY,m10.gates.0,DIAGNOSTIC,PASS,0.284,""".01-.95""",Hexalink geometry and participation are non-pathological.
ABDICATING,ABDICATING-391c487c,HISTORICAL_SIMILARITY,m10.gates.0,QUALITY,PASS,82.896,"{""p10"":null,""p90"":null,""median"":null,""count"":0}",Historical envelope is in warm-up.
ABDICATING,ABDICATING-391c487c,SELECTION_MARGIN,m10.gates.0,QUALITY,PASS,"{""band"":""middle"",""rank"":5}","""middle band""",Candidate is in the selected relative region.
ABDICATING,ABDICATING-391c487c,MONTE_CARLO_STABILITY,m10.gates.0,QUALITY,PASS,0.48257372244079055,"""<=2""",REGULAR score uncertainty is bounded.
ABDICATING,ABDICATING-391c487c,PUBLIC_PRIVATE_SEPARATION,m10.gates.0,MANDATORY,PASS,true,true,Public artifact contains no private fields.
ABDICATING,ABDICATING-391c487c,ARTIFACT_SCHEMA,m10.gates.0,MANDATORY,PASS,true,true,"Public, private, and queue schemas passed."
ABDICATING,ABDICATING-391c487c,REPRODUCIBILITY,m10.gates.0,MANDATORY,PASS,true,true,Regeneration reproduced candidate identity and hashes.
ABDUCTIONS,ABDUCTIONS-b884ff18,STRUCTURAL_CERTIFICATION,m10.gates.0,MANDATORY,PASS,"{""certified"":true,""score"":110}","""certified=true; replay score>=100""",M6 certification and Gold replay passed.
ABDUCTIONS,ABDUCTIONS-b884ff18,DATA_INTEGRITY,m10.gates.0,MANDATORY,PASS,"{""policyVersion"":""m10.0"",""gateVersion"":""m10.gates.0"",""selectorVersion"":""m10.0"",""generatorVersion"":""m6.0"",""rulesVersion"":""qjynn-rules-local"",""vocabularyVersion"":""1.0"",""simulatorVersion"":""m8.1"",""playerModelVersion"":""m8.1.players.0"",""familiarity"":{""provider"":""wordfreq"",""sourceVersion"":""v3.2"",""packageVersion"":""3.1.1"",""sourceRevision"":""42233e6c36ce792031bcccfa17cdd0cec9af5fa7"",""normalizationVersion"":""zipf-linear-v1"",""source"":""https://github.com/rspeer/wordfreq"",""license"":""Apache-2.0 code; included source data requires CC BY-SA 4.0 attribution"",""wordlist"":""large"",""language"":""en""},""publicationValidatorVersion"":""m10.validator.0""}","""known versions and grid hash""",Required versions and grid hash are present.
ABDUCTIONS,ABDUCTIONS-b884ff18,REAL_FAMILIARITY,m10.gates.0,MANDATORY,PASS,"{""provider"":""wordfreq"",""sourceVersion"":""v3.2"",""packageVersion"":""3.1.1"",""sourceRevision"":""42233e6c36ce792031bcccfa17cdd0cec9af5fa7"",""normalizationVersion"":""zipf-linear-v1"",""source"":""https://github.com/rspeer/wordfreq"",""license"":""Apache-2.0 code; included source data requires CC BY-SA 4.0 attribution"",""wordlist"":""large"",""language"":""en""}","""wordfreq with source and normalization metadata""",Approved real familiarity provider is active.
ABDUCTIONS,ABDUCTIONS-b884ff18,COMPARATIVE_DIFFICULTY,m10.gates.0,QUALITY,PASS,"""middle""","""middle""",Candidate is in the preferred middle band.
ABDUCTIONS,ABDUCTIONS-b884ff18,MEDAL_DISTRIBUTION,m10.gates.0,QUALITY,PASS,"{""gold"":0.062,""silver"":0.82,""bronze"":0.118}","""not degenerate""",REGULAR medal distribution is non-degenerate.
ABDUCTIONS,ABDUCTIONS-b884ff18,VOCABULARY_ACCESSIBILITY,m10.gates.0,QUALITY,WARN,"{""rareWordDependency"":1,""meanPlayedFamiliarity"":0.28576318870992384}","""rare dependency<=.95 and familiarity>=.1""",Vocabulary accessibility is an extreme relative diagnostic.
ABDUCTIONS,ABDUCTIONS-b884ff18,MOVE_SPACE_SANITY,m10.gates.0,DIAGNOSTIC,PASS,5041,"{""p10"":4616,""p90"":6169}",Opportunity density is not a pool-tail outlier.
ABDUCTIONS,ABDUCTIONS-b884ff18,TILE_PARTICIPATION,m10.gates.0,DIAGNOSTIC,WARN,1240,"""<=0.9""",Tile participation is uneven but not a hard validity failure.
ABDUCTIONS,ABDUCTIONS-b884ff18,HEXALINK_SANITY,m10.gates.0,DIAGNOSTIC,PASS,0.228,""".01-.95""",Hexalink geometry and participation are non-pathological.
ABDUCTIONS,ABDUCTIONS-b884ff18,HISTORICAL_SIMILARITY,m10.gates.0,QUALITY,PASS,82.584,"{""p10"":null,""p90"":null,""median"":null,""count"":0}",Historical envelope is in warm-up.
ABDUCTIONS,ABDUCTIONS-b884ff18,SELECTION_MARGIN,m10.gates.0,QUALITY,PASS,"{""band"":""middle"",""rank"":6}","""middle band""",Candidate is in the selected relative region.
ABDUCTIONS,ABDUCTIONS-b884ff18,MONTE_CARLO_STABILITY,m10.gates.0,QUALITY,PASS,0.5195080774831901,"""<=2""",REGULAR score uncertainty is bounded.
ABDUCTIONS,ABDUCTIONS-b884ff18,PUBLIC_PRIVATE_SEPARATION,m10.gates.0,MANDATORY,PASS,true,true,Public artifact contains no private fields.
ABDUCTIONS,ABDUCTIONS-b884ff18,ARTIFACT_SCHEMA,m10.gates.0,MANDATORY,PASS,true,true,"Public, private, and queue schemas passed."
ABDUCTIONS,ABDUCTIONS-b884ff18,REPRODUCIBILITY,m10.gates.0,MANDATORY,PASS,true,true,Regeneration reproduced candidate identity and hashes.
ABDUCTIONS,ABDUCTIONS-2e0ff356,STRUCTURAL_CERTIFICATION,m10.gates.0,MANDATORY,PASS,"{""certified"":true,""score"":110}","""certified=true; replay score>=100""",M6 certification and Gold replay passed.
ABDUCTIONS,ABDUCTIONS-2e0ff356,DATA_INTEGRITY,m10.gates.0,MANDATORY,PASS,"{""policyVersion"":""m10.0"",""gateVersion"":""m10.gates.0"",""selectorVersion"":""m10.0"",""generatorVersion"":""m6.0"",""rulesVersion"":""qjynn-rules-local"",""vocabularyVersion"":""1.0"",""simulatorVersion"":""m8.1"",""playerModelVersion"":""m8.1.players.0"",""familiarity"":{""provider"":""wordfreq"",""sourceVersion"":""v3.2"",""packageVersion"":""3.1.1"",""sourceRevision"":""42233e6c36ce792031bcccfa17cdd0cec9af5fa7"",""normalizationVersion"":""zipf-linear-v1"",""source"":""https://github.com/rspeer/wordfreq"",""license"":""Apache-2.0 code; included source data requires CC BY-SA 4.0 attribution"",""wordlist"":""large"",""language"":""en""},""publicationValidatorVersion"":""m10.validator.0""}","""known versions and grid hash""",Required versions and grid hash are present.
ABDUCTIONS,ABDUCTIONS-2e0ff356,REAL_FAMILIARITY,m10.gates.0,MANDATORY,PASS,"{""provider"":""wordfreq"",""sourceVersion"":""v3.2"",""packageVersion"":""3.1.1"",""sourceRevision"":""42233e6c36ce792031bcccfa17cdd0cec9af5fa7"",""normalizationVersion"":""zipf-linear-v1"",""source"":""https://github.com/rspeer/wordfreq"",""license"":""Apache-2.0 code; included source data requires CC BY-SA 4.0 attribution"",""wordlist"":""large"",""language"":""en""}","""wordfreq with source and normalization metadata""",Approved real familiarity provider is active.
ABDUCTIONS,ABDUCTIONS-2e0ff356,COMPARATIVE_DIFFICULTY,m10.gates.0,QUALITY,PASS,"""middle""","""middle""",Candidate is in the preferred middle band.
ABDUCTIONS,ABDUCTIONS-2e0ff356,MEDAL_DISTRIBUTION,m10.gates.0,QUALITY,PASS,"{""gold"":0.084,""silver"":0.802,""bronze"":0.114}","""not degenerate""",REGULAR medal distribution is non-degenerate.
ABDUCTIONS,ABDUCTIONS-2e0ff356,VOCABULARY_ACCESSIBILITY,m10.gates.0,QUALITY,WARN,"{""rareWordDependency"":1,""meanPlayedFamiliarity"":0.30590608600012087}","""rare dependency<=.95 and familiarity>=.1""",Vocabulary accessibility is an extreme relative diagnostic.
ABDUCTIONS,ABDUCTIONS-2e0ff356,MOVE_SPACE_SANITY,m10.gates.0,DIAGNOSTIC,PASS,4616,"{""p10"":4616,""p90"":6169}",Opportunity density is not a pool-tail outlier.
ABDUCTIONS,ABDUCTIONS-2e0ff356,TILE_PARTICIPATION,m10.gates.0,DIAGNOSTIC,WARN,1387,"""<=0.9""",Tile participation is uneven but not a hard validity failure.
ABDUCTIONS,ABDUCTIONS-2e0ff356,HEXALINK_SANITY,m10.gates.0,DIAGNOSTIC,PASS,0.222,""".01-.95""",Hexalink geometry and participation are non-pathological.
ABDUCTIONS,ABDUCTIONS-2e0ff356,HISTORICAL_SIMILARITY,m10.gates.0,QUALITY,PASS,82.316,"{""p10"":null,""p90"":null,""median"":null,""count"":0}",Historical envelope is in warm-up.
ABDUCTIONS,ABDUCTIONS-2e0ff356,SELECTION_MARGIN,m10.gates.0,QUALITY,PASS,"{""band"":""middle"",""rank"":7}","""middle band""",Candidate is in the selected relative region.
ABDUCTIONS,ABDUCTIONS-2e0ff356,MONTE_CARLO_STABILITY,m10.gates.0,QUALITY,PASS,0.5151017055575268,"""<=2""",REGULAR score uncertainty is bounded.
ABDUCTIONS,ABDUCTIONS-2e0ff356,PUBLIC_PRIVATE_SEPARATION,m10.gates.0,MANDATORY,PASS,true,true,Public artifact contains no private fields.
ABDUCTIONS,ABDUCTIONS-2e0ff356,ARTIFACT_SCHEMA,m10.gates.0,MANDATORY,PASS,true,true,"Public, private, and queue schemas passed."
ABDUCTIONS,ABDUCTIONS-2e0ff356,REPRODUCIBILITY,m10.gates.0,MANDATORY,PASS,true,true,Regeneration reproduced candidate identity and hashes.
ABDUCTIONS,ABDUCTIONS-4c1df7e8,STRUCTURAL_CERTIFICATION,m10.gates.0,MANDATORY,PASS,"{""certified"":true,""score"":105}","""certified=true; replay score>=100""",M6 certification and Gold replay passed.
ABDUCTIONS,ABDUCTIONS-4c1df7e8,DATA_INTEGRITY,m10.gates.0,MANDATORY,PASS,"{""policyVersion"":""m10.0"",""gateVersion"":""m10.gates.0"",""selectorVersion"":""m10.0"",""generatorVersion"":""m6.0"",""rulesVersion"":""qjynn-rules-local"",""vocabularyVersion"":""1.0"",""simulatorVersion"":""m8.1"",""playerModelVersion"":""m8.1.players.0"",""familiarity"":{""provider"":""wordfreq"",""sourceVersion"":""v3.2"",""packageVersion"":""3.1.1"",""sourceRevision"":""42233e6c36ce792031bcccfa17cdd0cec9af5fa7"",""normalizationVersion"":""zipf-linear-v1"",""source"":""https://github.com/rspeer/wordfreq"",""license"":""Apache-2.0 code; included source data requires CC BY-SA 4.0 attribution"",""wordlist"":""large"",""language"":""en""},""publicationValidatorVersion"":""m10.validator.0""}","""known versions and grid hash""",Required versions and grid hash are present.
ABDUCTIONS,ABDUCTIONS-4c1df7e8,REAL_FAMILIARITY,m10.gates.0,MANDATORY,PASS,"{""provider"":""wordfreq"",""sourceVersion"":""v3.2"",""packageVersion"":""3.1.1"",""sourceRevision"":""42233e6c36ce792031bcccfa17cdd0cec9af5fa7"",""normalizationVersion"":""zipf-linear-v1"",""source"":""https://github.com/rspeer/wordfreq"",""license"":""Apache-2.0 code; included source data requires CC BY-SA 4.0 attribution"",""wordlist"":""large"",""language"":""en""}","""wordfreq with source and normalization metadata""",Approved real familiarity provider is active.
ABDUCTIONS,ABDUCTIONS-4c1df7e8,COMPARATIVE_DIFFICULTY,m10.gates.0,QUALITY,PASS,"""middle""","""middle""",Candidate is in the preferred middle band.
ABDUCTIONS,ABDUCTIONS-4c1df7e8,MEDAL_DISTRIBUTION,m10.gates.0,QUALITY,PASS,"{""gold"":0.092,""silver"":0.82,""bronze"":0.088}","""not degenerate""",REGULAR medal distribution is non-degenerate.
ABDUCTIONS,ABDUCTIONS-4c1df7e8,VOCABULARY_ACCESSIBILITY,m10.gates.0,QUALITY,WARN,"{""rareWordDependency"":1,""meanPlayedFamiliarity"":0.3059002723109459}","""rare dependency<=.95 and familiarity>=.1""",Vocabulary accessibility is an extreme relative diagnostic.
ABDUCTIONS,ABDUCTIONS-4c1df7e8,MOVE_SPACE_SANITY,m10.gates.0,DIAGNOSTIC,PASS,6169,"{""p10"":4616,""p90"":6169}",Opportunity density is not a pool-tail outlier.
ABDUCTIONS,ABDUCTIONS-4c1df7e8,TILE_PARTICIPATION,m10.gates.0,DIAGNOSTIC,WARN,2298,"""<=0.9""",Tile participation is uneven but not a hard validity failure.
ABDUCTIONS,ABDUCTIONS-4c1df7e8,HEXALINK_SANITY,m10.gates.0,DIAGNOSTIC,PASS,0.234,""".01-.95""",Hexalink geometry and participation are non-pathological.
ABDUCTIONS,ABDUCTIONS-4c1df7e8,HISTORICAL_SIMILARITY,m10.gates.0,QUALITY,PASS,83.26,"{""p10"":null,""p90"":null,""median"":null,""count"":0}",Historical envelope is in warm-up.
ABDUCTIONS,ABDUCTIONS-4c1df7e8,SELECTION_MARGIN,m10.gates.0,QUALITY,PASS,"{""band"":""middle"",""rank"":5}","""middle band""",Candidate is in the selected relative region.
ABDUCTIONS,ABDUCTIONS-4c1df7e8,MONTE_CARLO_STABILITY,m10.gates.0,QUALITY,PASS,0.5044698517506285,"""<=2""",REGULAR score uncertainty is bounded.
ABDUCTIONS,ABDUCTIONS-4c1df7e8,PUBLIC_PRIVATE_SEPARATION,m10.gates.0,MANDATORY,PASS,true,true,Public artifact contains no private fields.
ABDUCTIONS,ABDUCTIONS-4c1df7e8,ARTIFACT_SCHEMA,m10.gates.0,MANDATORY,PASS,true,true,"Public, private, and queue schemas passed."
ABDUCTIONS,ABDUCTIONS-4c1df7e8,REPRODUCIBILITY,m10.gates.0,MANDATORY,PASS,true,true,Regeneration reproduced candidate identity and hashes.
ABHORRENCE,ABHORRENCE-ba7b8175,STRUCTURAL_CERTIFICATION,m10.gates.0,MANDATORY,PASS,"{""certified"":true,""score"":110}","""certified=true; replay score>=100""",M6 certification and Gold replay passed.
ABHORRENCE,ABHORRENCE-ba7b8175,DATA_INTEGRITY,m10.gates.0,MANDATORY,PASS,"{""policyVersion"":""m10.0"",""gateVersion"":""m10.gates.0"",""selectorVersion"":""m10.0"",""generatorVersion"":""m6.0"",""rulesVersion"":""qjynn-rules-local"",""vocabularyVersion"":""1.0"",""simulatorVersion"":""m8.1"",""playerModelVersion"":""m8.1.players.0"",""familiarity"":{""provider"":""wordfreq"",""sourceVersion"":""v3.2"",""packageVersion"":""3.1.1"",""sourceRevision"":""42233e6c36ce792031bcccfa17cdd0cec9af5fa7"",""normalizationVersion"":""zipf-linear-v1"",""source"":""https://github.com/rspeer/wordfreq"",""license"":""Apache-2.0 code; included source data requires CC BY-SA 4.0 attribution"",""wordlist"":""large"",""language"":""en""},""publicationValidatorVersion"":""m10.validator.0""}","""known versions and grid hash""",Required versions and grid hash are present.
ABHORRENCE,ABHORRENCE-ba7b8175,REAL_FAMILIARITY,m10.gates.0,MANDATORY,PASS,"{""provider"":""wordfreq"",""sourceVersion"":""v3.2"",""packageVersion"":""3.1.1"",""sourceRevision"":""42233e6c36ce792031bcccfa17cdd0cec9af5fa7"",""normalizationVersion"":""zipf-linear-v1"",""source"":""https://github.com/rspeer/wordfreq"",""license"":""Apache-2.0 code; included source data requires CC BY-SA 4.0 attribution"",""wordlist"":""large"",""language"":""en""}","""wordfreq with source and normalization metadata""",Approved real familiarity provider is active.
ABHORRENCE,ABHORRENCE-ba7b8175,COMPARATIVE_DIFFICULTY,m10.gates.0,QUALITY,PASS,"""middle""","""middle""",Candidate is in the preferred middle band.
ABHORRENCE,ABHORRENCE-ba7b8175,MEDAL_DISTRIBUTION,m10.gates.0,QUALITY,PASS,"{""gold"":0.082,""silver"":0.798,""bronze"":0.12}","""not degenerate""",REGULAR medal distribution is non-degenerate.
ABHORRENCE,ABHORRENCE-ba7b8175,VOCABULARY_ACCESSIBILITY,m10.gates.0,QUALITY,WARN,"{""rareWordDependency"":1,""meanPlayedFamiliarity"":0.3059114679612629}","""rare dependency<=.95 and familiarity>=.1""",Vocabulary accessibility is an extreme relative diagnostic.
ABHORRENCE,ABHORRENCE-ba7b8175,MOVE_SPACE_SANITY,m10.gates.0,DIAGNOSTIC,PASS,5432,"{""p10"":4319,""p90"":6447}",Opportunity density is not a pool-tail outlier.
ABHORRENCE,ABHORRENCE-ba7b8175,TILE_PARTICIPATION,m10.gates.0,DIAGNOSTIC,WARN,1534,"""<=0.9""",Tile participation is uneven but not a hard validity failure.
ABHORRENCE,ABHORRENCE-ba7b8175,HEXALINK_SANITY,m10.gates.0,DIAGNOSTIC,PASS,0.206,""".01-.95""",Hexalink geometry and participation are non-pathological.
ABHORRENCE,ABHORRENCE-ba7b8175,HISTORICAL_SIMILARITY,m10.gates.0,QUALITY,PASS,82.58,"{""p10"":null,""p90"":null,""median"":null,""count"":0}",Historical envelope is in warm-up.
ABHORRENCE,ABHORRENCE-ba7b8175,SELECTION_MARGIN,m10.gates.0,QUALITY,PASS,"{""band"":""middle"",""rank"":6}","""middle band""",Candidate is in the selected relative region.
ABHORRENCE,ABHORRENCE-ba7b8175,MONTE_CARLO_STABILITY,m10.gates.0,QUALITY,PASS,0.5568785350606045,"""<=2""",REGULAR score uncertainty is bounded.
ABHORRENCE,ABHORRENCE-ba7b8175,PUBLIC_PRIVATE_SEPARATION,m10.gates.0,MANDATORY,PASS,true,true,Public artifact contains no private fields.
ABHORRENCE,ABHORRENCE-ba7b8175,ARTIFACT_SCHEMA,m10.gates.0,MANDATORY,PASS,true,true,"Public, private, and queue schemas passed."
ABHORRENCE,ABHORRENCE-ba7b8175,REPRODUCIBILITY,m10.gates.0,MANDATORY,PASS,true,true,Regeneration reproduced candidate identity and hashes.
ABHORRENCE,ABHORRENCE-97a76efa,STRUCTURAL_CERTIFICATION,m10.gates.0,MANDATORY,PASS,"{""certified"":true,""score"":100}","""certified=true; replay score>=100""",M6 certification and Gold replay passed.
ABHORRENCE,ABHORRENCE-97a76efa,DATA_INTEGRITY,m10.gates.0,MANDATORY,PASS,"{""policyVersion"":""m10.0"",""gateVersion"":""m10.gates.0"",""selectorVersion"":""m10.0"",""generatorVersion"":""m6.0"",""rulesVersion"":""qjynn-rules-local"",""vocabularyVersion"":""1.0"",""simulatorVersion"":""m8.1"",""playerModelVersion"":""m8.1.players.0"",""familiarity"":{""provider"":""wordfreq"",""sourceVersion"":""v3.2"",""packageVersion"":""3.1.1"",""sourceRevision"":""42233e6c36ce792031bcccfa17cdd0cec9af5fa7"",""normalizationVersion"":""zipf-linear-v1"",""source"":""https://github.com/rspeer/wordfreq"",""license"":""Apache-2.0 code; included source data requires CC BY-SA 4.0 attribution"",""wordlist"":""large"",""language"":""en""},""publicationValidatorVersion"":""m10.validator.0""}","""known versions and grid hash""",Required versions and grid hash are present.
ABHORRENCE,ABHORRENCE-97a76efa,REAL_FAMILIARITY,m10.gates.0,MANDATORY,PASS,"{""provider"":""wordfreq"",""sourceVersion"":""v3.2"",""packageVersion"":""3.1.1"",""sourceRevision"":""42233e6c36ce792031bcccfa17cdd0cec9af5fa7"",""normalizationVersion"":""zipf-linear-v1"",""source"":""https://github.com/rspeer/wordfreq"",""license"":""Apache-2.0 code; included source data requires CC BY-SA 4.0 attribution"",""wordlist"":""large"",""language"":""en""}","""wordfreq with source and normalization metadata""",Approved real familiarity provider is active.
ABHORRENCE,ABHORRENCE-97a76efa,COMPARATIVE_DIFFICULTY,m10.gates.0,QUALITY,PASS,"""middle""","""middle""",Candidate is in the preferred middle band.
ABHORRENCE,ABHORRENCE-97a76efa,MEDAL_DISTRIBUTION,m10.gates.0,QUALITY,PASS,"{""gold"":0.074,""silver"":0.82,""bronze"":0.106}","""not degenerate""",REGULAR medal distribution is non-degenerate.
ABHORRENCE,ABHORRENCE-97a76efa,VOCABULARY_ACCESSIBILITY,m10.gates.0,QUALITY,WARN,"{""rareWordDependency"":1,""meanPlayedFamiliarity"":0.29047216460797215}","""rare dependency<=.95 and familiarity>=.1""",Vocabulary accessibility is an extreme relative diagnostic.
ABHORRENCE,ABHORRENCE-97a76efa,MOVE_SPACE_SANITY,m10.gates.0,DIAGNOSTIC,PASS,6447,"{""p10"":4319,""p90"":6447}",Opportunity density is not a pool-tail outlier.
ABHORRENCE,ABHORRENCE-97a76efa,TILE_PARTICIPATION,m10.gates.0,DIAGNOSTIC,WARN,2291,"""<=0.9""",Tile participation is uneven but not a hard validity failure.
ABHORRENCE,ABHORRENCE-97a76efa,HEXALINK_SANITY,m10.gates.0,DIAGNOSTIC,PASS,0.192,""".01-.95""",Hexalink geometry and participation are non-pathological.
ABHORRENCE,ABHORRENCE-97a76efa,HISTORICAL_SIMILARITY,m10.gates.0,QUALITY,PASS,82.218,"{""p10"":null,""p90"":null,""median"":null,""count"":0}",Historical envelope is in warm-up.
ABHORRENCE,ABHORRENCE-97a76efa,SELECTION_MARGIN,m10.gates.0,QUALITY,PASS,"{""band"":""middle"",""rank"":7}","""middle band""",Candidate is in the selected relative region.
ABHORRENCE,ABHORRENCE-97a76efa,MONTE_CARLO_STABILITY,m10.gates.0,QUALITY,PASS,0.5115221477419346,"""<=2""",REGULAR score uncertainty is bounded.
ABHORRENCE,ABHORRENCE-97a76efa,PUBLIC_PRIVATE_SEPARATION,m10.gates.0,MANDATORY,PASS,true,true,Public artifact contains no private fields.
ABHORRENCE,ABHORRENCE-97a76efa,ARTIFACT_SCHEMA,m10.gates.0,MANDATORY,PASS,true,true,"Public, private, and queue schemas passed."
ABHORRENCE,ABHORRENCE-97a76efa,REPRODUCIBILITY,m10.gates.0,MANDATORY,PASS,true,true,Regeneration reproduced candidate identity and hashes.
ABHORRENCE,ABHORRENCE-b9afc5ec,STRUCTURAL_CERTIFICATION,m10.gates.0,MANDATORY,PASS,"{""certified"":true,""score"":110}","""certified=true; replay score>=100""",M6 certification and Gold replay passed.
ABHORRENCE,ABHORRENCE-b9afc5ec,DATA_INTEGRITY,m10.gates.0,MANDATORY,PASS,"{""policyVersion"":""m10.0"",""gateVersion"":""m10.gates.0"",""selectorVersion"":""m10.0"",""generatorVersion"":""m6.0"",""rulesVersion"":""qjynn-rules-local"",""vocabularyVersion"":""1.0"",""simulatorVersion"":""m8.1"",""playerModelVersion"":""m8.1.players.0"",""familiarity"":{""provider"":""wordfreq"",""sourceVersion"":""v3.2"",""packageVersion"":""3.1.1"",""sourceRevision"":""42233e6c36ce792031bcccfa17cdd0cec9af5fa7"",""normalizationVersion"":""zipf-linear-v1"",""source"":""https://github.com/rspeer/wordfreq"",""license"":""Apache-2.0 code; included source data requires CC BY-SA 4.0 attribution"",""wordlist"":""large"",""language"":""en""},""publicationValidatorVersion"":""m10.validator.0""}","""known versions and grid hash""",Required versions and grid hash are present.
ABHORRENCE,ABHORRENCE-b9afc5ec,REAL_FAMILIARITY,m10.gates.0,MANDATORY,PASS,"{""provider"":""wordfreq"",""sourceVersion"":""v3.2"",""packageVersion"":""3.1.1"",""sourceRevision"":""42233e6c36ce792031bcccfa17cdd0cec9af5fa7"",""normalizationVersion"":""zipf-linear-v1"",""source"":""https://github.com/rspeer/wordfreq"",""license"":""Apache-2.0 code; included source data requires CC BY-SA 4.0 attribution"",""wordlist"":""large"",""language"":""en""}","""wordfreq with source and normalization metadata""",Approved real familiarity provider is active.
ABHORRENCE,ABHORRENCE-b9afc5ec,COMPARATIVE_DIFFICULTY,m10.gates.0,QUALITY,PASS,"""middle""","""middle""",Candidate is in the preferred middle band.
ABHORRENCE,ABHORRENCE-b9afc5ec,MEDAL_DISTRIBUTION,m10.gates.0,QUALITY,PASS,"{""gold"":0.104,""silver"":0.764,""bronze"":0.132}","""not degenerate""",REGULAR medal distribution is non-degenerate.
ABHORRENCE,ABHORRENCE-b9afc5ec,VOCABULARY_ACCESSIBILITY,m10.gates.0,QUALITY,WARN,"{""rareWordDependency"":1,""meanPlayedFamiliarity"":0.31003226853480126}","""rare dependency<=.95 and familiarity>=.1""",Vocabulary accessibility is an extreme relative diagnostic.
ABHORRENCE,ABHORRENCE-b9afc5ec,MOVE_SPACE_SANITY,m10.gates.0,DIAGNOSTIC,PASS,4319,"{""p10"":4319,""p90"":6447}",Opportunity density is not a pool-tail outlier.
ABHORRENCE,ABHORRENCE-b9afc5ec,TILE_PARTICIPATION,m10.gates.0,DIAGNOSTIC,WARN,1509,"""<=0.9""",Tile participation is uneven but not a hard validity failure.
ABHORRENCE,ABHORRENCE-b9afc5ec,HEXALINK_SANITY,m10.gates.0,DIAGNOSTIC,PASS,0.266,""".01-.95""",Hexalink geometry and participation are non-pathological.
ABHORRENCE,ABHORRENCE-b9afc5ec,HISTORICAL_SIMILARITY,m10.gates.0,QUALITY,PASS,83.138,"{""p10"":null,""p90"":null,""median"":null,""count"":0}",Historical envelope is in warm-up.
ABHORRENCE,ABHORRENCE-b9afc5ec,SELECTION_MARGIN,m10.gates.0,QUALITY,PASS,"{""band"":""middle"",""rank"":5}","""middle band""",Candidate is in the selected relative region.
ABHORRENCE,ABHORRENCE-b9afc5ec,MONTE_CARLO_STABILITY,m10.gates.0,QUALITY,PASS,0.5159754360455636,"""<=2""",REGULAR score uncertainty is bounded.
ABHORRENCE,ABHORRENCE-b9afc5ec,PUBLIC_PRIVATE_SEPARATION,m10.gates.0,MANDATORY,PASS,true,true,Public artifact contains no private fields.
ABHORRENCE,ABHORRENCE-b9afc5ec,ARTIFACT_SCHEMA,m10.gates.0,MANDATORY,PASS,true,true,"Public, private, and queue schemas passed."
ABHORRENCE,ABHORRENCE-b9afc5ec,REPRODUCIBILITY,m10.gates.0,MANDATORY,PASS,true,true,Regeneration reproduced candidate identity and hashes.
ABOLISHING,ABOLISHING-20b22641,STRUCTURAL_CERTIFICATION,m10.gates.0,MANDATORY,PASS,"{""certified"":true,""score"":110}","""certified=true; replay score>=100""",M6 certification and Gold replay passed.
ABOLISHING,ABOLISHING-20b22641,DATA_INTEGRITY,m10.gates.0,MANDATORY,PASS,"{""policyVersion"":""m10.0"",""gateVersion"":""m10.gates.0"",""selectorVersion"":""m10.0"",""generatorVersion"":""m6.0"",""rulesVersion"":""qjynn-rules-local"",""vocabularyVersion"":""1.0"",""simulatorVersion"":""m8.1"",""playerModelVersion"":""m8.1.players.0"",""familiarity"":{""provider"":""wordfreq"",""sourceVersion"":""v3.2"",""packageVersion"":""3.1.1"",""sourceRevision"":""42233e6c36ce792031bcccfa17cdd0cec9af5fa7"",""normalizationVersion"":""zipf-linear-v1"",""source"":""https://github.com/rspeer/wordfreq"",""license"":""Apache-2.0 code; included source data requires CC BY-SA 4.0 attribution"",""wordlist"":""large"",""language"":""en""},""publicationValidatorVersion"":""m10.validator.0""}","""known versions and grid hash""",Required versions and grid hash are present.
ABOLISHING,ABOLISHING-20b22641,REAL_FAMILIARITY,m10.gates.0,MANDATORY,PASS,"{""provider"":""wordfreq"",""sourceVersion"":""v3.2"",""packageVersion"":""3.1.1"",""sourceRevision"":""42233e6c36ce792031bcccfa17cdd0cec9af5fa7"",""normalizationVersion"":""zipf-linear-v1"",""source"":""https://github.com/rspeer/wordfreq"",""license"":""Apache-2.0 code; included source data requires CC BY-SA 4.0 attribution"",""wordlist"":""large"",""language"":""en""}","""wordfreq with source and normalization metadata""",Approved real familiarity provider is active.
ABOLISHING,ABOLISHING-20b22641,COMPARATIVE_DIFFICULTY,m10.gates.0,QUALITY,PASS,"""middle""","""middle""",Candidate is in the preferred middle band.
ABOLISHING,ABOLISHING-20b22641,MEDAL_DISTRIBUTION,m10.gates.0,QUALITY,PASS,"{""gold"":0.062,""silver"":0.788,""bronze"":0.15}","""not degenerate""",REGULAR medal distribution is non-degenerate.
ABOLISHING,ABOLISHING-20b22641,VOCABULARY_ACCESSIBILITY,m10.gates.0,QUALITY,WARN,"{""rareWordDependency"":1,""meanPlayedFamiliarity"":0.2988582471290915}","""rare dependency<=.95 and familiarity>=.1""",Vocabulary accessibility is an extreme relative diagnostic.
ABOLISHING,ABOLISHING-20b22641,MOVE_SPACE_SANITY,m10.gates.0,DIAGNOSTIC,PASS,5869,"{""p10"":4900,""p90"":6328}",Opportunity density is not a pool-tail outlier.
ABOLISHING,ABOLISHING-20b22641,TILE_PARTICIPATION,m10.gates.0,DIAGNOSTIC,WARN,1601,"""<=0.9""",Tile participation is uneven but not a hard validity failure.
ABOLISHING,ABOLISHING-20b22641,HEXALINK_SANITY,m10.gates.0,DIAGNOSTIC,PASS,0.22,""".01-.95""",Hexalink geometry and participation are non-pathological.
ABOLISHING,ABOLISHING-20b22641,HISTORICAL_SIMILARITY,m10.gates.0,QUALITY,PASS,81.314,"{""p10"":null,""p90"":null,""median"":null,""count"":0}",Historical envelope is in warm-up.
ABOLISHING,ABOLISHING-20b22641,SELECTION_MARGIN,m10.gates.0,QUALITY,PASS,"{""band"":""middle"",""rank"":6}","""middle band""",Candidate is in the selected relative region.
ABOLISHING,ABOLISHING-20b22641,MONTE_CARLO_STABILITY,m10.gates.0,QUALITY,PASS,0.5087968641766416,"""<=2""",REGULAR score uncertainty is bounded.
ABOLISHING,ABOLISHING-20b22641,PUBLIC_PRIVATE_SEPARATION,m10.gates.0,MANDATORY,PASS,true,true,Public artifact contains no private fields.
ABOLISHING,ABOLISHING-20b22641,ARTIFACT_SCHEMA,m10.gates.0,MANDATORY,PASS,true,true,"Public, private, and queue schemas passed."
ABOLISHING,ABOLISHING-20b22641,REPRODUCIBILITY,m10.gates.0,MANDATORY,PASS,true,true,Regeneration reproduced candidate identity and hashes.
ABOLISHING,ABOLISHING-f162c34d,STRUCTURAL_CERTIFICATION,m10.gates.0,MANDATORY,PASS,"{""certified"":true,""score"":110}","""certified=true; replay score>=100""",M6 certification and Gold replay passed.
ABOLISHING,ABOLISHING-f162c34d,DATA_INTEGRITY,m10.gates.0,MANDATORY,PASS,"{""policyVersion"":""m10.0"",""gateVersion"":""m10.gates.0"",""selectorVersion"":""m10.0"",""generatorVersion"":""m6.0"",""rulesVersion"":""qjynn-rules-local"",""vocabularyVersion"":""1.0"",""simulatorVersion"":""m8.1"",""playerModelVersion"":""m8.1.players.0"",""familiarity"":{""provider"":""wordfreq"",""sourceVersion"":""v3.2"",""packageVersion"":""3.1.1"",""sourceRevision"":""42233e6c36ce792031bcccfa17cdd0cec9af5fa7"",""normalizationVersion"":""zipf-linear-v1"",""source"":""https://github.com/rspeer/wordfreq"",""license"":""Apache-2.0 code; included source data requires CC BY-SA 4.0 attribution"",""wordlist"":""large"",""language"":""en""},""publicationValidatorVersion"":""m10.validator.0""}","""known versions and grid hash""",Required versions and grid hash are present.
ABOLISHING,ABOLISHING-f162c34d,REAL_FAMILIARITY,m10.gates.0,MANDATORY,PASS,"{""provider"":""wordfreq"",""sourceVersion"":""v3.2"",""packageVersion"":""3.1.1"",""sourceRevision"":""42233e6c36ce792031bcccfa17cdd0cec9af5fa7"",""normalizationVersion"":""zipf-linear-v1"",""source"":""https://github.com/rspeer/wordfreq"",""license"":""Apache-2.0 code; included source data requires CC BY-SA 4.0 attribution"",""wordlist"":""large"",""language"":""en""}","""wordfreq with source and normalization metadata""",Approved real familiarity provider is active.
ABOLISHING,ABOLISHING-f162c34d,COMPARATIVE_DIFFICULTY,m10.gates.0,QUALITY,PASS,"""middle""","""middle""",Candidate is in the preferred middle band.
ABOLISHING,ABOLISHING-f162c34d,MEDAL_DISTRIBUTION,m10.gates.0,QUALITY,PASS,"{""gold"":0.072,""silver"":0.794,""bronze"":0.134}","""not degenerate""",REGULAR medal distribution is non-degenerate.
ABOLISHING,ABOLISHING-f162c34d,VOCABULARY_ACCESSIBILITY,m10.gates.0,QUALITY,WARN,"{""rareWordDependency"":1,""meanPlayedFamiliarity"":0.29532608837664637}","""rare dependency<=.95 and familiarity>=.1""",Vocabulary accessibility is an extreme relative diagnostic.
ABOLISHING,ABOLISHING-f162c34d,MOVE_SPACE_SANITY,m10.gates.0,DIAGNOSTIC,PASS,4900,"{""p10"":4900,""p90"":6328}",Opportunity density is not a pool-tail outlier.
ABOLISHING,ABOLISHING-f162c34d,TILE_PARTICIPATION,m10.gates.0,DIAGNOSTIC,WARN,1669,"""<=0.9""",Tile participation is uneven but not a hard validity failure.
ABOLISHING,ABOLISHING-f162c34d,HEXALINK_SANITY,m10.gates.0,DIAGNOSTIC,PASS,0.25,""".01-.95""",Hexalink geometry and participation are non-pathological.
ABOLISHING,ABOLISHING-f162c34d,HISTORICAL_SIMILARITY,m10.gates.0,QUALITY,PASS,81.188,"{""p10"":null,""p90"":null,""median"":null,""count"":0}",Historical envelope is in warm-up.
ABOLISHING,ABOLISHING-f162c34d,SELECTION_MARGIN,m10.gates.0,QUALITY,PASS,"{""band"":""middle"",""rank"":7}","""middle band""",Candidate is in the selected relative region.
ABOLISHING,ABOLISHING-f162c34d,MONTE_CARLO_STABILITY,m10.gates.0,QUALITY,PASS,0.5716203699917961,"""<=2""",REGULAR score uncertainty is bounded.
ABOLISHING,ABOLISHING-f162c34d,PUBLIC_PRIVATE_SEPARATION,m10.gates.0,MANDATORY,PASS,true,true,Public artifact contains no private fields.
ABOLISHING,ABOLISHING-f162c34d,ARTIFACT_SCHEMA,m10.gates.0,MANDATORY,PASS,true,true,"Public, private, and queue schemas passed."
ABOLISHING,ABOLISHING-f162c34d,REPRODUCIBILITY,m10.gates.0,MANDATORY,PASS,true,true,Regeneration reproduced candidate identity and hashes.
ABOLISHING,ABOLISHING-206cbfd1,STRUCTURAL_CERTIFICATION,m10.gates.0,MANDATORY,PASS,"{""certified"":true,""score"":110}","""certified=true; replay score>=100""",M6 certification and Gold replay passed.
ABOLISHING,ABOLISHING-206cbfd1,DATA_INTEGRITY,m10.gates.0,MANDATORY,PASS,"{""policyVersion"":""m10.0"",""gateVersion"":""m10.gates.0"",""selectorVersion"":""m10.0"",""generatorVersion"":""m6.0"",""rulesVersion"":""qjynn-rules-local"",""vocabularyVersion"":""1.0"",""simulatorVersion"":""m8.1"",""playerModelVersion"":""m8.1.players.0"",""familiarity"":{""provider"":""wordfreq"",""sourceVersion"":""v3.2"",""packageVersion"":""3.1.1"",""sourceRevision"":""42233e6c36ce792031bcccfa17cdd0cec9af5fa7"",""normalizationVersion"":""zipf-linear-v1"",""source"":""https://github.com/rspeer/wordfreq"",""license"":""Apache-2.0 code; included source data requires CC BY-SA 4.0 attribution"",""wordlist"":""large"",""language"":""en""},""publicationValidatorVersion"":""m10.validator.0""}","""known versions and grid hash""",Required versions and grid hash are present.
ABOLISHING,ABOLISHING-206cbfd1,REAL_FAMILIARITY,m10.gates.0,MANDATORY,PASS,"{""provider"":""wordfreq"",""sourceVersion"":""v3.2"",""packageVersion"":""3.1.1"",""sourceRevision"":""42233e6c36ce792031bcccfa17cdd0cec9af5fa7"",""normalizationVersion"":""zipf-linear-v1"",""source"":""https://github.com/rspeer/wordfreq"",""license"":""Apache-2.0 code; included source data requires CC BY-SA 4.0 attribution"",""wordlist"":""large"",""language"":""en""}","""wordfreq with source and normalization metadata""",Approved real familiarity provider is active.
ABOLISHING,ABOLISHING-206cbfd1,COMPARATIVE_DIFFICULTY,m10.gates.0,QUALITY,PASS,"""middle""","""middle""",Candidate is in the preferred middle band.
ABOLISHING,ABOLISHING-206cbfd1,MEDAL_DISTRIBUTION,m10.gates.0,QUALITY,PASS,"{""gold"":0.09,""silver"":0.784,""bronze"":0.126}","""not degenerate""",REGULAR medal distribution is non-degenerate.
ABOLISHING,ABOLISHING-206cbfd1,VOCABULARY_ACCESSIBILITY,m10.gates.0,QUALITY,WARN,"{""rareWordDependency"":1,""meanPlayedFamiliarity"":0.3011219651345436}","""rare dependency<=.95 and familiarity>=.1""",Vocabulary accessibility is an extreme relative diagnostic.
ABOLISHING,ABOLISHING-206cbfd1,MOVE_SPACE_SANITY,m10.gates.0,DIAGNOSTIC,PASS,5713,"{""p10"":4900,""p90"":6328}",Opportunity density is not a pool-tail outlier.
ABOLISHING,ABOLISHING-206cbfd1,TILE_PARTICIPATION,m10.gates.0,DIAGNOSTIC,WARN,1428,"""<=0.9""",Tile participation is uneven but not a hard validity failure.
ABOLISHING,ABOLISHING-206cbfd1,HEXALINK_SANITY,m10.gates.0,DIAGNOSTIC,PASS,0.284,""".01-.95""",Hexalink geometry and participation are non-pathological.
ABOLISHING,ABOLISHING-206cbfd1,HISTORICAL_SIMILARITY,m10.gates.0,QUALITY,PASS,82.774,"{""p10"":null,""p90"":null,""median"":null,""count"":0}",Historical envelope is in warm-up.
ABOLISHING,ABOLISHING-206cbfd1,SELECTION_MARGIN,m10.gates.0,QUALITY,PASS,"{""band"":""middle"",""rank"":5}","""middle band""",Candidate is in the selected relative region.
ABOLISHING,ABOLISHING-206cbfd1,MONTE_CARLO_STABILITY,m10.gates.0,QUALITY,PASS,0.5194932346850478,"""<=2""",REGULAR score uncertainty is bounded.
ABOLISHING,ABOLISHING-206cbfd1,PUBLIC_PRIVATE_SEPARATION,m10.gates.0,MANDATORY,PASS,true,true,Public artifact contains no private fields.
ABOLISHING,ABOLISHING-206cbfd1,ARTIFACT_SCHEMA,m10.gates.0,MANDATORY,PASS,true,true,"Public, private, and queue schemas passed."
ABOLISHING,ABOLISHING-206cbfd1,REPRODUCIBILITY,m10.gates.0,MANDATORY,PASS,true,true,Regeneration reproduced candidate identity and hashes.
ABROGATING,ABROGATING-ca883f9b,STRUCTURAL_CERTIFICATION,m10.gates.0,MANDATORY,PASS,"{""certified"":true,""score"":110}","""certified=true; replay score>=100""",M6 certification and Gold replay passed.
ABROGATING,ABROGATING-ca883f9b,DATA_INTEGRITY,m10.gates.0,MANDATORY,PASS,"{""policyVersion"":""m10.0"",""gateVersion"":""m10.gates.0"",""selectorVersion"":""m10.0"",""generatorVersion"":""m6.0"",""rulesVersion"":""qjynn-rules-local"",""vocabularyVersion"":""1.0"",""simulatorVersion"":""m8.1"",""playerModelVersion"":""m8.1.players.0"",""familiarity"":{""provider"":""wordfreq"",""sourceVersion"":""v3.2"",""packageVersion"":""3.1.1"",""sourceRevision"":""42233e6c36ce792031bcccfa17cdd0cec9af5fa7"",""normalizationVersion"":""zipf-linear-v1"",""source"":""https://github.com/rspeer/wordfreq"",""license"":""Apache-2.0 code; included source data requires CC BY-SA 4.0 attribution"",""wordlist"":""large"",""language"":""en""},""publicationValidatorVersion"":""m10.validator.0""}","""known versions and grid hash""",Required versions and grid hash are present.
ABROGATING,ABROGATING-ca883f9b,REAL_FAMILIARITY,m10.gates.0,MANDATORY,PASS,"{""provider"":""wordfreq"",""sourceVersion"":""v3.2"",""packageVersion"":""3.1.1"",""sourceRevision"":""42233e6c36ce792031bcccfa17cdd0cec9af5fa7"",""normalizationVersion"":""zipf-linear-v1"",""source"":""https://github.com/rspeer/wordfreq"",""license"":""Apache-2.0 code; included source data requires CC BY-SA 4.0 attribution"",""wordlist"":""large"",""language"":""en""}","""wordfreq with source and normalization metadata""",Approved real familiarity provider is active.
ABROGATING,ABROGATING-ca883f9b,COMPARATIVE_DIFFICULTY,m10.gates.0,QUALITY,PASS,"""middle""","""middle""",Candidate is in the preferred middle band.
ABROGATING,ABROGATING-ca883f9b,MEDAL_DISTRIBUTION,m10.gates.0,QUALITY,PASS,"{""gold"":0.098,""silver"":0.796,""bronze"":0.106}","""not degenerate""",REGULAR medal distribution is non-degenerate.
ABROGATING,ABROGATING-ca883f9b,VOCABULARY_ACCESSIBILITY,m10.gates.0,QUALITY,WARN,"{""rareWordDependency"":1,""meanPlayedFamiliarity"":0.2973990601082131}","""rare dependency<=.95 and familiarity>=.1""",Vocabulary accessibility is an extreme relative diagnostic.
ABROGATING,ABROGATING-ca883f9b,MOVE_SPACE_SANITY,m10.gates.0,DIAGNOSTIC,PASS,5872,"{""p10"":4500,""p90"":6129}",Opportunity density is not a pool-tail outlier.
ABROGATING,ABROGATING-ca883f9b,TILE_PARTICIPATION,m10.gates.0,DIAGNOSTIC,WARN,1459,"""<=0.9""",Tile participation is uneven but not a hard validity failure.
ABROGATING,ABROGATING-ca883f9b,HEXALINK_SANITY,m10.gates.0,DIAGNOSTIC,PASS,0.238,""".01-.95""",Hexalink geometry and participation are non-pathological.
ABROGATING,ABROGATING-ca883f9b,HISTORICAL_SIMILARITY,m10.gates.0,QUALITY,PASS,82.884,"{""p10"":null,""p90"":null,""median"":null,""count"":0}",Historical envelope is in warm-up.
ABROGATING,ABROGATING-ca883f9b,SELECTION_MARGIN,m10.gates.0,QUALITY,PASS,"{""band"":""middle"",""rank"":6}","""middle band""",Candidate is in the selected relative region.
ABROGATING,ABROGATING-ca883f9b,MONTE_CARLO_STABILITY,m10.gates.0,QUALITY,PASS,0.48764659004974964,"""<=2""",REGULAR score uncertainty is bounded.
ABROGATING,ABROGATING-ca883f9b,PUBLIC_PRIVATE_SEPARATION,m10.gates.0,MANDATORY,PASS,true,true,Public artifact contains no private fields.
ABROGATING,ABROGATING-ca883f9b,ARTIFACT_SCHEMA,m10.gates.0,MANDATORY,PASS,true,true,"Public, private, and queue schemas passed."
ABROGATING,ABROGATING-ca883f9b,REPRODUCIBILITY,m10.gates.0,MANDATORY,PASS,true,true,Regeneration reproduced candidate identity and hashes.
ABROGATING,ABROGATING-eb85a7d8,STRUCTURAL_CERTIFICATION,m10.gates.0,MANDATORY,PASS,"{""certified"":true,""score"":110}","""certified=true; replay score>=100""",M6 certification and Gold replay passed.
ABROGATING,ABROGATING-eb85a7d8,DATA_INTEGRITY,m10.gates.0,MANDATORY,PASS,"{""policyVersion"":""m10.0"",""gateVersion"":""m10.gates.0"",""selectorVersion"":""m10.0"",""generatorVersion"":""m6.0"",""rulesVersion"":""qjynn-rules-local"",""vocabularyVersion"":""1.0"",""simulatorVersion"":""m8.1"",""playerModelVersion"":""m8.1.players.0"",""familiarity"":{""provider"":""wordfreq"",""sourceVersion"":""v3.2"",""packageVersion"":""3.1.1"",""sourceRevision"":""42233e6c36ce792031bcccfa17cdd0cec9af5fa7"",""normalizationVersion"":""zipf-linear-v1"",""source"":""https://github.com/rspeer/wordfreq"",""license"":""Apache-2.0 code; included source data requires CC BY-SA 4.0 attribution"",""wordlist"":""large"",""language"":""en""},""publicationValidatorVersion"":""m10.validator.0""}","""known versions and grid hash""",Required versions and grid hash are present.
ABROGATING,ABROGATING-eb85a7d8,REAL_FAMILIARITY,m10.gates.0,MANDATORY,PASS,"{""provider"":""wordfreq"",""sourceVersion"":""v3.2"",""packageVersion"":""3.1.1"",""sourceRevision"":""42233e6c36ce792031bcccfa17cdd0cec9af5fa7"",""normalizationVersion"":""zipf-linear-v1"",""source"":""https://github.com/rspeer/wordfreq"",""license"":""Apache-2.0 code; included source data requires CC BY-SA 4.0 attribution"",""wordlist"":""large"",""language"":""en""}","""wordfreq with source and normalization metadata""",Approved real familiarity provider is active.
ABROGATING,ABROGATING-eb85a7d8,COMPARATIVE_DIFFICULTY,m10.gates.0,QUALITY,PASS,"""middle""","""middle""",Candidate is in the preferred middle band.
ABROGATING,ABROGATING-eb85a7d8,MEDAL_DISTRIBUTION,m10.gates.0,QUALITY,PASS,"{""gold"":0.086,""silver"":0.798,""bronze"":0.116}","""not degenerate""",REGULAR medal distribution is non-degenerate.
ABROGATING,ABROGATING-eb85a7d8,VOCABULARY_ACCESSIBILITY,m10.gates.0,QUALITY,WARN,"{""rareWordDependency"":1,""meanPlayedFamiliarity"":0.28813825079867555}","""rare dependency<=.95 and familiarity>=.1""",Vocabulary accessibility is an extreme relative diagnostic.
ABROGATING,ABROGATING-eb85a7d8,MOVE_SPACE_SANITY,m10.gates.0,DIAGNOSTIC,PASS,5215,"{""p10"":4500,""p90"":6129}",Opportunity density is not a pool-tail outlier.
ABROGATING,ABROGATING-eb85a7d8,TILE_PARTICIPATION,m10.gates.0,DIAGNOSTIC,WARN,1447,"""<=0.9""",Tile participation is uneven but not a hard validity failure.
ABROGATING,ABROGATING-eb85a7d8,HEXALINK_SANITY,m10.gates.0,DIAGNOSTIC,PASS,0.256,""".01-.95""",Hexalink geometry and participation are non-pathological.
ABROGATING,ABROGATING-eb85a7d8,HISTORICAL_SIMILARITY,m10.gates.0,QUALITY,PASS,83.258,"{""p10"":null,""p90"":null,""median"":null,""count"":0}",Historical envelope is in warm-up.
ABROGATING,ABROGATING-eb85a7d8,SELECTION_MARGIN,m10.gates.0,QUALITY,PASS,"{""band"":""middle"",""rank"":5}","""middle band""",Candidate is in the selected relative region.
ABROGATING,ABROGATING-eb85a7d8,MONTE_CARLO_STABILITY,m10.gates.0,QUALITY,PASS,0.559447834492254,"""<=2""",REGULAR score uncertainty is bounded.
ABROGATING,ABROGATING-eb85a7d8,PUBLIC_PRIVATE_SEPARATION,m10.gates.0,MANDATORY,PASS,true,true,Public artifact contains no private fields.
ABROGATING,ABROGATING-eb85a7d8,ARTIFACT_SCHEMA,m10.gates.0,MANDATORY,PASS,true,true,"Public, private, and queue schemas passed."
ABROGATING,ABROGATING-eb85a7d8,REPRODUCIBILITY,m10.gates.0,MANDATORY,PASS,true,true,Regeneration reproduced candidate identity and hashes.
ABROGATING,ABROGATING-c05c7f24,STRUCTURAL_CERTIFICATION,m10.gates.0,MANDATORY,PASS,"{""certified"":true,""score"":110}","""certified=true; replay score>=100""",M6 certification and Gold replay passed.
ABROGATING,ABROGATING-c05c7f24,DATA_INTEGRITY,m10.gates.0,MANDATORY,PASS,"{""policyVersion"":""m10.0"",""gateVersion"":""m10.gates.0"",""selectorVersion"":""m10.0"",""generatorVersion"":""m6.0"",""rulesVersion"":""qjynn-rules-local"",""vocabularyVersion"":""1.0"",""simulatorVersion"":""m8.1"",""playerModelVersion"":""m8.1.players.0"",""familiarity"":{""provider"":""wordfreq"",""sourceVersion"":""v3.2"",""packageVersion"":""3.1.1"",""sourceRevision"":""42233e6c36ce792031bcccfa17cdd0cec9af5fa7"",""normalizationVersion"":""zipf-linear-v1"",""source"":""https://github.com/rspeer/wordfreq"",""license"":""Apache-2.0 code; included source data requires CC BY-SA 4.0 attribution"",""wordlist"":""large"",""language"":""en""},""publicationValidatorVersion"":""m10.validator.0""}","""known versions and grid hash""",Required versions and grid hash are present.
ABROGATING,ABROGATING-c05c7f24,REAL_FAMILIARITY,m10.gates.0,MANDATORY,PASS,"{""provider"":""wordfreq"",""sourceVersion"":""v3.2"",""packageVersion"":""3.1.1"",""sourceRevision"":""42233e6c36ce792031bcccfa17cdd0cec9af5fa7"",""normalizationVersion"":""zipf-linear-v1"",""source"":""https://github.com/rspeer/wordfreq"",""license"":""Apache-2.0 code; included source data requires CC BY-SA 4.0 attribution"",""wordlist"":""large"",""language"":""en""}","""wordfreq with source and normalization metadata""",Approved real familiarity provider is active.
ABROGATING,ABROGATING-c05c7f24,COMPARATIVE_DIFFICULTY,m10.gates.0,QUALITY,PASS,"""middle""","""middle""",Candidate is in the preferred middle band.
ABROGATING,ABROGATING-c05c7f24,MEDAL_DISTRIBUTION,m10.gates.0,QUALITY,PASS,"{""gold"":0.066,""silver"":0.818,""bronze"":0.116}","""not degenerate""",REGULAR medal distribution is non-degenerate.
ABROGATING,ABROGATING-c05c7f24,VOCABULARY_ACCESSIBILITY,m10.gates.0,QUALITY,WARN,"{""rareWordDependency"":1,""meanPlayedFamiliarity"":0.3070832039562053}","""rare dependency<=.95 and familiarity>=.1""",Vocabulary accessibility is an extreme relative diagnostic.
ABROGATING,ABROGATING-c05c7f24,MOVE_SPACE_SANITY,m10.gates.0,DIAGNOSTIC,PASS,5053,"{""p10"":4500,""p90"":6129}",Opportunity density is not a pool-tail outlier.
ABROGATING,ABROGATING-c05c7f24,TILE_PARTICIPATION,m10.gates.0,DIAGNOSTIC,WARN,1606,"""<=0.9""",Tile participation is uneven but not a hard validity failure.
ABROGATING,ABROGATING-c05c7f24,HEXALINK_SANITY,m10.gates.0,DIAGNOSTIC,PASS,0.19,""".01-.95""",Hexalink geometry and participation are non-pathological.
ABROGATING,ABROGATING-c05c7f24,HISTORICAL_SIMILARITY,m10.gates.0,QUALITY,PASS,82.392,"{""p10"":null,""p90"":null,""median"":null,""count"":0}",Historical envelope is in warm-up.
ABROGATING,ABROGATING-c05c7f24,SELECTION_MARGIN,m10.gates.0,QUALITY,PASS,"{""band"":""middle"",""rank"":7}","""middle band""",Candidate is in the selected relative region.
ABROGATING,ABROGATING-c05c7f24,MONTE_CARLO_STABILITY,m10.gates.0,QUALITY,PASS,0.4443707341821581,"""<=2""",REGULAR score uncertainty is bounded.
ABROGATING,ABROGATING-c05c7f24,PUBLIC_PRIVATE_SEPARATION,m10.gates.0,MANDATORY,PASS,true,true,Public artifact contains no private fields.
ABROGATING,ABROGATING-c05c7f24,ARTIFACT_SCHEMA,m10.gates.0,MANDATORY,PASS,true,true,"Public, private, and queue schemas passed."
ABROGATING,ABROGATING-c05c7f24,REPRODUCIBILITY,m10.gates.0,MANDATORY,PASS,true,true,Regeneration reproduced candidate identity and hashes.
ABSOLUTISM,ABSOLUTISM-e60f617b,STRUCTURAL_CERTIFICATION,m10.gates.0,MANDATORY,PASS,"{""certified"":true,""score"":115}","""certified=true; replay score>=100""",M6 certification and Gold replay passed.
ABSOLUTISM,ABSOLUTISM-e60f617b,DATA_INTEGRITY,m10.gates.0,MANDATORY,PASS,"{""policyVersion"":""m10.0"",""gateVersion"":""m10.gates.0"",""selectorVersion"":""m10.0"",""generatorVersion"":""m6.0"",""rulesVersion"":""qjynn-rules-local"",""vocabularyVersion"":""1.0"",""simulatorVersion"":""m8.1"",""playerModelVersion"":""m8.1.players.0"",""familiarity"":{""provider"":""wordfreq"",""sourceVersion"":""v3.2"",""packageVersion"":""3.1.1"",""sourceRevision"":""42233e6c36ce792031bcccfa17cdd0cec9af5fa7"",""normalizationVersion"":""zipf-linear-v1"",""source"":""https://github.com/rspeer/wordfreq"",""license"":""Apache-2.0 code; included source data requires CC BY-SA 4.0 attribution"",""wordlist"":""large"",""language"":""en""},""publicationValidatorVersion"":""m10.validator.0""}","""known versions and grid hash""",Required versions and grid hash are present.
ABSOLUTISM,ABSOLUTISM-e60f617b,REAL_FAMILIARITY,m10.gates.0,MANDATORY,PASS,"{""provider"":""wordfreq"",""sourceVersion"":""v3.2"",""packageVersion"":""3.1.1"",""sourceRevision"":""42233e6c36ce792031bcccfa17cdd0cec9af5fa7"",""normalizationVersion"":""zipf-linear-v1"",""source"":""https://github.com/rspeer/wordfreq"",""license"":""Apache-2.0 code; included source data requires CC BY-SA 4.0 attribution"",""wordlist"":""large"",""language"":""en""}","""wordfreq with source and normalization metadata""",Approved real familiarity provider is active.
ABSOLUTISM,ABSOLUTISM-e60f617b,COMPARATIVE_DIFFICULTY,m10.gates.0,QUALITY,PASS,"""middle""","""middle""",Candidate is in the preferred middle band.
ABSOLUTISM,ABSOLUTISM-e60f617b,MEDAL_DISTRIBUTION,m10.gates.0,QUALITY,PASS,"{""gold"":0.076,""silver"":0.798,""bronze"":0.126}","""not degenerate""",REGULAR medal distribution is non-degenerate.
ABSOLUTISM,ABSOLUTISM-e60f617b,VOCABULARY_ACCESSIBILITY,m10.gates.0,QUALITY,WARN,"{""rareWordDependency"":1,""meanPlayedFamiliarity"":0.2956247614207496}","""rare dependency<=.95 and familiarity>=.1""",Vocabulary accessibility is an extreme relative diagnostic.
ABSOLUTISM,ABSOLUTISM-e60f617b,MOVE_SPACE_SANITY,m10.gates.0,DIAGNOSTIC,PASS,4978,"{""p10"":4578,""p90"":7219}",Opportunity density is not a pool-tail outlier.
ABSOLUTISM,ABSOLUTISM-e60f617b,TILE_PARTICIPATION,m10.gates.0,DIAGNOSTIC,WARN,1527,"""<=0.9""",Tile participation is uneven but not a hard validity failure.
ABSOLUTISM,ABSOLUTISM-e60f617b,HEXALINK_SANITY,m10.gates.0,DIAGNOSTIC,PASS,0.216,""".01-.95""",Hexalink geometry and participation are non-pathological.
ABSOLUTISM,ABSOLUTISM-e60f617b,HISTORICAL_SIMILARITY,m10.gates.0,QUALITY,PASS,82.462,"{""p10"":null,""p90"":null,""median"":null,""count"":0}",Historical envelope is in warm-up.
ABSOLUTISM,ABSOLUTISM-e60f617b,SELECTION_MARGIN,m10.gates.0,QUALITY,PASS,"{""band"":""middle"",""rank"":6}","""middle band""",Candidate is in the selected relative region.
ABSOLUTISM,ABSOLUTISM-e60f617b,MONTE_CARLO_STABILITY,m10.gates.0,QUALITY,PASS,0.4625691829294121,"""<=2""",REGULAR score uncertainty is bounded.
ABSOLUTISM,ABSOLUTISM-e60f617b,PUBLIC_PRIVATE_SEPARATION,m10.gates.0,MANDATORY,PASS,true,true,Public artifact contains no private fields.
ABSOLUTISM,ABSOLUTISM-e60f617b,ARTIFACT_SCHEMA,m10.gates.0,MANDATORY,PASS,true,true,"Public, private, and queue schemas passed."
ABSOLUTISM,ABSOLUTISM-e60f617b,REPRODUCIBILITY,m10.gates.0,MANDATORY,PASS,true,true,Regeneration reproduced candidate identity and hashes.
ABSOLUTISM,ABSOLUTISM-21a3258,STRUCTURAL_CERTIFICATION,m10.gates.0,MANDATORY,PASS,"{""certified"":true,""score"":105}","""certified=true; replay score>=100""",M6 certification and Gold replay passed.
ABSOLUTISM,ABSOLUTISM-21a3258,DATA_INTEGRITY,m10.gates.0,MANDATORY,PASS,"{""policyVersion"":""m10.0"",""gateVersion"":""m10.gates.0"",""selectorVersion"":""m10.0"",""generatorVersion"":""m6.0"",""rulesVersion"":""qjynn-rules-local"",""vocabularyVersion"":""1.0"",""simulatorVersion"":""m8.1"",""playerModelVersion"":""m8.1.players.0"",""familiarity"":{""provider"":""wordfreq"",""sourceVersion"":""v3.2"",""packageVersion"":""3.1.1"",""sourceRevision"":""42233e6c36ce792031bcccfa17cdd0cec9af5fa7"",""normalizationVersion"":""zipf-linear-v1"",""source"":""https://github.com/rspeer/wordfreq"",""license"":""Apache-2.0 code; included source data requires CC BY-SA 4.0 attribution"",""wordlist"":""large"",""language"":""en""},""publicationValidatorVersion"":""m10.validator.0""}","""known versions and grid hash""",Required versions and grid hash are present.
ABSOLUTISM,ABSOLUTISM-21a3258,REAL_FAMILIARITY,m10.gates.0,MANDATORY,PASS,"{""provider"":""wordfreq"",""sourceVersion"":""v3.2"",""packageVersion"":""3.1.1"",""sourceRevision"":""42233e6c36ce792031bcccfa17cdd0cec9af5fa7"",""normalizationVersion"":""zipf-linear-v1"",""source"":""https://github.com/rspeer/wordfreq"",""license"":""Apache-2.0 code; included source data requires CC BY-SA 4.0 attribution"",""wordlist"":""large"",""language"":""en""}","""wordfreq with source and normalization metadata""",Approved real familiarity provider is active.
ABSOLUTISM,ABSOLUTISM-21a3258,COMPARATIVE_DIFFICULTY,m10.gates.0,QUALITY,PASS,"""middle""","""middle""",Candidate is in the preferred middle band.
ABSOLUTISM,ABSOLUTISM-21a3258,MEDAL_DISTRIBUTION,m10.gates.0,QUALITY,PASS,"{""gold"":0.078,""silver"":0.814,""bronze"":0.108}","""not degenerate""",REGULAR medal distribution is non-degenerate.
ABSOLUTISM,ABSOLUTISM-21a3258,VOCABULARY_ACCESSIBILITY,m10.gates.0,QUALITY,WARN,"{""rareWordDependency"":1,""meanPlayedFamiliarity"":0.3098763127231568}","""rare dependency<=.95 and familiarity>=.1""",Vocabulary accessibility is an extreme relative diagnostic.
ABSOLUTISM,ABSOLUTISM-21a3258,MOVE_SPACE_SANITY,m10.gates.0,DIAGNOSTIC,PASS,5875,"{""p10"":4578,""p90"":7219}",Opportunity density is not a pool-tail outlier.
ABSOLUTISM,ABSOLUTISM-21a3258,TILE_PARTICIPATION,m10.gates.0,DIAGNOSTIC,WARN,2066,"""<=0.9""",Tile participation is uneven but not a hard validity failure.
ABSOLUTISM,ABSOLUTISM-21a3258,HEXALINK_SANITY,m10.gates.0,DIAGNOSTIC,PASS,0.212,""".01-.95""",Hexalink geometry and participation are non-pathological.
ABSOLUTISM,ABSOLUTISM-21a3258,HISTORICAL_SIMILARITY,m10.gates.0,QUALITY,PASS,81.94,"{""p10"":null,""p90"":null,""median"":null,""count"":0}",Historical envelope is in warm-up.
ABSOLUTISM,ABSOLUTISM-21a3258,SELECTION_MARGIN,m10.gates.0,QUALITY,PASS,"{""band"":""middle"",""rank"":7}","""middle band""",Candidate is in the selected relative region.
ABSOLUTISM,ABSOLUTISM-21a3258,MONTE_CARLO_STABILITY,m10.gates.0,QUALITY,PASS,0.5919015439674099,"""<=2""",REGULAR score uncertainty is bounded.
ABSOLUTISM,ABSOLUTISM-21a3258,PUBLIC_PRIVATE_SEPARATION,m10.gates.0,MANDATORY,PASS,true,true,Public artifact contains no private fields.
ABSOLUTISM,ABSOLUTISM-21a3258,ARTIFACT_SCHEMA,m10.gates.0,MANDATORY,PASS,true,true,"Public, private, and queue schemas passed."
ABSOLUTISM,ABSOLUTISM-21a3258,REPRODUCIBILITY,m10.gates.0,MANDATORY,PASS,true,true,Regeneration reproduced candidate identity and hashes.
ABSOLUTISM,ABSOLUTISM-d36711b2,STRUCTURAL_CERTIFICATION,m10.gates.0,MANDATORY,PASS,"{""certified"":true,""score"":110}","""certified=true; replay score>=100""",M6 certification and Gold replay passed.
ABSOLUTISM,ABSOLUTISM-d36711b2,DATA_INTEGRITY,m10.gates.0,MANDATORY,PASS,"{""policyVersion"":""m10.0"",""gateVersion"":""m10.gates.0"",""selectorVersion"":""m10.0"",""generatorVersion"":""m6.0"",""rulesVersion"":""qjynn-rules-local"",""vocabularyVersion"":""1.0"",""simulatorVersion"":""m8.1"",""playerModelVersion"":""m8.1.players.0"",""familiarity"":{""provider"":""wordfreq"",""sourceVersion"":""v3.2"",""packageVersion"":""3.1.1"",""sourceRevision"":""42233e6c36ce792031bcccfa17cdd0cec9af5fa7"",""normalizationVersion"":""zipf-linear-v1"",""source"":""https://github.com/rspeer/wordfreq"",""license"":""Apache-2.0 code; included source data requires CC BY-SA 4.0 attribution"",""wordlist"":""large"",""language"":""en""},""publicationValidatorVersion"":""m10.validator.0""}","""known versions and grid hash""",Required versions and grid hash are present.
ABSOLUTISM,ABSOLUTISM-d36711b2,REAL_FAMILIARITY,m10.gates.0,MANDATORY,PASS,"{""provider"":""wordfreq"",""sourceVersion"":""v3.2"",""packageVersion"":""3.1.1"",""sourceRevision"":""42233e6c36ce792031bcccfa17cdd0cec9af5fa7"",""normalizationVersion"":""zipf-linear-v1"",""source"":""https://github.com/rspeer/wordfreq"",""license"":""Apache-2.0 code; included source data requires CC BY-SA 4.0 attribution"",""wordlist"":""large"",""language"":""en""}","""wordfreq with source and normalization metadata""",Approved real familiarity provider is active.
ABSOLUTISM,ABSOLUTISM-d36711b2,COMPARATIVE_DIFFICULTY,m10.gates.0,QUALITY,PASS,"""middle""","""middle""",Candidate is in the preferred middle band.
ABSOLUTISM,ABSOLUTISM-d36711b2,MEDAL_DISTRIBUTION,m10.gates.0,QUALITY,PASS,"{""gold"":0.118,""silver"":0.768,""bronze"":0.114}","""not degenerate""",REGULAR medal distribution is non-degenerate.
ABSOLUTISM,ABSOLUTISM-d36711b2,VOCABULARY_ACCESSIBILITY,m10.gates.0,QUALITY,WARN,"{""rareWordDependency"":1,""meanPlayedFamiliarity"":0.2879727216159257}","""rare dependency<=.95 and familiarity>=.1""",Vocabulary accessibility is an extreme relative diagnostic.
ABSOLUTISM,ABSOLUTISM-d36711b2,MOVE_SPACE_SANITY,m10.gates.0,DIAGNOSTIC,PASS,7219,"{""p10"":4578,""p90"":7219}",Opportunity density is not a pool-tail outlier.
ABSOLUTISM,ABSOLUTISM-d36711b2,TILE_PARTICIPATION,m10.gates.0,DIAGNOSTIC,WARN,2552,"""<=0.9""",Tile participation is uneven but not a hard validity failure.
ABSOLUTISM,ABSOLUTISM-d36711b2,HEXALINK_SANITY,m10.gates.0,DIAGNOSTIC,PASS,0.19,""".01-.95""",Hexalink geometry and participation are non-pathological.
ABSOLUTISM,ABSOLUTISM-d36711b2,HISTORICAL_SIMILARITY,m10.gates.0,QUALITY,PASS,83.264,"{""p10"":null,""p90"":null,""median"":null,""count"":0}",Historical envelope is in warm-up.
ABSOLUTISM,ABSOLUTISM-d36711b2,SELECTION_MARGIN,m10.gates.0,QUALITY,PASS,"{""band"":""middle"",""rank"":5}","""middle band""",Candidate is in the selected relative region.
ABSOLUTISM,ABSOLUTISM-d36711b2,MONTE_CARLO_STABILITY,m10.gates.0,QUALITY,PASS,0.6000548569300159,"""<=2""",REGULAR score uncertainty is bounded.
ABSOLUTISM,ABSOLUTISM-d36711b2,PUBLIC_PRIVATE_SEPARATION,m10.gates.0,MANDATORY,PASS,true,true,Public artifact contains no private fields.
ABSOLUTISM,ABSOLUTISM-d36711b2,ARTIFACT_SCHEMA,m10.gates.0,MANDATORY,PASS,true,true,"Public, private, and queue schemas passed."
ABSOLUTISM,ABSOLUTISM-d36711b2,REPRODUCIBILITY,m10.gates.0,MANDATORY,PASS,true,true,Regeneration reproduced candidate identity and hashes.
ABSOLUTIST,ABSOLUTIST-a0ae155e,STRUCTURAL_CERTIFICATION,m10.gates.0,MANDATORY,PASS,"{""certified"":true,""score"":105}","""certified=true; replay score>=100""",M6 certification and Gold replay passed.
ABSOLUTIST,ABSOLUTIST-a0ae155e,DATA_INTEGRITY,m10.gates.0,MANDATORY,PASS,"{""policyVersion"":""m10.0"",""gateVersion"":""m10.gates.0"",""selectorVersion"":""m10.0"",""generatorVersion"":""m6.0"",""rulesVersion"":""qjynn-rules-local"",""vocabularyVersion"":""1.0"",""simulatorVersion"":""m8.1"",""playerModelVersion"":""m8.1.players.0"",""familiarity"":{""provider"":""wordfreq"",""sourceVersion"":""v3.2"",""packageVersion"":""3.1.1"",""sourceRevision"":""42233e6c36ce792031bcccfa17cdd0cec9af5fa7"",""normalizationVersion"":""zipf-linear-v1"",""source"":""https://github.com/rspeer/wordfreq"",""license"":""Apache-2.0 code; included source data requires CC BY-SA 4.0 attribution"",""wordlist"":""large"",""language"":""en""},""publicationValidatorVersion"":""m10.validator.0""}","""known versions and grid hash""",Required versions and grid hash are present.
ABSOLUTIST,ABSOLUTIST-a0ae155e,REAL_FAMILIARITY,m10.gates.0,MANDATORY,PASS,"{""provider"":""wordfreq"",""sourceVersion"":""v3.2"",""packageVersion"":""3.1.1"",""sourceRevision"":""42233e6c36ce792031bcccfa17cdd0cec9af5fa7"",""normalizationVersion"":""zipf-linear-v1"",""source"":""https://github.com/rspeer/wordfreq"",""license"":""Apache-2.0 code; included source data requires CC BY-SA 4.0 attribution"",""wordlist"":""large"",""language"":""en""}","""wordfreq with source and normalization metadata""",Approved real familiarity provider is active.
ABSOLUTIST,ABSOLUTIST-a0ae155e,COMPARATIVE_DIFFICULTY,m10.gates.0,QUALITY,PASS,"""middle""","""middle""",Candidate is in the preferred middle band.
ABSOLUTIST,ABSOLUTIST-a0ae155e,MEDAL_DISTRIBUTION,m10.gates.0,QUALITY,PASS,"{""gold"":0.084,""silver"":0.81,""bronze"":0.106}","""not degenerate""",REGULAR medal distribution is non-degenerate.
ABSOLUTIST,ABSOLUTIST-a0ae155e,VOCABULARY_ACCESSIBILITY,m10.gates.0,QUALITY,WARN,"{""rareWordDependency"":1,""meanPlayedFamiliarity"":0.3001952239668788}","""rare dependency<=.95 and familiarity>=.1""",Vocabulary accessibility is an extreme relative diagnostic.
ABSOLUTIST,ABSOLUTIST-a0ae155e,MOVE_SPACE_SANITY,m10.gates.0,DIAGNOSTIC,PASS,5978,"{""p10"":4615,""p90"":6369}",Opportunity density is not a pool-tail outlier.
ABSOLUTIST,ABSOLUTIST-a0ae155e,TILE_PARTICIPATION,m10.gates.0,DIAGNOSTIC,WARN,3218,"""<=0.9""",Tile participation is uneven but not a hard validity failure.
ABSOLUTIST,ABSOLUTIST-a0ae155e,HEXALINK_SANITY,m10.gates.0,DIAGNOSTIC,PASS,0.232,""".01-.95""",Hexalink geometry and participation are non-pathological.
ABSOLUTIST,ABSOLUTIST-a0ae155e,HISTORICAL_SIMILARITY,m10.gates.0,QUALITY,PASS,82.574,"{""p10"":null,""p90"":null,""median"":null,""count"":0}",Historical envelope is in warm-up.
ABSOLUTIST,ABSOLUTIST-a0ae155e,SELECTION_MARGIN,m10.gates.0,QUALITY,PASS,"{""band"":""middle"",""rank"":6}","""middle band""",Candidate is in the selected relative region.
ABSOLUTIST,ABSOLUTIST-a0ae155e,MONTE_CARLO_STABILITY,m10.gates.0,QUALITY,PASS,0.5572746361358297,"""<=2""",REGULAR score uncertainty is bounded.
ABSOLUTIST,ABSOLUTIST-a0ae155e,PUBLIC_PRIVATE_SEPARATION,m10.gates.0,MANDATORY,PASS,true,true,Public artifact contains no private fields.
ABSOLUTIST,ABSOLUTIST-a0ae155e,ARTIFACT_SCHEMA,m10.gates.0,MANDATORY,PASS,true,true,"Public, private, and queue schemas passed."
ABSOLUTIST,ABSOLUTIST-a0ae155e,REPRODUCIBILITY,m10.gates.0,MANDATORY,PASS,true,true,Regeneration reproduced candidate identity and hashes.
ABSOLUTIST,ABSOLUTIST-ee1b4f44,STRUCTURAL_CERTIFICATION,m10.gates.0,MANDATORY,PASS,"{""certified"":true,""score"":105}","""certified=true; replay score>=100""",M6 certification and Gold replay passed.
ABSOLUTIST,ABSOLUTIST-ee1b4f44,DATA_INTEGRITY,m10.gates.0,MANDATORY,PASS,"{""policyVersion"":""m10.0"",""gateVersion"":""m10.gates.0"",""selectorVersion"":""m10.0"",""generatorVersion"":""m6.0"",""rulesVersion"":""qjynn-rules-local"",""vocabularyVersion"":""1.0"",""simulatorVersion"":""m8.1"",""playerModelVersion"":""m8.1.players.0"",""familiarity"":{""provider"":""wordfreq"",""sourceVersion"":""v3.2"",""packageVersion"":""3.1.1"",""sourceRevision"":""42233e6c36ce792031bcccfa17cdd0cec9af5fa7"",""normalizationVersion"":""zipf-linear-v1"",""source"":""https://github.com/rspeer/wordfreq"",""license"":""Apache-2.0 code; included source data requires CC BY-SA 4.0 attribution"",""wordlist"":""large"",""language"":""en""},""publicationValidatorVersion"":""m10.validator.0""}","""known versions and grid hash""",Required versions and grid hash are present.
ABSOLUTIST,ABSOLUTIST-ee1b4f44,REAL_FAMILIARITY,m10.gates.0,MANDATORY,PASS,"{""provider"":""wordfreq"",""sourceVersion"":""v3.2"",""packageVersion"":""3.1.1"",""sourceRevision"":""42233e6c36ce792031bcccfa17cdd0cec9af5fa7"",""normalizationVersion"":""zipf-linear-v1"",""source"":""https://github.com/rspeer/wordfreq"",""license"":""Apache-2.0 code; included source data requires CC BY-SA 4.0 attribution"",""wordlist"":""large"",""language"":""en""}","""wordfreq with source and normalization metadata""",Approved real familiarity provider is active.
ABSOLUTIST,ABSOLUTIST-ee1b4f44,COMPARATIVE_DIFFICULTY,m10.gates.0,QUALITY,PASS,"""middle""","""middle""",Candidate is in the preferred middle band.
ABSOLUTIST,ABSOLUTIST-ee1b4f44,MEDAL_DISTRIBUTION,m10.gates.0,QUALITY,PASS,"{""gold"":0.09,""silver"":0.788,""bronze"":0.122}","""not degenerate""",REGULAR medal distribution is non-degenerate.
ABSOLUTIST,ABSOLUTIST-ee1b4f44,VOCABULARY_ACCESSIBILITY,m10.gates.0,QUALITY,WARN,"{""rareWordDependency"":1,""meanPlayedFamiliarity"":0.3043848645593276}","""rare dependency<=.95 and familiarity>=.1""",Vocabulary accessibility is an extreme relative diagnostic.
ABSOLUTIST,ABSOLUTIST-ee1b4f44,MOVE_SPACE_SANITY,m10.gates.0,DIAGNOSTIC,PASS,6052,"{""p10"":4615,""p90"":6369}",Opportunity density is not a pool-tail outlier.
ABSOLUTIST,ABSOLUTIST-ee1b4f44,TILE_PARTICIPATION,m10.gates.0,DIAGNOSTIC,WARN,2320,"""<=0.9""",Tile participation is uneven but not a hard validity failure.
ABSOLUTIST,ABSOLUTIST-ee1b4f44,HEXALINK_SANITY,m10.gates.0,DIAGNOSTIC,PASS,0.212,""".01-.95""",Hexalink geometry and participation are non-pathological.
ABSOLUTIST,ABSOLUTIST-ee1b4f44,HISTORICAL_SIMILARITY,m10.gates.0,QUALITY,PASS,82.576,"{""p10"":null,""p90"":null,""median"":null,""count"":0}",Historical envelope is in warm-up.
ABSOLUTIST,ABSOLUTIST-ee1b4f44,SELECTION_MARGIN,m10.gates.0,QUALITY,PASS,"{""band"":""middle"",""rank"":5}","""middle band""",Candidate is in the selected relative region.
ABSOLUTIST,ABSOLUTIST-ee1b4f44,MONTE_CARLO_STABILITY,m10.gates.0,QUALITY,PASS,0.4522383065860021,"""<=2""",REGULAR score uncertainty is bounded.
ABSOLUTIST,ABSOLUTIST-ee1b4f44,PUBLIC_PRIVATE_SEPARATION,m10.gates.0,MANDATORY,PASS,true,true,Public artifact contains no private fields.
ABSOLUTIST,ABSOLUTIST-ee1b4f44,ARTIFACT_SCHEMA,m10.gates.0,MANDATORY,PASS,true,true,"Public, private, and queue schemas passed."
ABSOLUTIST,ABSOLUTIST-ee1b4f44,REPRODUCIBILITY,m10.gates.0,MANDATORY,PASS,true,true,Regeneration reproduced candidate identity and hashes.
ABSOLUTIST,ABSOLUTIST-388a25a2,STRUCTURAL_CERTIFICATION,m10.gates.0,MANDATORY,PASS,"{""certified"":true,""score"":105}","""certified=true; replay score>=100""",M6 certification and Gold replay passed.
ABSOLUTIST,ABSOLUTIST-388a25a2,DATA_INTEGRITY,m10.gates.0,MANDATORY,PASS,"{""policyVersion"":""m10.0"",""gateVersion"":""m10.gates.0"",""selectorVersion"":""m10.0"",""generatorVersion"":""m6.0"",""rulesVersion"":""qjynn-rules-local"",""vocabularyVersion"":""1.0"",""simulatorVersion"":""m8.1"",""playerModelVersion"":""m8.1.players.0"",""familiarity"":{""provider"":""wordfreq"",""sourceVersion"":""v3.2"",""packageVersion"":""3.1.1"",""sourceRevision"":""42233e6c36ce792031bcccfa17cdd0cec9af5fa7"",""normalizationVersion"":""zipf-linear-v1"",""source"":""https://github.com/rspeer/wordfreq"",""license"":""Apache-2.0 code; included source data requires CC BY-SA 4.0 attribution"",""wordlist"":""large"",""language"":""en""},""publicationValidatorVersion"":""m10.validator.0""}","""known versions and grid hash""",Required versions and grid hash are present.
ABSOLUTIST,ABSOLUTIST-388a25a2,REAL_FAMILIARITY,m10.gates.0,MANDATORY,PASS,"{""provider"":""wordfreq"",""sourceVersion"":""v3.2"",""packageVersion"":""3.1.1"",""sourceRevision"":""42233e6c36ce792031bcccfa17cdd0cec9af5fa7"",""normalizationVersion"":""zipf-linear-v1"",""source"":""https://github.com/rspeer/wordfreq"",""license"":""Apache-2.0 code; included source data requires CC BY-SA 4.0 attribution"",""wordlist"":""large"",""language"":""en""}","""wordfreq with source and normalization metadata""",Approved real familiarity provider is active.
ABSOLUTIST,ABSOLUTIST-388a25a2,COMPARATIVE_DIFFICULTY,m10.gates.0,QUALITY,PASS,"""middle""","""middle""",Candidate is in the preferred middle band.
ABSOLUTIST,ABSOLUTIST-388a25a2,MEDAL_DISTRIBUTION,m10.gates.0,QUALITY,PASS,"{""gold"":0.06,""silver"":0.812,""bronze"":0.128}","""not degenerate""",REGULAR medal distribution is non-degenerate.
ABSOLUTIST,ABSOLUTIST-388a25a2,VOCABULARY_ACCESSIBILITY,m10.gates.0,QUALITY,WARN,"{""rareWordDependency"":1,""meanPlayedFamiliarity"":0.3192076631140358}","""rare dependency<=.95 and familiarity>=.1""",Vocabulary accessibility is an extreme relative diagnostic.
ABSOLUTIST,ABSOLUTIST-388a25a2,MOVE_SPACE_SANITY,m10.gates.0,DIAGNOSTIC,WARN,6435,"{""p10"":4615,""p90"":6369}",Opportunity density is in a pool tail.
ABSOLUTIST,ABSOLUTIST-388a25a2,TILE_PARTICIPATION,m10.gates.0,DIAGNOSTIC,WARN,2025,"""<=0.9""",Tile participation is uneven but not a hard validity failure.
ABSOLUTIST,ABSOLUTIST-388a25a2,HEXALINK_SANITY,m10.gates.0,DIAGNOSTIC,PASS,0.274,""".01-.95""",Hexalink geometry and participation are non-pathological.
ABSOLUTIST,ABSOLUTIST-388a25a2,HISTORICAL_SIMILARITY,m10.gates.0,QUALITY,PASS,81.504,"{""p10"":null,""p90"":null,""median"":null,""count"":0}",Historical envelope is in warm-up.
ABSOLUTIST,ABSOLUTIST-388a25a2,SELECTION_MARGIN,m10.gates.0,QUALITY,PASS,"{""band"":""middle"",""rank"":7}","""middle band""",Candidate is in the selected relative region.
ABSOLUTIST,ABSOLUTIST-388a25a2,MONTE_CARLO_STABILITY,m10.gates.0,QUALITY,PASS,0.4760660748578095,"""<=2""",REGULAR score uncertainty is bounded.
ABSOLUTIST,ABSOLUTIST-388a25a2,PUBLIC_PRIVATE_SEPARATION,m10.gates.0,MANDATORY,PASS,true,true,Public artifact contains no private fields.
ABSOLUTIST,ABSOLUTIST-388a25a2,ARTIFACT_SCHEMA,m10.gates.0,MANDATORY,PASS,true,true,"Public, private, and queue schemas passed."
ABSOLUTIST,ABSOLUTIST-388a25a2,REPRODUCIBILITY,m10.gates.0,MANDATORY,PASS,true,true,Regeneration reproduced candidate identity and hashes.
ABSORPTION,ABSORPTION-7cc6087c,STRUCTURAL_CERTIFICATION,m10.gates.0,MANDATORY,PASS,"{""certified"":true,""score"":110}","""certified=true; replay score>=100""",M6 certification and Gold replay passed.
ABSORPTION,ABSORPTION-7cc6087c,DATA_INTEGRITY,m10.gates.0,MANDATORY,PASS,"{""policyVersion"":""m10.0"",""gateVersion"":""m10.gates.0"",""selectorVersion"":""m10.0"",""generatorVersion"":""m6.0"",""rulesVersion"":""qjynn-rules-local"",""vocabularyVersion"":""1.0"",""simulatorVersion"":""m8.1"",""playerModelVersion"":""m8.1.players.0"",""familiarity"":{""provider"":""wordfreq"",""sourceVersion"":""v3.2"",""packageVersion"":""3.1.1"",""sourceRevision"":""42233e6c36ce792031bcccfa17cdd0cec9af5fa7"",""normalizationVersion"":""zipf-linear-v1"",""source"":""https://github.com/rspeer/wordfreq"",""license"":""Apache-2.0 code; included source data requires CC BY-SA 4.0 attribution"",""wordlist"":""large"",""language"":""en""},""publicationValidatorVersion"":""m10.validator.0""}","""known versions and grid hash""",Required versions and grid hash are present.
ABSORPTION,ABSORPTION-7cc6087c,REAL_FAMILIARITY,m10.gates.0,MANDATORY,PASS,"{""provider"":""wordfreq"",""sourceVersion"":""v3.2"",""packageVersion"":""3.1.1"",""sourceRevision"":""42233e6c36ce792031bcccfa17cdd0cec9af5fa7"",""normalizationVersion"":""zipf-linear-v1"",""source"":""https://github.com/rspeer/wordfreq"",""license"":""Apache-2.0 code; included source data requires CC BY-SA 4.0 attribution"",""wordlist"":""large"",""language"":""en""}","""wordfreq with source and normalization metadata""",Approved real familiarity provider is active.
ABSORPTION,ABSORPTION-7cc6087c,COMPARATIVE_DIFFICULTY,m10.gates.0,QUALITY,PASS,"""middle""","""middle""",Candidate is in the preferred middle band.
ABSORPTION,ABSORPTION-7cc6087c,MEDAL_DISTRIBUTION,m10.gates.0,QUALITY,PASS,"{""gold"":0.07,""silver"":0.824,""bronze"":0.106}","""not degenerate""",REGULAR medal distribution is non-degenerate.
ABSORPTION,ABSORPTION-7cc6087c,VOCABULARY_ACCESSIBILITY,m10.gates.0,QUALITY,WARN,"{""rareWordDependency"":1,""meanPlayedFamiliarity"":0.3127037982499435}","""rare dependency<=.95 and familiarity>=.1""",Vocabulary accessibility is an extreme relative diagnostic.
ABSORPTION,ABSORPTION-7cc6087c,MOVE_SPACE_SANITY,m10.gates.0,DIAGNOSTIC,PASS,5339,"{""p10"":4942,""p90"":6514}",Opportunity density is not a pool-tail outlier.
ABSORPTION,ABSORPTION-7cc6087c,TILE_PARTICIPATION,m10.gates.0,DIAGNOSTIC,WARN,1749,"""<=0.9""",Tile participation is uneven but not a hard validity failure.
ABSORPTION,ABSORPTION-7cc6087c,HEXALINK_SANITY,m10.gates.0,DIAGNOSTIC,PASS,0.254,""".01-.95""",Hexalink geometry and participation are non-pathological.
ABSORPTION,ABSORPTION-7cc6087c,HISTORICAL_SIMILARITY,m10.gates.0,QUALITY,PASS,82.232,"{""p10"":null,""p90"":null,""median"":null,""count"":0}",Historical envelope is in warm-up.
ABSORPTION,ABSORPTION-7cc6087c,SELECTION_MARGIN,m10.gates.0,QUALITY,PASS,"{""band"":""middle"",""rank"":6}","""middle band""",Candidate is in the selected relative region.
ABSORPTION,ABSORPTION-7cc6087c,MONTE_CARLO_STABILITY,m10.gates.0,QUALITY,PASS,0.463483440479154,"""<=2""",REGULAR score uncertainty is bounded.
ABSORPTION,ABSORPTION-7cc6087c,PUBLIC_PRIVATE_SEPARATION,m10.gates.0,MANDATORY,PASS,true,true,Public artifact contains no private fields.
ABSORPTION,ABSORPTION-7cc6087c,ARTIFACT_SCHEMA,m10.gates.0,MANDATORY,PASS,true,true,"Public, private, and queue schemas passed."
ABSORPTION,ABSORPTION-7cc6087c,REPRODUCIBILITY,m10.gates.0,MANDATORY,PASS,true,true,Regeneration reproduced candidate identity and hashes.
ABSORPTION,ABSORPTION-8fefc452,STRUCTURAL_CERTIFICATION,m10.gates.0,MANDATORY,PASS,"{""certified"":true,""score"":110}","""certified=true; replay score>=100""",M6 certification and Gold replay passed.
ABSORPTION,ABSORPTION-8fefc452,DATA_INTEGRITY,m10.gates.0,MANDATORY,PASS,"{""policyVersion"":""m10.0"",""gateVersion"":""m10.gates.0"",""selectorVersion"":""m10.0"",""generatorVersion"":""m6.0"",""rulesVersion"":""qjynn-rules-local"",""vocabularyVersion"":""1.0"",""simulatorVersion"":""m8.1"",""playerModelVersion"":""m8.1.players.0"",""familiarity"":{""provider"":""wordfreq"",""sourceVersion"":""v3.2"",""packageVersion"":""3.1.1"",""sourceRevision"":""42233e6c36ce792031bcccfa17cdd0cec9af5fa7"",""normalizationVersion"":""zipf-linear-v1"",""source"":""https://github.com/rspeer/wordfreq"",""license"":""Apache-2.0 code; included source data requires CC BY-SA 4.0 attribution"",""wordlist"":""large"",""language"":""en""},""publicationValidatorVersion"":""m10.validator.0""}","""known versions and grid hash""",Required versions and grid hash are present.
ABSORPTION,ABSORPTION-8fefc452,REAL_FAMILIARITY,m10.gates.0,MANDATORY,PASS,"{""provider"":""wordfreq"",""sourceVersion"":""v3.2"",""packageVersion"":""3.1.1"",""sourceRevision"":""42233e6c36ce792031bcccfa17cdd0cec9af5fa7"",""normalizationVersion"":""zipf-linear-v1"",""source"":""https://github.com/rspeer/wordfreq"",""license"":""Apache-2.0 code; included source data requires CC BY-SA 4.0 attribution"",""wordlist"":""large"",""language"":""en""}","""wordfreq with source and normalization metadata""",Approved real familiarity provider is active.
ABSORPTION,ABSORPTION-8fefc452,COMPARATIVE_DIFFICULTY,m10.gates.0,QUALITY,PASS,"""middle""","""middle""",Candidate is in the preferred middle band.
ABSORPTION,ABSORPTION-8fefc452,MEDAL_DISTRIBUTION,m10.gates.0,QUALITY,PASS,"{""gold"":0.074,""silver"":0.796,""bronze"":0.13}","""not degenerate""",REGULAR medal distribution is non-degenerate.
ABSORPTION,ABSORPTION-8fefc452,VOCABULARY_ACCESSIBILITY,m10.gates.0,QUALITY,WARN,"{""rareWordDependency"":1,""meanPlayedFamiliarity"":0.2967587218039529}","""rare dependency<=.95 and familiarity>=.1""",Vocabulary accessibility is an extreme relative diagnostic.
ABSORPTION,ABSORPTION-8fefc452,MOVE_SPACE_SANITY,m10.gates.0,DIAGNOSTIC,PASS,6319,"{""p10"":4942,""p90"":6514}",Opportunity density is not a pool-tail outlier.
ABSORPTION,ABSORPTION-8fefc452,TILE_PARTICIPATION,m10.gates.0,DIAGNOSTIC,WARN,3602,"""<=0.9""",Tile participation is uneven but not a hard validity failure.
ABSORPTION,ABSORPTION-8fefc452,HEXALINK_SANITY,m10.gates.0,DIAGNOSTIC,PASS,0.19,""".01-.95""",Hexalink geometry and participation are non-pathological.
ABSORPTION,ABSORPTION-8fefc452,HISTORICAL_SIMILARITY,m10.gates.0,QUALITY,PASS,82.302,"{""p10"":null,""p90"":null,""median"":null,""count"":0}",Historical envelope is in warm-up.
ABSORPTION,ABSORPTION-8fefc452,SELECTION_MARGIN,m10.gates.0,QUALITY,PASS,"{""band"":""middle"",""rank"":5}","""middle band""",Candidate is in the selected relative region.
ABSORPTION,ABSORPTION-8fefc452,MONTE_CARLO_STABILITY,m10.gates.0,QUALITY,PASS,0.5626997744308931,"""<=2""",REGULAR score uncertainty is bounded.
ABSORPTION,ABSORPTION-8fefc452,PUBLIC_PRIVATE_SEPARATION,m10.gates.0,MANDATORY,PASS,true,true,Public artifact contains no private fields.
ABSORPTION,ABSORPTION-8fefc452,ARTIFACT_SCHEMA,m10.gates.0,MANDATORY,PASS,true,true,"Public, private, and queue schemas passed."
ABSORPTION,ABSORPTION-8fefc452,REPRODUCIBILITY,m10.gates.0,MANDATORY,PASS,true,true,Regeneration reproduced candidate identity and hashes.
ABSORPTION,ABSORPTION-b63c0fc1,STRUCTURAL_CERTIFICATION,m10.gates.0,MANDATORY,PASS,"{""certified"":true,""score"":105}","""certified=true; replay score>=100""",M6 certification and Gold replay passed.
ABSORPTION,ABSORPTION-b63c0fc1,DATA_INTEGRITY,m10.gates.0,MANDATORY,PASS,"{""policyVersion"":""m10.0"",""gateVersion"":""m10.gates.0"",""selectorVersion"":""m10.0"",""generatorVersion"":""m6.0"",""rulesVersion"":""qjynn-rules-local"",""vocabularyVersion"":""1.0"",""simulatorVersion"":""m8.1"",""playerModelVersion"":""m8.1.players.0"",""familiarity"":{""provider"":""wordfreq"",""sourceVersion"":""v3.2"",""packageVersion"":""3.1.1"",""sourceRevision"":""42233e6c36ce792031bcccfa17cdd0cec9af5fa7"",""normalizationVersion"":""zipf-linear-v1"",""source"":""https://github.com/rspeer/wordfreq"",""license"":""Apache-2.0 code; included source data requires CC BY-SA 4.0 attribution"",""wordlist"":""large"",""language"":""en""},""publicationValidatorVersion"":""m10.validator.0""}","""known versions and grid hash""",Required versions and grid hash are present.
ABSORPTION,ABSORPTION-b63c0fc1,REAL_FAMILIARITY,m10.gates.0,MANDATORY,PASS,"{""provider"":""wordfreq"",""sourceVersion"":""v3.2"",""packageVersion"":""3.1.1"",""sourceRevision"":""42233e6c36ce792031bcccfa17cdd0cec9af5fa7"",""normalizationVersion"":""zipf-linear-v1"",""source"":""https://github.com/rspeer/wordfreq"",""license"":""Apache-2.0 code; included source data requires CC BY-SA 4.0 attribution"",""wordlist"":""large"",""language"":""en""}","""wordfreq with source and normalization metadata""",Approved real familiarity provider is active.
ABSORPTION,ABSORPTION-b63c0fc1,COMPARATIVE_DIFFICULTY,m10.gates.0,QUALITY,PASS,"""middle""","""middle""",Candidate is in the preferred middle band.
ABSORPTION,ABSORPTION-b63c0fc1,MEDAL_DISTRIBUTION,m10.gates.0,QUALITY,PASS,"{""gold"":0.074,""silver"":0.822,""bronze"":0.104}","""not degenerate""",REGULAR medal distribution is non-degenerate.
ABSORPTION,ABSORPTION-b63c0fc1,VOCABULARY_ACCESSIBILITY,m10.gates.0,QUALITY,WARN,"{""rareWordDependency"":1,""meanPlayedFamiliarity"":0.295386045188411}","""rare dependency<=.95 and familiarity>=.1""",Vocabulary accessibility is an extreme relative diagnostic.
ABSORPTION,ABSORPTION-b63c0fc1,MOVE_SPACE_SANITY,m10.gates.0,DIAGNOSTIC,PASS,4942,"{""p10"":4942,""p90"":6514}",Opportunity density is not a pool-tail outlier.
ABSORPTION,ABSORPTION-b63c0fc1,TILE_PARTICIPATION,m10.gates.0,DIAGNOSTIC,WARN,2627,"""<=0.9""",Tile participation is uneven but not a hard validity failure.
ABSORPTION,ABSORPTION-b63c0fc1,HEXALINK_SANITY,m10.gates.0,DIAGNOSTIC,PASS,0.222,""".01-.95""",Hexalink geometry and participation are non-pathological.
ABSORPTION,ABSORPTION-b63c0fc1,HISTORICAL_SIMILARITY,m10.gates.0,QUALITY,PASS,81.988,"{""p10"":null,""p90"":null,""median"":null,""count"":0}",Historical envelope is in warm-up.
ABSORPTION,ABSORPTION-b63c0fc1,SELECTION_MARGIN,m10.gates.0,QUALITY,PASS,"{""band"":""middle"",""rank"":7}","""middle band""",Candidate is in the selected relative region.
ABSORPTION,ABSORPTION-b63c0fc1,MONTE_CARLO_STABILITY,m10.gates.0,QUALITY,PASS,0.5435477981147023,"""<=2""",REGULAR score uncertainty is bounded.
ABSORPTION,ABSORPTION-b63c0fc1,PUBLIC_PRIVATE_SEPARATION,m10.gates.0,MANDATORY,PASS,true,true,Public artifact contains no private fields.
ABSORPTION,ABSORPTION-b63c0fc1,ARTIFACT_SCHEMA,m10.gates.0,MANDATORY,PASS,true,true,"Public, private, and queue schemas passed."
ABSORPTION,ABSORPTION-b63c0fc1,REPRODUCIBILITY,m10.gates.0,MANDATORY,PASS,true,true,Regeneration reproduced candidate identity and hashes.
ABSTAINING,ABSTAINING-7a98c743,STRUCTURAL_CERTIFICATION,m10.gates.0,MANDATORY,PASS,"{""certified"":true,""score"":120}","""certified=true; replay score>=100""",M6 certification and Gold replay passed.
ABSTAINING,ABSTAINING-7a98c743,DATA_INTEGRITY,m10.gates.0,MANDATORY,PASS,"{""policyVersion"":""m10.0"",""gateVersion"":""m10.gates.0"",""selectorVersion"":""m10.0"",""generatorVersion"":""m6.0"",""rulesVersion"":""qjynn-rules-local"",""vocabularyVersion"":""1.0"",""simulatorVersion"":""m8.1"",""playerModelVersion"":""m8.1.players.0"",""familiarity"":{""provider"":""wordfreq"",""sourceVersion"":""v3.2"",""packageVersion"":""3.1.1"",""sourceRevision"":""42233e6c36ce792031bcccfa17cdd0cec9af5fa7"",""normalizationVersion"":""zipf-linear-v1"",""source"":""https://github.com/rspeer/wordfreq"",""license"":""Apache-2.0 code; included source data requires CC BY-SA 4.0 attribution"",""wordlist"":""large"",""language"":""en""},""publicationValidatorVersion"":""m10.validator.0""}","""known versions and grid hash""",Required versions and grid hash are present.
ABSTAINING,ABSTAINING-7a98c743,REAL_FAMILIARITY,m10.gates.0,MANDATORY,PASS,"{""provider"":""wordfreq"",""sourceVersion"":""v3.2"",""packageVersion"":""3.1.1"",""sourceRevision"":""42233e6c36ce792031bcccfa17cdd0cec9af5fa7"",""normalizationVersion"":""zipf-linear-v1"",""source"":""https://github.com/rspeer/wordfreq"",""license"":""Apache-2.0 code; included source data requires CC BY-SA 4.0 attribution"",""wordlist"":""large"",""language"":""en""}","""wordfreq with source and normalization metadata""",Approved real familiarity provider is active.
ABSTAINING,ABSTAINING-7a98c743,COMPARATIVE_DIFFICULTY,m10.gates.0,QUALITY,PASS,"""middle""","""middle""",Candidate is in the preferred middle band.
ABSTAINING,ABSTAINING-7a98c743,MEDAL_DISTRIBUTION,m10.gates.0,QUALITY,PASS,"{""gold"":0.064,""silver"":0.84,""bronze"":0.096}","""not degenerate""",REGULAR medal distribution is non-degenerate.
ABSTAINING,ABSTAINING-7a98c743,VOCABULARY_ACCESSIBILITY,m10.gates.0,QUALITY,WARN,"{""rareWordDependency"":1,""meanPlayedFamiliarity"":0.29782824446121536}","""rare dependency<=.95 and familiarity>=.1""",Vocabulary accessibility is an extreme relative diagnostic.
ABSTAINING,ABSTAINING-7a98c743,MOVE_SPACE_SANITY,m10.gates.0,DIAGNOSTIC,PASS,6621,"{""p10"":4461,""p90"":6621}",Opportunity density is not a pool-tail outlier.
ABSTAINING,ABSTAINING-7a98c743,TILE_PARTICIPATION,m10.gates.0,DIAGNOSTIC,WARN,2279,"""<=0.9""",Tile participation is uneven but not a hard validity failure.
ABSTAINING,ABSTAINING-7a98c743,HEXALINK_SANITY,m10.gates.0,DIAGNOSTIC,PASS,0.214,""".01-.95""",Hexalink geometry and participation are non-pathological.
ABSTAINING,ABSTAINING-7a98c743,HISTORICAL_SIMILARITY,m10.gates.0,QUALITY,PASS,82.63,"{""p10"":null,""p90"":null,""median"":null,""count"":0}",Historical envelope is in warm-up.
ABSTAINING,ABSTAINING-7a98c743,SELECTION_MARGIN,m10.gates.0,QUALITY,PASS,"{""band"":""middle"",""rank"":6}","""middle band""",Candidate is in the selected relative region.
ABSTAINING,ABSTAINING-7a98c743,MONTE_CARLO_STABILITY,m10.gates.0,QUALITY,PASS,0.49505211278966343,"""<=2""",REGULAR score uncertainty is bounded.
ABSTAINING,ABSTAINING-7a98c743,PUBLIC_PRIVATE_SEPARATION,m10.gates.0,MANDATORY,PASS,true,true,Public artifact contains no private fields.
ABSTAINING,ABSTAINING-7a98c743,ARTIFACT_SCHEMA,m10.gates.0,MANDATORY,PASS,true,true,"Public, private, and queue schemas passed."
ABSTAINING,ABSTAINING-7a98c743,REPRODUCIBILITY,m10.gates.0,MANDATORY,PASS,true,true,Regeneration reproduced candidate identity and hashes.
ABSTAINING,ABSTAINING-f3f4039b,STRUCTURAL_CERTIFICATION,m10.gates.0,MANDATORY,PASS,"{""certified"":true,""score"":110}","""certified=true; replay score>=100""",M6 certification and Gold replay passed.
ABSTAINING,ABSTAINING-f3f4039b,DATA_INTEGRITY,m10.gates.0,MANDATORY,PASS,"{""policyVersion"":""m10.0"",""gateVersion"":""m10.gates.0"",""selectorVersion"":""m10.0"",""generatorVersion"":""m6.0"",""rulesVersion"":""qjynn-rules-local"",""vocabularyVersion"":""1.0"",""simulatorVersion"":""m8.1"",""playerModelVersion"":""m8.1.players.0"",""familiarity"":{""provider"":""wordfreq"",""sourceVersion"":""v3.2"",""packageVersion"":""3.1.1"",""sourceRevision"":""42233e6c36ce792031bcccfa17cdd0cec9af5fa7"",""normalizationVersion"":""zipf-linear-v1"",""source"":""https://github.com/rspeer/wordfreq"",""license"":""Apache-2.0 code; included source data requires CC BY-SA 4.0 attribution"",""wordlist"":""large"",""language"":""en""},""publicationValidatorVersion"":""m10.validator.0""}","""known versions and grid hash""",Required versions and grid hash are present.
ABSTAINING,ABSTAINING-f3f4039b,REAL_FAMILIARITY,m10.gates.0,MANDATORY,PASS,"{""provider"":""wordfreq"",""sourceVersion"":""v3.2"",""packageVersion"":""3.1.1"",""sourceRevision"":""42233e6c36ce792031bcccfa17cdd0cec9af5fa7"",""normalizationVersion"":""zipf-linear-v1"",""source"":""https://github.com/rspeer/wordfreq"",""license"":""Apache-2.0 code; included source data requires CC BY-SA 4.0 attribution"",""wordlist"":""large"",""language"":""en""}","""wordfreq with source and normalization metadata""",Approved real familiarity provider is active.
ABSTAINING,ABSTAINING-f3f4039b,COMPARATIVE_DIFFICULTY,m10.gates.0,QUALITY,PASS,"""middle""","""middle""",Candidate is in the preferred middle band.
ABSTAINING,ABSTAINING-f3f4039b,MEDAL_DISTRIBUTION,m10.gates.0,QUALITY,PASS,"{""gold"":0.064,""silver"":0.818,""bronze"":0.118}","""not degenerate""",REGULAR medal distribution is non-degenerate.
ABSTAINING,ABSTAINING-f3f4039b,VOCABULARY_ACCESSIBILITY,m10.gates.0,QUALITY,WARN,"{""rareWordDependency"":1,""meanPlayedFamiliarity"":0.28755611552264254}","""rare dependency<=.95 and familiarity>=.1""",Vocabulary accessibility is an extreme relative diagnostic.
ABSTAINING,ABSTAINING-f3f4039b,MOVE_SPACE_SANITY,m10.gates.0,DIAGNOSTIC,PASS,4977,"{""p10"":4461,""p90"":6621}",Opportunity density is not a pool-tail outlier.
ABSTAINING,ABSTAINING-f3f4039b,TILE_PARTICIPATION,m10.gates.0,DIAGNOSTIC,WARN,1277,"""<=0.9""",Tile participation is uneven but not a hard validity failure.
ABSTAINING,ABSTAINING-f3f4039b,HEXALINK_SANITY,m10.gates.0,DIAGNOSTIC,PASS,0.272,""".01-.95""",Hexalink geometry and participation are non-pathological.
ABSTAINING,ABSTAINING-f3f4039b,HISTORICAL_SIMILARITY,m10.gates.0,QUALITY,PASS,82.682,"{""p10"":null,""p90"":null,""median"":null,""count"":0}",Historical envelope is in warm-up.
ABSTAINING,ABSTAINING-f3f4039b,SELECTION_MARGIN,m10.gates.0,QUALITY,PASS,"{""band"":""middle"",""rank"":5}","""middle band""",Candidate is in the selected relative region.
ABSTAINING,ABSTAINING-f3f4039b,MONTE_CARLO_STABILITY,m10.gates.0,QUALITY,PASS,0.5143944074595899,"""<=2""",REGULAR score uncertainty is bounded.
ABSTAINING,ABSTAINING-f3f4039b,PUBLIC_PRIVATE_SEPARATION,m10.gates.0,MANDATORY,PASS,true,true,Public artifact contains no private fields.
ABSTAINING,ABSTAINING-f3f4039b,ARTIFACT_SCHEMA,m10.gates.0,MANDATORY,PASS,true,true,"Public, private, and queue schemas passed."
ABSTAINING,ABSTAINING-f3f4039b,REPRODUCIBILITY,m10.gates.0,MANDATORY,PASS,true,true,Regeneration reproduced candidate identity and hashes.
ABSTAINING,ABSTAINING-7e714212,STRUCTURAL_CERTIFICATION,m10.gates.0,MANDATORY,PASS,"{""certified"":true,""score"":110}","""certified=true; replay score>=100""",M6 certification and Gold replay passed.
ABSTAINING,ABSTAINING-7e714212,DATA_INTEGRITY,m10.gates.0,MANDATORY,PASS,"{""policyVersion"":""m10.0"",""gateVersion"":""m10.gates.0"",""selectorVersion"":""m10.0"",""generatorVersion"":""m6.0"",""rulesVersion"":""qjynn-rules-local"",""vocabularyVersion"":""1.0"",""simulatorVersion"":""m8.1"",""playerModelVersion"":""m8.1.players.0"",""familiarity"":{""provider"":""wordfreq"",""sourceVersion"":""v3.2"",""packageVersion"":""3.1.1"",""sourceRevision"":""42233e6c36ce792031bcccfa17cdd0cec9af5fa7"",""normalizationVersion"":""zipf-linear-v1"",""source"":""https://github.com/rspeer/wordfreq"",""license"":""Apache-2.0 code; included source data requires CC BY-SA 4.0 attribution"",""wordlist"":""large"",""language"":""en""},""publicationValidatorVersion"":""m10.validator.0""}","""known versions and grid hash""",Required versions and grid hash are present.
ABSTAINING,ABSTAINING-7e714212,REAL_FAMILIARITY,m10.gates.0,MANDATORY,PASS,"{""provider"":""wordfreq"",""sourceVersion"":""v3.2"",""packageVersion"":""3.1.1"",""sourceRevision"":""42233e6c36ce792031bcccfa17cdd0cec9af5fa7"",""normalizationVersion"":""zipf-linear-v1"",""source"":""https://github.com/rspeer/wordfreq"",""license"":""Apache-2.0 code; included source data requires CC BY-SA 4.0 attribution"",""wordlist"":""large"",""language"":""en""}","""wordfreq with source and normalization metadata""",Approved real familiarity provider is active.
ABSTAINING,ABSTAINING-7e714212,COMPARATIVE_DIFFICULTY,m10.gates.0,QUALITY,PASS,"""middle""","""middle""",Candidate is in the preferred middle band.
ABSTAINING,ABSTAINING-7e714212,MEDAL_DISTRIBUTION,m10.gates.0,QUALITY,PASS,"{""gold"":0.09,""silver"":0.782,""bronze"":0.128}","""not degenerate""",REGULAR medal distribution is non-degenerate.
ABSTAINING,ABSTAINING-7e714212,VOCABULARY_ACCESSIBILITY,m10.gates.0,QUALITY,WARN,"{""rareWordDependency"":1,""meanPlayedFamiliarity"":0.30186852524656493}","""rare dependency<=.95 and familiarity>=.1""",Vocabulary accessibility is an extreme relative diagnostic.
ABSTAINING,ABSTAINING-7e714212,MOVE_SPACE_SANITY,m10.gates.0,DIAGNOSTIC,PASS,5563,"{""p10"":4461,""p90"":6621}",Opportunity density is not a pool-tail outlier.
ABSTAINING,ABSTAINING-7e714212,TILE_PARTICIPATION,m10.gates.0,DIAGNOSTIC,WARN,2058,"""<=0.9""",Tile participation is uneven but not a hard validity failure.
ABSTAINING,ABSTAINING-7e714212,HEXALINK_SANITY,m10.gates.0,DIAGNOSTIC,PASS,0.212,""".01-.95""",Hexalink geometry and participation are non-pathological.
ABSTAINING,ABSTAINING-7e714212,HISTORICAL_SIMILARITY,m10.gates.0,QUALITY,PASS,82.124,"{""p10"":null,""p90"":null,""median"":null,""count"":0}",Historical envelope is in warm-up.
ABSTAINING,ABSTAINING-7e714212,SELECTION_MARGIN,m10.gates.0,QUALITY,PASS,"{""band"":""middle"",""rank"":7}","""middle band""",Candidate is in the selected relative region.
ABSTAINING,ABSTAINING-7e714212,MONTE_CARLO_STABILITY,m10.gates.0,QUALITY,PASS,0.5602061869415136,"""<=2""",REGULAR score uncertainty is bounded.
ABSTAINING,ABSTAINING-7e714212,PUBLIC_PRIVATE_SEPARATION,m10.gates.0,MANDATORY,PASS,true,true,Public artifact contains no private fields.
ABSTAINING,ABSTAINING-7e714212,ARTIFACT_SCHEMA,m10.gates.0,MANDATORY,PASS,true,true,"Public, private, and queue schemas passed."
ABSTAINING,ABSTAINING-7e714212,REPRODUCIBILITY,m10.gates.0,MANDATORY,PASS,true,true,Regeneration reproduced candidate identity and hashes.
ABSTENTION,ABSTENTION-33cc597b,STRUCTURAL_CERTIFICATION,m10.gates.0,MANDATORY,PASS,"{""certified"":true,""score"":110}","""certified=true; replay score>=100""",M6 certification and Gold replay passed.
ABSTENTION,ABSTENTION-33cc597b,DATA_INTEGRITY,m10.gates.0,MANDATORY,PASS,"{""policyVersion"":""m10.0"",""gateVersion"":""m10.gates.0"",""selectorVersion"":""m10.0"",""generatorVersion"":""m6.0"",""rulesVersion"":""qjynn-rules-local"",""vocabularyVersion"":""1.0"",""simulatorVersion"":""m8.1"",""playerModelVersion"":""m8.1.players.0"",""familiarity"":{""provider"":""wordfreq"",""sourceVersion"":""v3.2"",""packageVersion"":""3.1.1"",""sourceRevision"":""42233e6c36ce792031bcccfa17cdd0cec9af5fa7"",""normalizationVersion"":""zipf-linear-v1"",""source"":""https://github.com/rspeer/wordfreq"",""license"":""Apache-2.0 code; included source data requires CC BY-SA 4.0 attribution"",""wordlist"":""large"",""language"":""en""},""publicationValidatorVersion"":""m10.validator.0""}","""known versions and grid hash""",Required versions and grid hash are present.
ABSTENTION,ABSTENTION-33cc597b,REAL_FAMILIARITY,m10.gates.0,MANDATORY,PASS,"{""provider"":""wordfreq"",""sourceVersion"":""v3.2"",""packageVersion"":""3.1.1"",""sourceRevision"":""42233e6c36ce792031bcccfa17cdd0cec9af5fa7"",""normalizationVersion"":""zipf-linear-v1"",""source"":""https://github.com/rspeer/wordfreq"",""license"":""Apache-2.0 code; included source data requires CC BY-SA 4.0 attribution"",""wordlist"":""large"",""language"":""en""}","""wordfreq with source and normalization metadata""",Approved real familiarity provider is active.
ABSTENTION,ABSTENTION-33cc597b,COMPARATIVE_DIFFICULTY,m10.gates.0,QUALITY,PASS,"""middle""","""middle""",Candidate is in the preferred middle band.
ABSTENTION,ABSTENTION-33cc597b,MEDAL_DISTRIBUTION,m10.gates.0,QUALITY,PASS,"{""gold"":0.132,""silver"":0.742,""bronze"":0.126}","""not degenerate""",REGULAR medal distribution is non-degenerate.
ABSTENTION,ABSTENTION-33cc597b,VOCABULARY_ACCESSIBILITY,m10.gates.0,QUALITY,WARN,"{""rareWordDependency"":1,""meanPlayedFamiliarity"":0.2966342141008333}","""rare dependency<=.95 and familiarity>=.1""",Vocabulary accessibility is an extreme relative diagnostic.
ABSTENTION,ABSTENTION-33cc597b,MOVE_SPACE_SANITY,m10.gates.0,DIAGNOSTIC,PASS,5328,"{""p10"":5118,""p90"":6577}",Opportunity density is not a pool-tail outlier.
ABSTENTION,ABSTENTION-33cc597b,TILE_PARTICIPATION,m10.gates.0,DIAGNOSTIC,WARN,1330,"""<=0.9""",Tile participation is uneven but not a hard validity failure.
ABSTENTION,ABSTENTION-33cc597b,HEXALINK_SANITY,m10.gates.0,DIAGNOSTIC,PASS,0.27,""".01-.95""",Hexalink geometry and participation are non-pathological.
ABSTENTION,ABSTENTION-33cc597b,HISTORICAL_SIMILARITY,m10.gates.0,QUALITY,PASS,83.054,"{""p10"":null,""p90"":null,""median"":null,""count"":0}",Historical envelope is in warm-up.
ABSTENTION,ABSTENTION-33cc597b,SELECTION_MARGIN,m10.gates.0,QUALITY,PASS,"{""band"":""middle"",""rank"":6}","""middle band""",Candidate is in the selected relative region.
ABSTENTION,ABSTENTION-33cc597b,MONTE_CARLO_STABILITY,m10.gates.0,QUALITY,PASS,0.5691542376058875,"""<=2""",REGULAR score uncertainty is bounded.
ABSTENTION,ABSTENTION-33cc597b,PUBLIC_PRIVATE_SEPARATION,m10.gates.0,MANDATORY,PASS,true,true,Public artifact contains no private fields.
ABSTENTION,ABSTENTION-33cc597b,ARTIFACT_SCHEMA,m10.gates.0,MANDATORY,PASS,true,true,"Public, private, and queue schemas passed."
ABSTENTION,ABSTENTION-33cc597b,REPRODUCIBILITY,m10.gates.0,MANDATORY,PASS,true,true,Regeneration reproduced candidate identity and hashes.
ABSTENTION,ABSTENTION-f4052d5,STRUCTURAL_CERTIFICATION,m10.gates.0,MANDATORY,PASS,"{""certified"":true,""score"":110}","""certified=true; replay score>=100""",M6 certification and Gold replay passed.
ABSTENTION,ABSTENTION-f4052d5,DATA_INTEGRITY,m10.gates.0,MANDATORY,PASS,"{""policyVersion"":""m10.0"",""gateVersion"":""m10.gates.0"",""selectorVersion"":""m10.0"",""generatorVersion"":""m6.0"",""rulesVersion"":""qjynn-rules-local"",""vocabularyVersion"":""1.0"",""simulatorVersion"":""m8.1"",""playerModelVersion"":""m8.1.players.0"",""familiarity"":{""provider"":""wordfreq"",""sourceVersion"":""v3.2"",""packageVersion"":""3.1.1"",""sourceRevision"":""42233e6c36ce792031bcccfa17cdd0cec9af5fa7"",""normalizationVersion"":""zipf-linear-v1"",""source"":""https://github.com/rspeer/wordfreq"",""license"":""Apache-2.0 code; included source data requires CC BY-SA 4.0 attribution"",""wordlist"":""large"",""language"":""en""},""publicationValidatorVersion"":""m10.validator.0""}","""known versions and grid hash""",Required versions and grid hash are present.
ABSTENTION,ABSTENTION-f4052d5,REAL_FAMILIARITY,m10.gates.0,MANDATORY,PASS,"{""provider"":""wordfreq"",""sourceVersion"":""v3.2"",""packageVersion"":""3.1.1"",""sourceRevision"":""42233e6c36ce792031bcccfa17cdd0cec9af5fa7"",""normalizationVersion"":""zipf-linear-v1"",""source"":""https://github.com/rspeer/wordfreq"",""license"":""Apache-2.0 code; included source data requires CC BY-SA 4.0 attribution"",""wordlist"":""large"",""language"":""en""}","""wordfreq with source and normalization metadata""",Approved real familiarity provider is active.
ABSTENTION,ABSTENTION-f4052d5,COMPARATIVE_DIFFICULTY,m10.gates.0,QUALITY,PASS,"""middle""","""middle""",Candidate is in the preferred middle band.
ABSTENTION,ABSTENTION-f4052d5,MEDAL_DISTRIBUTION,m10.gates.0,QUALITY,PASS,"{""gold"":0.088,""silver"":0.808,""bronze"":0.104}","""not degenerate""",REGULAR medal distribution is non-degenerate.
ABSTENTION,ABSTENTION-f4052d5,VOCABULARY_ACCESSIBILITY,m10.gates.0,QUALITY,WARN,"{""rareWordDependency"":1,""meanPlayedFamiliarity"":0.28504995567557495}","""rare dependency<=.95 and familiarity>=.1""",Vocabulary accessibility is an extreme relative diagnostic.
ABSTENTION,ABSTENTION-f4052d5,MOVE_SPACE_SANITY,m10.gates.0,DIAGNOSTIC,WARN,6731,"{""p10"":5118,""p90"":6577}",Opportunity density is in a pool tail.
ABSTENTION,ABSTENTION-f4052d5,TILE_PARTICIPATION,m10.gates.0,DIAGNOSTIC,WARN,2544,"""<=0.9""",Tile participation is uneven but not a hard validity failure.
ABSTENTION,ABSTENTION-f4052d5,HEXALINK_SANITY,m10.gates.0,DIAGNOSTIC,PASS,0.228,""".01-.95""",Hexalink geometry and participation are non-pathological.
ABSTENTION,ABSTENTION-f4052d5,HISTORICAL_SIMILARITY,m10.gates.0,QUALITY,PASS,83.458,"{""p10"":null,""p90"":null,""median"":null,""count"":0}",Historical envelope is in warm-up.
ABSTENTION,ABSTENTION-f4052d5,SELECTION_MARGIN,m10.gates.0,QUALITY,PASS,"{""band"":""middle"",""rank"":5}","""middle band""",Candidate is in the selected relative region.
ABSTENTION,ABSTENTION-f4052d5,MONTE_CARLO_STABILITY,m10.gates.0,QUALITY,PASS,0.5758709415880107,"""<=2""",REGULAR score uncertainty is bounded.
ABSTENTION,ABSTENTION-f4052d5,PUBLIC_PRIVATE_SEPARATION,m10.gates.0,MANDATORY,PASS,true,true,Public artifact contains no private fields.
ABSTENTION,ABSTENTION-f4052d5,ARTIFACT_SCHEMA,m10.gates.0,MANDATORY,PASS,true,true,"Public, private, and queue schemas passed."
ABSTENTION,ABSTENTION-f4052d5,REPRODUCIBILITY,m10.gates.0,MANDATORY,PASS,true,true,Regeneration reproduced candidate identity and hashes.
ABSTENTION,ABSTENTION-46580e5c,STRUCTURAL_CERTIFICATION,m10.gates.0,MANDATORY,PASS,"{""certified"":true,""score"":105}","""certified=true; replay score>=100""",M6 certification and Gold replay passed.
ABSTENTION,ABSTENTION-46580e5c,DATA_INTEGRITY,m10.gates.0,MANDATORY,PASS,"{""policyVersion"":""m10.0"",""gateVersion"":""m10.gates.0"",""selectorVersion"":""m10.0"",""generatorVersion"":""m6.0"",""rulesVersion"":""qjynn-rules-local"",""vocabularyVersion"":""1.0"",""simulatorVersion"":""m8.1"",""playerModelVersion"":""m8.1.players.0"",""familiarity"":{""provider"":""wordfreq"",""sourceVersion"":""v3.2"",""packageVersion"":""3.1.1"",""sourceRevision"":""42233e6c36ce792031bcccfa17cdd0cec9af5fa7"",""normalizationVersion"":""zipf-linear-v1"",""source"":""https://github.com/rspeer/wordfreq"",""license"":""Apache-2.0 code; included source data requires CC BY-SA 4.0 attribution"",""wordlist"":""large"",""language"":""en""},""publicationValidatorVersion"":""m10.validator.0""}","""known versions and grid hash""",Required versions and grid hash are present.
ABSTENTION,ABSTENTION-46580e5c,REAL_FAMILIARITY,m10.gates.0,MANDATORY,PASS,"{""provider"":""wordfreq"",""sourceVersion"":""v3.2"",""packageVersion"":""3.1.1"",""sourceRevision"":""42233e6c36ce792031bcccfa17cdd0cec9af5fa7"",""normalizationVersion"":""zipf-linear-v1"",""source"":""https://github.com/rspeer/wordfreq"",""license"":""Apache-2.0 code; included source data requires CC BY-SA 4.0 attribution"",""wordlist"":""large"",""language"":""en""}","""wordfreq with source and normalization metadata""",Approved real familiarity provider is active.
ABSTENTION,ABSTENTION-46580e5c,COMPARATIVE_DIFFICULTY,m10.gates.0,QUALITY,PASS,"""middle""","""middle""",Candidate is in the preferred middle band.
ABSTENTION,ABSTENTION-46580e5c,MEDAL_DISTRIBUTION,m10.gates.0,QUALITY,PASS,"{""gold"":0.078,""silver"":0.798,""bronze"":0.124}","""not degenerate""",REGULAR medal distribution is non-degenerate.
ABSTENTION,ABSTENTION-46580e5c,VOCABULARY_ACCESSIBILITY,m10.gates.0,QUALITY,WARN,"{""rareWordDependency"":1,""meanPlayedFamiliarity"":0.30147151024621494}","""rare dependency<=.95 and familiarity>=.1""",Vocabulary accessibility is an extreme relative diagnostic.
ABSTENTION,ABSTENTION-46580e5c,MOVE_SPACE_SANITY,m10.gates.0,DIAGNOSTIC,PASS,6385,"{""p10"":5118,""p90"":6577}",Opportunity density is not a pool-tail outlier.
ABSTENTION,ABSTENTION-46580e5c,TILE_PARTICIPATION,m10.gates.0,DIAGNOSTIC,WARN,2342,"""<=0.9""",Tile participation is uneven but not a hard validity failure.
ABSTENTION,ABSTENTION-46580e5c,HEXALINK_SANITY,m10.gates.0,DIAGNOSTIC,PASS,0.196,""".01-.95""",Hexalink geometry and participation are non-pathological.
ABSTENTION,ABSTENTION-46580e5c,HISTORICAL_SIMILARITY,m10.gates.0,QUALITY,PASS,82.436,"{""p10"":null,""p90"":null,""median"":null,""count"":0}",Historical envelope is in warm-up.
ABSTENTION,ABSTENTION-46580e5c,SELECTION_MARGIN,m10.gates.0,QUALITY,PASS,"{""band"":""middle"",""rank"":7}","""middle band""",Candidate is in the selected relative region.
ABSTENTION,ABSTENTION-46580e5c,MONTE_CARLO_STABILITY,m10.gates.0,QUALITY,PASS,0.5274984839811481,"""<=2""",REGULAR score uncertainty is bounded.
ABSTENTION,ABSTENTION-46580e5c,PUBLIC_PRIVATE_SEPARATION,m10.gates.0,MANDATORY,PASS,true,true,Public artifact contains no private fields.
ABSTENTION,ABSTENTION-46580e5c,ARTIFACT_SCHEMA,m10.gates.0,MANDATORY,PASS,true,true,"Public, private, and queue schemas passed."
ABSTENTION,ABSTENTION-46580e5c,REPRODUCIBILITY,m10.gates.0,MANDATORY,PASS,true,true,Regeneration reproduced candidate identity and hashes.
ABSTINENCE,ABSTINENCE-394d3f27,STRUCTURAL_CERTIFICATION,m10.gates.0,MANDATORY,PASS,"{""certified"":true,""score"":110}","""certified=true; replay score>=100""",M6 certification and Gold replay passed.
ABSTINENCE,ABSTINENCE-394d3f27,DATA_INTEGRITY,m10.gates.0,MANDATORY,PASS,"{""policyVersion"":""m10.0"",""gateVersion"":""m10.gates.0"",""selectorVersion"":""m10.0"",""generatorVersion"":""m6.0"",""rulesVersion"":""qjynn-rules-local"",""vocabularyVersion"":""1.0"",""simulatorVersion"":""m8.1"",""playerModelVersion"":""m8.1.players.0"",""familiarity"":{""provider"":""wordfreq"",""sourceVersion"":""v3.2"",""packageVersion"":""3.1.1"",""sourceRevision"":""42233e6c36ce792031bcccfa17cdd0cec9af5fa7"",""normalizationVersion"":""zipf-linear-v1"",""source"":""https://github.com/rspeer/wordfreq"",""license"":""Apache-2.0 code; included source data requires CC BY-SA 4.0 attribution"",""wordlist"":""large"",""language"":""en""},""publicationValidatorVersion"":""m10.validator.0""}","""known versions and grid hash""",Required versions and grid hash are present.
ABSTINENCE,ABSTINENCE-394d3f27,REAL_FAMILIARITY,m10.gates.0,MANDATORY,PASS,"{""provider"":""wordfreq"",""sourceVersion"":""v3.2"",""packageVersion"":""3.1.1"",""sourceRevision"":""42233e6c36ce792031bcccfa17cdd0cec9af5fa7"",""normalizationVersion"":""zipf-linear-v1"",""source"":""https://github.com/rspeer/wordfreq"",""license"":""Apache-2.0 code; included source data requires CC BY-SA 4.0 attribution"",""wordlist"":""large"",""language"":""en""}","""wordfreq with source and normalization metadata""",Approved real familiarity provider is active.
ABSTINENCE,ABSTINENCE-394d3f27,COMPARATIVE_DIFFICULTY,m10.gates.0,QUALITY,PASS,"""middle""","""middle""",Candidate is in the preferred middle band.
ABSTINENCE,ABSTINENCE-394d3f27,MEDAL_DISTRIBUTION,m10.gates.0,QUALITY,PASS,"{""gold"":0.048,""silver"":0.85,""bronze"":0.102}","""not degenerate""",REGULAR medal distribution is non-degenerate.
ABSTINENCE,ABSTINENCE-394d3f27,VOCABULARY_ACCESSIBILITY,m10.gates.0,QUALITY,WARN,"{""rareWordDependency"":1,""meanPlayedFamiliarity"":0.3012358490360967}","""rare dependency<=.95 and familiarity>=.1""",Vocabulary accessibility is an extreme relative diagnostic.
ABSTINENCE,ABSTINENCE-394d3f27,MOVE_SPACE_SANITY,m10.gates.0,DIAGNOSTIC,PASS,5746,"{""p10"":4014,""p90"":6250}",Opportunity density is not a pool-tail outlier.
ABSTINENCE,ABSTINENCE-394d3f27,TILE_PARTICIPATION,m10.gates.0,DIAGNOSTIC,WARN,2007,"""<=0.9""",Tile participation is uneven but not a hard validity failure.
ABSTINENCE,ABSTINENCE-394d3f27,HEXALINK_SANITY,m10.gates.0,DIAGNOSTIC,PASS,0.168,""".01-.95""",Hexalink geometry and participation are non-pathological.
ABSTINENCE,ABSTINENCE-394d3f27,HISTORICAL_SIMILARITY,m10.gates.0,QUALITY,PASS,82.17,"{""p10"":null,""p90"":null,""median"":null,""count"":0}",Historical envelope is in warm-up.
ABSTINENCE,ABSTINENCE-394d3f27,SELECTION_MARGIN,m10.gates.0,QUALITY,PASS,"{""band"":""middle"",""rank"":6}","""middle band""",Candidate is in the selected relative region.
ABSTINENCE,ABSTINENCE-394d3f27,MONTE_CARLO_STABILITY,m10.gates.0,QUALITY,PASS,0.5024130047174703,"""<=2""",REGULAR score uncertainty is bounded.
ABSTINENCE,ABSTINENCE-394d3f27,PUBLIC_PRIVATE_SEPARATION,m10.gates.0,MANDATORY,PASS,true,true,Public artifact contains no private fields.
ABSTINENCE,ABSTINENCE-394d3f27,ARTIFACT_SCHEMA,m10.gates.0,MANDATORY,PASS,true,true,"Public, private, and queue schemas passed."
ABSTINENCE,ABSTINENCE-394d3f27,REPRODUCIBILITY,m10.gates.0,MANDATORY,PASS,true,true,Regeneration reproduced candidate identity and hashes.
ABSTINENCE,ABSTINENCE-8828b602,STRUCTURAL_CERTIFICATION,m10.gates.0,MANDATORY,PASS,"{""certified"":true,""score"":105}","""certified=true; replay score>=100""",M6 certification and Gold replay passed.
ABSTINENCE,ABSTINENCE-8828b602,DATA_INTEGRITY,m10.gates.0,MANDATORY,PASS,"{""policyVersion"":""m10.0"",""gateVersion"":""m10.gates.0"",""selectorVersion"":""m10.0"",""generatorVersion"":""m6.0"",""rulesVersion"":""qjynn-rules-local"",""vocabularyVersion"":""1.0"",""simulatorVersion"":""m8.1"",""playerModelVersion"":""m8.1.players.0"",""familiarity"":{""provider"":""wordfreq"",""sourceVersion"":""v3.2"",""packageVersion"":""3.1.1"",""sourceRevision"":""42233e6c36ce792031bcccfa17cdd0cec9af5fa7"",""normalizationVersion"":""zipf-linear-v1"",""source"":""https://github.com/rspeer/wordfreq"",""license"":""Apache-2.0 code; included source data requires CC BY-SA 4.0 attribution"",""wordlist"":""large"",""language"":""en""},""publicationValidatorVersion"":""m10.validator.0""}","""known versions and grid hash""",Required versions and grid hash are present.
ABSTINENCE,ABSTINENCE-8828b602,REAL_FAMILIARITY,m10.gates.0,MANDATORY,PASS,"{""provider"":""wordfreq"",""sourceVersion"":""v3.2"",""packageVersion"":""3.1.1"",""sourceRevision"":""42233e6c36ce792031bcccfa17cdd0cec9af5fa7"",""normalizationVersion"":""zipf-linear-v1"",""source"":""https://github.com/rspeer/wordfreq"",""license"":""Apache-2.0 code; included source data requires CC BY-SA 4.0 attribution"",""wordlist"":""large"",""language"":""en""}","""wordfreq with source and normalization metadata""",Approved real familiarity provider is active.
ABSTINENCE,ABSTINENCE-8828b602,COMPARATIVE_DIFFICULTY,m10.gates.0,QUALITY,PASS,"""middle""","""middle""",Candidate is in the preferred middle band.
ABSTINENCE,ABSTINENCE-8828b602,MEDAL_DISTRIBUTION,m10.gates.0,QUALITY,PASS,"{""gold"":0.06,""silver"":0.822,""bronze"":0.118}","""not degenerate""",REGULAR medal distribution is non-degenerate.
ABSTINENCE,ABSTINENCE-8828b602,VOCABULARY_ACCESSIBILITY,m10.gates.0,QUALITY,WARN,"{""rareWordDependency"":1,""meanPlayedFamiliarity"":0.29956208854725136}","""rare dependency<=.95 and familiarity>=.1""",Vocabulary accessibility is an extreme relative diagnostic.
ABSTINENCE,ABSTINENCE-8828b602,MOVE_SPACE_SANITY,m10.gates.0,DIAGNOSTIC,PASS,4014,"{""p10"":4014,""p90"":6250}",Opportunity density is not a pool-tail outlier.
ABSTINENCE,ABSTINENCE-8828b602,TILE_PARTICIPATION,m10.gates.0,DIAGNOSTIC,WARN,1163,"""<=0.9""",Tile participation is uneven but not a hard validity failure.
ABSTINENCE,ABSTINENCE-8828b602,HEXALINK_SANITY,m10.gates.0,DIAGNOSTIC,PASS,0.282,""".01-.95""",Hexalink geometry and participation are non-pathological.
ABSTINENCE,ABSTINENCE-8828b602,HISTORICAL_SIMILARITY,m10.gates.0,QUALITY,PASS,81.878,"{""p10"":null,""p90"":null,""median"":null,""count"":0}",Historical envelope is in warm-up.
ABSTINENCE,ABSTINENCE-8828b602,SELECTION_MARGIN,m10.gates.0,QUALITY,PASS,"{""band"":""middle"",""rank"":7}","""middle band""",Candidate is in the selected relative region.
ABSTINENCE,ABSTINENCE-8828b602,MONTE_CARLO_STABILITY,m10.gates.0,QUALITY,PASS,0.4850220547297794,"""<=2""",REGULAR score uncertainty is bounded.
ABSTINENCE,ABSTINENCE-8828b602,PUBLIC_PRIVATE_SEPARATION,m10.gates.0,MANDATORY,PASS,true,true,Public artifact contains no private fields.
ABSTINENCE,ABSTINENCE-8828b602,ARTIFACT_SCHEMA,m10.gates.0,MANDATORY,PASS,true,true,"Public, private, and queue schemas passed."
ABSTINENCE,ABSTINENCE-8828b602,REPRODUCIBILITY,m10.gates.0,MANDATORY,PASS,true,true,Regeneration reproduced candidate identity and hashes.
ABSTINENCE,ABSTINENCE-887a008f,STRUCTURAL_CERTIFICATION,m10.gates.0,MANDATORY,PASS,"{""certified"":true,""score"":110}","""certified=true; replay score>=100""",M6 certification and Gold replay passed.
ABSTINENCE,ABSTINENCE-887a008f,DATA_INTEGRITY,m10.gates.0,MANDATORY,PASS,"{""policyVersion"":""m10.0"",""gateVersion"":""m10.gates.0"",""selectorVersion"":""m10.0"",""generatorVersion"":""m6.0"",""rulesVersion"":""qjynn-rules-local"",""vocabularyVersion"":""1.0"",""simulatorVersion"":""m8.1"",""playerModelVersion"":""m8.1.players.0"",""familiarity"":{""provider"":""wordfreq"",""sourceVersion"":""v3.2"",""packageVersion"":""3.1.1"",""sourceRevision"":""42233e6c36ce792031bcccfa17cdd0cec9af5fa7"",""normalizationVersion"":""zipf-linear-v1"",""source"":""https://github.com/rspeer/wordfreq"",""license"":""Apache-2.0 code; included source data requires CC BY-SA 4.0 attribution"",""wordlist"":""large"",""language"":""en""},""publicationValidatorVersion"":""m10.validator.0""}","""known versions and grid hash""",Required versions and grid hash are present.
ABSTINENCE,ABSTINENCE-887a008f,REAL_FAMILIARITY,m10.gates.0,MANDATORY,PASS,"{""provider"":""wordfreq"",""sourceVersion"":""v3.2"",""packageVersion"":""3.1.1"",""sourceRevision"":""42233e6c36ce792031bcccfa17cdd0cec9af5fa7"",""normalizationVersion"":""zipf-linear-v1"",""source"":""https://github.com/rspeer/wordfreq"",""license"":""Apache-2.0 code; included source data requires CC BY-SA 4.0 attribution"",""wordlist"":""large"",""language"":""en""}","""wordfreq with source and normalization metadata""",Approved real familiarity provider is active.
ABSTINENCE,ABSTINENCE-887a008f,COMPARATIVE_DIFFICULTY,m10.gates.0,QUALITY,PASS,"""middle""","""middle""",Candidate is in the preferred middle band.
ABSTINENCE,ABSTINENCE-887a008f,MEDAL_DISTRIBUTION,m10.gates.0,QUALITY,PASS,"{""gold"":0.078,""silver"":0.82,""bronze"":0.102}","""not degenerate""",REGULAR medal distribution is non-degenerate.
ABSTINENCE,ABSTINENCE-887a008f,VOCABULARY_ACCESSIBILITY,m10.gates.0,QUALITY,WARN,"{""rareWordDependency"":1,""meanPlayedFamiliarity"":0.3170494833063873}","""rare dependency<=.95 and familiarity>=.1""",Vocabulary accessibility is an extreme relative diagnostic.
ABSTINENCE,ABSTINENCE-887a008f,MOVE_SPACE_SANITY,m10.gates.0,DIAGNOSTIC,PASS,6250,"{""p10"":4014,""p90"":6250}",Opportunity density is not a pool-tail outlier.
ABSTINENCE,ABSTINENCE-887a008f,TILE_PARTICIPATION,m10.gates.0,DIAGNOSTIC,WARN,1959,"""<=0.9""",Tile participation is uneven but not a hard validity failure.
ABSTINENCE,ABSTINENCE-887a008f,HEXALINK_SANITY,m10.gates.0,DIAGNOSTIC,PASS,0.256,""".01-.95""",Hexalink geometry and participation are non-pathological.
ABSTINENCE,ABSTINENCE-887a008f,HISTORICAL_SIMILARITY,m10.gates.0,QUALITY,PASS,82.662,"{""p10"":null,""p90"":null,""median"":null,""count"":0}",Historical envelope is in warm-up.
ABSTINENCE,ABSTINENCE-887a008f,SELECTION_MARGIN,m10.gates.0,QUALITY,PASS,"{""band"":""middle"",""rank"":5}","""middle band""",Candidate is in the selected relative region.
ABSTINENCE,ABSTINENCE-887a008f,MONTE_CARLO_STABILITY,m10.gates.0,QUALITY,PASS,0.4606649288873935,"""<=2""",REGULAR score uncertainty is bounded.
ABSTINENCE,ABSTINENCE-887a008f,PUBLIC_PRIVATE_SEPARATION,m10.gates.0,MANDATORY,PASS,true,true,Public artifact contains no private fields.
ABSTINENCE,ABSTINENCE-887a008f,ARTIFACT_SCHEMA,m10.gates.0,MANDATORY,PASS,true,true,"Public, private, and queue schemas passed."
ABSTINENCE,ABSTINENCE-887a008f,REPRODUCIBILITY,m10.gates.0,MANDATORY,PASS,true,true,Regeneration reproduced candidate identity and hashes.
ABYSSINIAN,ABYSSINIAN-58972701,STRUCTURAL_CERTIFICATION,m10.gates.0,MANDATORY,PASS,"{""certified"":true,""score"":110}","""certified=true; replay score>=100""",M6 certification and Gold replay passed.
ABYSSINIAN,ABYSSINIAN-58972701,DATA_INTEGRITY,m10.gates.0,MANDATORY,PASS,"{""policyVersion"":""m10.0"",""gateVersion"":""m10.gates.0"",""selectorVersion"":""m10.0"",""generatorVersion"":""m6.0"",""rulesVersion"":""qjynn-rules-local"",""vocabularyVersion"":""1.0"",""simulatorVersion"":""m8.1"",""playerModelVersion"":""m8.1.players.0"",""familiarity"":{""provider"":""wordfreq"",""sourceVersion"":""v3.2"",""packageVersion"":""3.1.1"",""sourceRevision"":""42233e6c36ce792031bcccfa17cdd0cec9af5fa7"",""normalizationVersion"":""zipf-linear-v1"",""source"":""https://github.com/rspeer/wordfreq"",""license"":""Apache-2.0 code; included source data requires CC BY-SA 4.0 attribution"",""wordlist"":""large"",""language"":""en""},""publicationValidatorVersion"":""m10.validator.0""}","""known versions and grid hash""",Required versions and grid hash are present.
ABYSSINIAN,ABYSSINIAN-58972701,REAL_FAMILIARITY,m10.gates.0,MANDATORY,PASS,"{""provider"":""wordfreq"",""sourceVersion"":""v3.2"",""packageVersion"":""3.1.1"",""sourceRevision"":""42233e6c36ce792031bcccfa17cdd0cec9af5fa7"",""normalizationVersion"":""zipf-linear-v1"",""source"":""https://github.com/rspeer/wordfreq"",""license"":""Apache-2.0 code; included source data requires CC BY-SA 4.0 attribution"",""wordlist"":""large"",""language"":""en""}","""wordfreq with source and normalization metadata""",Approved real familiarity provider is active.
ABYSSINIAN,ABYSSINIAN-58972701,COMPARATIVE_DIFFICULTY,m10.gates.0,QUALITY,PASS,"""middle""","""middle""",Candidate is in the preferred middle band.
ABYSSINIAN,ABYSSINIAN-58972701,MEDAL_DISTRIBUTION,m10.gates.0,QUALITY,PASS,"{""gold"":0.084,""silver"":0.794,""bronze"":0.122}","""not degenerate""",REGULAR medal distribution is non-degenerate.
ABYSSINIAN,ABYSSINIAN-58972701,VOCABULARY_ACCESSIBILITY,m10.gates.0,QUALITY,WARN,"{""rareWordDependency"":1,""meanPlayedFamiliarity"":0.31000746596875917}","""rare dependency<=.95 and familiarity>=.1""",Vocabulary accessibility is an extreme relative diagnostic.
ABYSSINIAN,ABYSSINIAN-58972701,MOVE_SPACE_SANITY,m10.gates.0,DIAGNOSTIC,PASS,5353,"{""p10"":4280,""p90"":6364}",Opportunity density is not a pool-tail outlier.
ABYSSINIAN,ABYSSINIAN-58972701,TILE_PARTICIPATION,m10.gates.0,DIAGNOSTIC,WARN,2208,"""<=0.9""",Tile participation is uneven but not a hard validity failure.
ABYSSINIAN,ABYSSINIAN-58972701,HEXALINK_SANITY,m10.gates.0,DIAGNOSTIC,PASS,0.232,""".01-.95""",Hexalink geometry and participation are non-pathological.
ABYSSINIAN,ABYSSINIAN-58972701,HISTORICAL_SIMILARITY,m10.gates.0,QUALITY,PASS,82.2,"{""p10"":null,""p90"":null,""median"":null,""count"":0}",Historical envelope is in warm-up.
ABYSSINIAN,ABYSSINIAN-58972701,SELECTION_MARGIN,m10.gates.0,QUALITY,PASS,"{""band"":""middle"",""rank"":6}","""middle band""",Candidate is in the selected relative region.
ABYSSINIAN,ABYSSINIAN-58972701,MONTE_CARLO_STABILITY,m10.gates.0,QUALITY,PASS,0.5244334943153798,"""<=2""",REGULAR score uncertainty is bounded.
ABYSSINIAN,ABYSSINIAN-58972701,PUBLIC_PRIVATE_SEPARATION,m10.gates.0,MANDATORY,PASS,true,true,Public artifact contains no private fields.
ABYSSINIAN,ABYSSINIAN-58972701,ARTIFACT_SCHEMA,m10.gates.0,MANDATORY,PASS,true,true,"Public, private, and queue schemas passed."
ABYSSINIAN,ABYSSINIAN-58972701,REPRODUCIBILITY,m10.gates.0,MANDATORY,PASS,true,true,Regeneration reproduced candidate identity and hashes.
ABYSSINIAN,ABYSSINIAN-8bd0207d,STRUCTURAL_CERTIFICATION,m10.gates.0,MANDATORY,PASS,"{""certified"":true,""score"":105}","""certified=true; replay score>=100""",M6 certification and Gold replay passed.
ABYSSINIAN,ABYSSINIAN-8bd0207d,DATA_INTEGRITY,m10.gates.0,MANDATORY,PASS,"{""policyVersion"":""m10.0"",""gateVersion"":""m10.gates.0"",""selectorVersion"":""m10.0"",""generatorVersion"":""m6.0"",""rulesVersion"":""qjynn-rules-local"",""vocabularyVersion"":""1.0"",""simulatorVersion"":""m8.1"",""playerModelVersion"":""m8.1.players.0"",""familiarity"":{""provider"":""wordfreq"",""sourceVersion"":""v3.2"",""packageVersion"":""3.1.1"",""sourceRevision"":""42233e6c36ce792031bcccfa17cdd0cec9af5fa7"",""normalizationVersion"":""zipf-linear-v1"",""source"":""https://github.com/rspeer/wordfreq"",""license"":""Apache-2.0 code; included source data requires CC BY-SA 4.0 attribution"",""wordlist"":""large"",""language"":""en""},""publicationValidatorVersion"":""m10.validator.0""}","""known versions and grid hash""",Required versions and grid hash are present.
ABYSSINIAN,ABYSSINIAN-8bd0207d,REAL_FAMILIARITY,m10.gates.0,MANDATORY,PASS,"{""provider"":""wordfreq"",""sourceVersion"":""v3.2"",""packageVersion"":""3.1.1"",""sourceRevision"":""42233e6c36ce792031bcccfa17cdd0cec9af5fa7"",""normalizationVersion"":""zipf-linear-v1"",""source"":""https://github.com/rspeer/wordfreq"",""license"":""Apache-2.0 code; included source data requires CC BY-SA 4.0 attribution"",""wordlist"":""large"",""language"":""en""}","""wordfreq with source and normalization metadata""",Approved real familiarity provider is active.
ABYSSINIAN,ABYSSINIAN-8bd0207d,COMPARATIVE_DIFFICULTY,m10.gates.0,QUALITY,PASS,"""middle""","""middle""",Candidate is in the preferred middle band.
ABYSSINIAN,ABYSSINIAN-8bd0207d,MEDAL_DISTRIBUTION,m10.gates.0,QUALITY,PASS,"{""gold"":0.076,""silver"":0.834,""bronze"":0.09}","""not degenerate""",REGULAR medal distribution is non-degenerate.
ABYSSINIAN,ABYSSINIAN-8bd0207d,VOCABULARY_ACCESSIBILITY,m10.gates.0,QUALITY,WARN,"{""rareWordDependency"":1,""meanPlayedFamiliarity"":0.2922246440521774}","""rare dependency<=.95 and familiarity>=.1""",Vocabulary accessibility is an extreme relative diagnostic.
ABYSSINIAN,ABYSSINIAN-8bd0207d,MOVE_SPACE_SANITY,m10.gates.0,DIAGNOSTIC,PASS,4869,"{""p10"":4280,""p90"":6364}",Opportunity density is not a pool-tail outlier.
ABYSSINIAN,ABYSSINIAN-8bd0207d,TILE_PARTICIPATION,m10.gates.0,DIAGNOSTIC,WARN,1539,"""<=0.9""",Tile participation is uneven but not a hard validity failure.
ABYSSINIAN,ABYSSINIAN-8bd0207d,HEXALINK_SANITY,m10.gates.0,DIAGNOSTIC,PASS,0.212,""".01-.95""",Hexalink geometry and participation are non-pathological.
ABYSSINIAN,ABYSSINIAN-8bd0207d,HISTORICAL_SIMILARITY,m10.gates.0,QUALITY,PASS,82.478,"{""p10"":null,""p90"":null,""median"":null,""count"":0}",Historical envelope is in warm-up.
ABYSSINIAN,ABYSSINIAN-8bd0207d,SELECTION_MARGIN,m10.gates.0,QUALITY,PASS,"{""band"":""middle"",""rank"":5}","""middle band""",Candidate is in the selected relative region.
ABYSSINIAN,ABYSSINIAN-8bd0207d,MONTE_CARLO_STABILITY,m10.gates.0,QUALITY,PASS,0.5425237470049186,"""<=2""",REGULAR score uncertainty is bounded.
ABYSSINIAN,ABYSSINIAN-8bd0207d,PUBLIC_PRIVATE_SEPARATION,m10.gates.0,MANDATORY,PASS,true,true,Public artifact contains no private fields.
ABYSSINIAN,ABYSSINIAN-8bd0207d,ARTIFACT_SCHEMA,m10.gates.0,MANDATORY,PASS,true,true,"Public, private, and queue schemas passed."
ABYSSINIAN,ABYSSINIAN-8bd0207d,REPRODUCIBILITY,m10.gates.0,MANDATORY,PASS,true,true,Regeneration reproduced candidate identity and hashes.
ABYSSINIAN,ABYSSINIAN-429f8529,STRUCTURAL_CERTIFICATION,m10.gates.0,MANDATORY,PASS,"{""certified"":true,""score"":110}","""certified=true; replay score>=100""",M6 certification and Gold replay passed.
ABYSSINIAN,ABYSSINIAN-429f8529,DATA_INTEGRITY,m10.gates.0,MANDATORY,PASS,"{""policyVersion"":""m10.0"",""gateVersion"":""m10.gates.0"",""selectorVersion"":""m10.0"",""generatorVersion"":""m6.0"",""rulesVersion"":""qjynn-rules-local"",""vocabularyVersion"":""1.0"",""simulatorVersion"":""m8.1"",""playerModelVersion"":""m8.1.players.0"",""familiarity"":{""provider"":""wordfreq"",""sourceVersion"":""v3.2"",""packageVersion"":""3.1.1"",""sourceRevision"":""42233e6c36ce792031bcccfa17cdd0cec9af5fa7"",""normalizationVersion"":""zipf-linear-v1"",""source"":""https://github.com/rspeer/wordfreq"",""license"":""Apache-2.0 code; included source data requires CC BY-SA 4.0 attribution"",""wordlist"":""large"",""language"":""en""},""publicationValidatorVersion"":""m10.validator.0""}","""known versions and grid hash""",Required versions and grid hash are present.
ABYSSINIAN,ABYSSINIAN-429f8529,REAL_FAMILIARITY,m10.gates.0,MANDATORY,PASS,"{""provider"":""wordfreq"",""sourceVersion"":""v3.2"",""packageVersion"":""3.1.1"",""sourceRevision"":""42233e6c36ce792031bcccfa17cdd0cec9af5fa7"",""normalizationVersion"":""zipf-linear-v1"",""source"":""https://github.com/rspeer/wordfreq"",""license"":""Apache-2.0 code; included source data requires CC BY-SA 4.0 attribution"",""wordlist"":""large"",""language"":""en""}","""wordfreq with source and normalization metadata""",Approved real familiarity provider is active.
ABYSSINIAN,ABYSSINIAN-429f8529,COMPARATIVE_DIFFICULTY,m10.gates.0,QUALITY,PASS,"""middle""","""middle""",Candidate is in the preferred middle band.
ABYSSINIAN,ABYSSINIAN-429f8529,MEDAL_DISTRIBUTION,m10.gates.0,QUALITY,PASS,"{""gold"":0.07,""silver"":0.79,""bronze"":0.14}","""not degenerate""",REGULAR medal distribution is non-degenerate.
ABYSSINIAN,ABYSSINIAN-429f8529,VOCABULARY_ACCESSIBILITY,m10.gates.0,QUALITY,WARN,"{""rareWordDependency"":1,""meanPlayedFamiliarity"":0.2973007819234651}","""rare dependency<=.95 and familiarity>=.1""",Vocabulary accessibility is an extreme relative diagnostic.
ABYSSINIAN,ABYSSINIAN-429f8529,MOVE_SPACE_SANITY,m10.gates.0,DIAGNOSTIC,PASS,5262,"{""p10"":4280,""p90"":6364}",Opportunity density is not a pool-tail outlier.
ABYSSINIAN,ABYSSINIAN-429f8529,TILE_PARTICIPATION,m10.gates.0,DIAGNOSTIC,WARN,1483,"""<=0.9""",Tile participation is uneven but not a hard validity failure.
ABYSSINIAN,ABYSSINIAN-429f8529,HEXALINK_SANITY,m10.gates.0,DIAGNOSTIC,PASS,0.254,""".01-.95""",Hexalink geometry and participation are non-pathological.
ABYSSINIAN,ABYSSINIAN-429f8529,HISTORICAL_SIMILARITY,m10.gates.0,QUALITY,PASS,81.502,"{""p10"":null,""p90"":null,""median"":null,""count"":0}",Historical envelope is in warm-up.
ABYSSINIAN,ABYSSINIAN-429f8529,SELECTION_MARGIN,m10.gates.0,QUALITY,PASS,"{""band"":""middle"",""rank"":7}","""middle band""",Candidate is in the selected relative region.
ABYSSINIAN,ABYSSINIAN-429f8529,MONTE_CARLO_STABILITY,m10.gates.0,QUALITY,PASS,0.5842265061102304,"""<=2""",REGULAR score uncertainty is bounded.
ABYSSINIAN,ABYSSINIAN-429f8529,PUBLIC_PRIVATE_SEPARATION,m10.gates.0,MANDATORY,PASS,true,true,Public artifact contains no private fields.
ABYSSINIAN,ABYSSINIAN-429f8529,ARTIFACT_SCHEMA,m10.gates.0,MANDATORY,PASS,true,true,"Public, private, and queue schemas passed."
ABYSSINIAN,ABYSSINIAN-429f8529,REPRODUCIBILITY,m10.gates.0,MANDATORY,PASS,true,true,Regeneration reproduced candidate identity and hashes.
ACCELERANT,ACCELERANT-6e210026,STRUCTURAL_CERTIFICATION,m10.gates.0,MANDATORY,PASS,"{""certified"":true,""score"":110}","""certified=true; replay score>=100""",M6 certification and Gold replay passed.
ACCELERANT,ACCELERANT-6e210026,DATA_INTEGRITY,m10.gates.0,MANDATORY,PASS,"{""policyVersion"":""m10.0"",""gateVersion"":""m10.gates.0"",""selectorVersion"":""m10.0"",""generatorVersion"":""m6.0"",""rulesVersion"":""qjynn-rules-local"",""vocabularyVersion"":""1.0"",""simulatorVersion"":""m8.1"",""playerModelVersion"":""m8.1.players.0"",""familiarity"":{""provider"":""wordfreq"",""sourceVersion"":""v3.2"",""packageVersion"":""3.1.1"",""sourceRevision"":""42233e6c36ce792031bcccfa17cdd0cec9af5fa7"",""normalizationVersion"":""zipf-linear-v1"",""source"":""https://github.com/rspeer/wordfreq"",""license"":""Apache-2.0 code; included source data requires CC BY-SA 4.0 attribution"",""wordlist"":""large"",""language"":""en""},""publicationValidatorVersion"":""m10.validator.0""}","""known versions and grid hash""",Required versions and grid hash are present.
ACCELERANT,ACCELERANT-6e210026,REAL_FAMILIARITY,m10.gates.0,MANDATORY,PASS,"{""provider"":""wordfreq"",""sourceVersion"":""v3.2"",""packageVersion"":""3.1.1"",""sourceRevision"":""42233e6c36ce792031bcccfa17cdd0cec9af5fa7"",""normalizationVersion"":""zipf-linear-v1"",""source"":""https://github.com/rspeer/wordfreq"",""license"":""Apache-2.0 code; included source data requires CC BY-SA 4.0 attribution"",""wordlist"":""large"",""language"":""en""}","""wordfreq with source and normalization metadata""",Approved real familiarity provider is active.
ACCELERANT,ACCELERANT-6e210026,COMPARATIVE_DIFFICULTY,m10.gates.0,QUALITY,PASS,"""middle""","""middle""",Candidate is in the preferred middle band.
ACCELERANT,ACCELERANT-6e210026,MEDAL_DISTRIBUTION,m10.gates.0,QUALITY,PASS,"{""gold"":0.08,""silver"":0.818,""bronze"":0.102}","""not degenerate""",REGULAR medal distribution is non-degenerate.
ACCELERANT,ACCELERANT-6e210026,VOCABULARY_ACCESSIBILITY,m10.gates.0,QUALITY,WARN,"{""rareWordDependency"":1,""meanPlayedFamiliarity"":0.2923616054823596}","""rare dependency<=.95 and familiarity>=.1""",Vocabulary accessibility is an extreme relative diagnostic.
ACCELERANT,ACCELERANT-6e210026,MOVE_SPACE_SANITY,m10.gates.0,DIAGNOSTIC,PASS,5590,"{""p10"":4814,""p90"":6776}",Opportunity density is not a pool-tail outlier.
ACCELERANT,ACCELERANT-6e210026,TILE_PARTICIPATION,m10.gates.0,DIAGNOSTIC,WARN,1914,"""<=0.9""",Tile participation is uneven but not a hard validity failure.
ACCELERANT,ACCELERANT-6e210026,HEXALINK_SANITY,m10.gates.0,DIAGNOSTIC,PASS,0.234,""".01-.95""",Hexalink geometry and participation are non-pathological.
ACCELERANT,ACCELERANT-6e210026,HISTORICAL_SIMILARITY,m10.gates.0,QUALITY,PASS,82.266,"{""p10"":null,""p90"":null,""median"":null,""count"":0}",Historical envelope is in warm-up.
ACCELERANT,ACCELERANT-6e210026,SELECTION_MARGIN,m10.gates.0,QUALITY,PASS,"{""band"":""middle"",""rank"":6}","""middle band""",Candidate is in the selected relative region.
ACCELERANT,ACCELERANT-6e210026,MONTE_CARLO_STABILITY,m10.gates.0,QUALITY,PASS,0.47742148789977346,"""<=2""",REGULAR score uncertainty is bounded.
ACCELERANT,ACCELERANT-6e210026,PUBLIC_PRIVATE_SEPARATION,m10.gates.0,MANDATORY,PASS,true,true,Public artifact contains no private fields.
ACCELERANT,ACCELERANT-6e210026,ARTIFACT_SCHEMA,m10.gates.0,MANDATORY,PASS,true,true,"Public, private, and queue schemas passed."
ACCELERANT,ACCELERANT-6e210026,REPRODUCIBILITY,m10.gates.0,MANDATORY,PASS,true,true,Regeneration reproduced candidate identity and hashes.
ACCELERANT,ACCELERANT-b5da5ee2,STRUCTURAL_CERTIFICATION,m10.gates.0,MANDATORY,PASS,"{""certified"":true,""score"":110}","""certified=true; replay score>=100""",M6 certification and Gold replay passed.
ACCELERANT,ACCELERANT-b5da5ee2,DATA_INTEGRITY,m10.gates.0,MANDATORY,PASS,"{""policyVersion"":""m10.0"",""gateVersion"":""m10.gates.0"",""selectorVersion"":""m10.0"",""generatorVersion"":""m6.0"",""rulesVersion"":""qjynn-rules-local"",""vocabularyVersion"":""1.0"",""simulatorVersion"":""m8.1"",""playerModelVersion"":""m8.1.players.0"",""familiarity"":{""provider"":""wordfreq"",""sourceVersion"":""v3.2"",""packageVersion"":""3.1.1"",""sourceRevision"":""42233e6c36ce792031bcccfa17cdd0cec9af5fa7"",""normalizationVersion"":""zipf-linear-v1"",""source"":""https://github.com/rspeer/wordfreq"",""license"":""Apache-2.0 code; included source data requires CC BY-SA 4.0 attribution"",""wordlist"":""large"",""language"":""en""},""publicationValidatorVersion"":""m10.validator.0""}","""known versions and grid hash""",Required versions and grid hash are present.
ACCELERANT,ACCELERANT-b5da5ee2,REAL_FAMILIARITY,m10.gates.0,MANDATORY,PASS,"{""provider"":""wordfreq"",""sourceVersion"":""v3.2"",""packageVersion"":""3.1.1"",""sourceRevision"":""42233e6c36ce792031bcccfa17cdd0cec9af5fa7"",""normalizationVersion"":""zipf-linear-v1"",""source"":""https://github.com/rspeer/wordfreq"",""license"":""Apache-2.0 code; included source data requires CC BY-SA 4.0 attribution"",""wordlist"":""large"",""language"":""en""}","""wordfreq with source and normalization metadata""",Approved real familiarity provider is active.
ACCELERANT,ACCELERANT-b5da5ee2,COMPARATIVE_DIFFICULTY,m10.gates.0,QUALITY,PASS,"""middle""","""middle""",Candidate is in the preferred middle band.
ACCELERANT,ACCELERANT-b5da5ee2,MEDAL_DISTRIBUTION,m10.gates.0,QUALITY,PASS,"{""gold"":0.056,""silver"":0.846,""bronze"":0.098}","""not degenerate""",REGULAR medal distribution is non-degenerate.
ACCELERANT,ACCELERANT-b5da5ee2,VOCABULARY_ACCESSIBILITY,m10.gates.0,QUALITY,WARN,"{""rareWordDependency"":1,""meanPlayedFamiliarity"":0.3018042037849078}","""rare dependency<=.95 and familiarity>=.1""",Vocabulary accessibility is an extreme relative diagnostic.
ACCELERANT,ACCELERANT-b5da5ee2,MOVE_SPACE_SANITY,m10.gates.0,DIAGNOSTIC,PASS,5192,"{""p10"":4814,""p90"":6776}",Opportunity density is not a pool-tail outlier.
ACCELERANT,ACCELERANT-b5da5ee2,TILE_PARTICIPATION,m10.gates.0,DIAGNOSTIC,WARN,2331,"""<=0.9""",Tile participation is uneven but not a hard validity failure.
ACCELERANT,ACCELERANT-b5da5ee2,HEXALINK_SANITY,m10.gates.0,DIAGNOSTIC,PASS,0.226,""".01-.95""",Hexalink geometry and participation are non-pathological.
ACCELERANT,ACCELERANT-b5da5ee2,HISTORICAL_SIMILARITY,m10.gates.0,QUALITY,PASS,82.206,"{""p10"":null,""p90"":null,""median"":null,""count"":0}",Historical envelope is in warm-up.
ACCELERANT,ACCELERANT-b5da5ee2,SELECTION_MARGIN,m10.gates.0,QUALITY,PASS,"{""band"":""middle"",""rank"":7}","""middle band""",Candidate is in the selected relative region.
ACCELERANT,ACCELERANT-b5da5ee2,MONTE_CARLO_STABILITY,m10.gates.0,QUALITY,PASS,0.5216157782125856,"""<=2""",REGULAR score uncertainty is bounded.
ACCELERANT,ACCELERANT-b5da5ee2,PUBLIC_PRIVATE_SEPARATION,m10.gates.0,MANDATORY,PASS,true,true,Public artifact contains no private fields.
ACCELERANT,ACCELERANT-b5da5ee2,ARTIFACT_SCHEMA,m10.gates.0,MANDATORY,PASS,true,true,"Public, private, and queue schemas passed."
ACCELERANT,ACCELERANT-b5da5ee2,REPRODUCIBILITY,m10.gates.0,MANDATORY,PASS,true,true,Regeneration reproduced candidate identity and hashes.
ACCELERANT,ACCELERANT-7e7b13d1,STRUCTURAL_CERTIFICATION,m10.gates.0,MANDATORY,PASS,"{""certified"":true,""score"":100}","""certified=true; replay score>=100""",M6 certification and Gold replay passed.
ACCELERANT,ACCELERANT-7e7b13d1,DATA_INTEGRITY,m10.gates.0,MANDATORY,PASS,"{""policyVersion"":""m10.0"",""gateVersion"":""m10.gates.0"",""selectorVersion"":""m10.0"",""generatorVersion"":""m6.0"",""rulesVersion"":""qjynn-rules-local"",""vocabularyVersion"":""1.0"",""simulatorVersion"":""m8.1"",""playerModelVersion"":""m8.1.players.0"",""familiarity"":{""provider"":""wordfreq"",""sourceVersion"":""v3.2"",""packageVersion"":""3.1.1"",""sourceRevision"":""42233e6c36ce792031bcccfa17cdd0cec9af5fa7"",""normalizationVersion"":""zipf-linear-v1"",""source"":""https://github.com/rspeer/wordfreq"",""license"":""Apache-2.0 code; included source data requires CC BY-SA 4.0 attribution"",""wordlist"":""large"",""language"":""en""},""publicationValidatorVersion"":""m10.validator.0""}","""known versions and grid hash""",Required versions and grid hash are present.
ACCELERANT,ACCELERANT-7e7b13d1,REAL_FAMILIARITY,m10.gates.0,MANDATORY,PASS,"{""provider"":""wordfreq"",""sourceVersion"":""v3.2"",""packageVersion"":""3.1.1"",""sourceRevision"":""42233e6c36ce792031bcccfa17cdd0cec9af5fa7"",""normalizationVersion"":""zipf-linear-v1"",""source"":""https://github.com/rspeer/wordfreq"",""license"":""Apache-2.0 code; included source data requires CC BY-SA 4.0 attribution"",""wordlist"":""large"",""language"":""en""}","""wordfreq with source and normalization metadata""",Approved real familiarity provider is active.
ACCELERANT,ACCELERANT-7e7b13d1,COMPARATIVE_DIFFICULTY,m10.gates.0,QUALITY,PASS,"""middle""","""middle""",Candidate is in the preferred middle band.
ACCELERANT,ACCELERANT-7e7b13d1,MEDAL_DISTRIBUTION,m10.gates.0,QUALITY,PASS,"{""gold"":0.058,""silver"":0.872,""bronze"":0.07}","""not degenerate""",REGULAR medal distribution is non-degenerate.
ACCELERANT,ACCELERANT-7e7b13d1,VOCABULARY_ACCESSIBILITY,m10.gates.0,QUALITY,WARN,"{""rareWordDependency"":1,""meanPlayedFamiliarity"":0.29053079023479494}","""rare dependency<=.95 and familiarity>=.1""",Vocabulary accessibility is an extreme relative diagnostic.
ACCELERANT,ACCELERANT-7e7b13d1,MOVE_SPACE_SANITY,m10.gates.0,DIAGNOSTIC,PASS,6776,"{""p10"":4814,""p90"":6776}",Opportunity density is not a pool-tail outlier.
ACCELERANT,ACCELERANT-7e7b13d1,TILE_PARTICIPATION,m10.gates.0,DIAGNOSTIC,WARN,2055,"""<=0.9""",Tile participation is uneven but not a hard validity failure.
ACCELERANT,ACCELERANT-7e7b13d1,HEXALINK_SANITY,m10.gates.0,DIAGNOSTIC,PASS,0.178,""".01-.95""",Hexalink geometry and participation are non-pathological.
ACCELERANT,ACCELERANT-7e7b13d1,HISTORICAL_SIMILARITY,m10.gates.0,QUALITY,PASS,82.522,"{""p10"":null,""p90"":null,""median"":null,""count"":0}",Historical envelope is in warm-up.
ACCELERANT,ACCELERANT-7e7b13d1,SELECTION_MARGIN,m10.gates.0,QUALITY,PASS,"{""band"":""middle"",""rank"":5}","""middle band""",Candidate is in the selected relative region.
ACCELERANT,ACCELERANT-7e7b13d1,MONTE_CARLO_STABILITY,m10.gates.0,QUALITY,PASS,0.5189888531740113,"""<=2""",REGULAR score uncertainty is bounded.
ACCELERANT,ACCELERANT-7e7b13d1,PUBLIC_PRIVATE_SEPARATION,m10.gates.0,MANDATORY,PASS,true,true,Public artifact contains no private fields.
ACCELERANT,ACCELERANT-7e7b13d1,ARTIFACT_SCHEMA,m10.gates.0,MANDATORY,PASS,true,true,"Public, private, and queue schemas passed."
ACCELERANT,ACCELERANT-7e7b13d1,REPRODUCIBILITY,m10.gates.0,MANDATORY,PASS,true,true,Regeneration reproduced candidate identity and hashes.
ACCEPTABLE,ACCEPTABLE-56c0ccc2,STRUCTURAL_CERTIFICATION,m10.gates.0,MANDATORY,PASS,"{""certified"":true,""score"":110}","""certified=true; replay score>=100""",M6 certification and Gold replay passed.
ACCEPTABLE,ACCEPTABLE-56c0ccc2,DATA_INTEGRITY,m10.gates.0,MANDATORY,PASS,"{""policyVersion"":""m10.0"",""gateVersion"":""m10.gates.0"",""selectorVersion"":""m10.0"",""generatorVersion"":""m6.0"",""rulesVersion"":""qjynn-rules-local"",""vocabularyVersion"":""1.0"",""simulatorVersion"":""m8.1"",""playerModelVersion"":""m8.1.players.0"",""familiarity"":{""provider"":""wordfreq"",""sourceVersion"":""v3.2"",""packageVersion"":""3.1.1"",""sourceRevision"":""42233e6c36ce792031bcccfa17cdd0cec9af5fa7"",""normalizationVersion"":""zipf-linear-v1"",""source"":""https://github.com/rspeer/wordfreq"",""license"":""Apache-2.0 code; included source data requires CC BY-SA 4.0 attribution"",""wordlist"":""large"",""language"":""en""},""publicationValidatorVersion"":""m10.validator.0""}","""known versions and grid hash""",Required versions and grid hash are present.
ACCEPTABLE,ACCEPTABLE-56c0ccc2,REAL_FAMILIARITY,m10.gates.0,MANDATORY,PASS,"{""provider"":""wordfreq"",""sourceVersion"":""v3.2"",""packageVersion"":""3.1.1"",""sourceRevision"":""42233e6c36ce792031bcccfa17cdd0cec9af5fa7"",""normalizationVersion"":""zipf-linear-v1"",""source"":""https://github.com/rspeer/wordfreq"",""license"":""Apache-2.0 code; included source data requires CC BY-SA 4.0 attribution"",""wordlist"":""large"",""language"":""en""}","""wordfreq with source and normalization metadata""",Approved real familiarity provider is active.
ACCEPTABLE,ACCEPTABLE-56c0ccc2,COMPARATIVE_DIFFICULTY,m10.gates.0,QUALITY,PASS,"""middle""","""middle""",Candidate is in the preferred middle band.
ACCEPTABLE,ACCEPTABLE-56c0ccc2,MEDAL_DISTRIBUTION,m10.gates.0,QUALITY,PASS,"{""gold"":0.09,""silver"":0.82,""bronze"":0.09}","""not degenerate""",REGULAR medal distribution is non-degenerate.
ACCEPTABLE,ACCEPTABLE-56c0ccc2,VOCABULARY_ACCESSIBILITY,m10.gates.0,QUALITY,WARN,"{""rareWordDependency"":1,""meanPlayedFamiliarity"":0.29385823301553055}","""rare dependency<=.95 and familiarity>=.1""",Vocabulary accessibility is an extreme relative diagnostic.
ACCEPTABLE,ACCEPTABLE-56c0ccc2,MOVE_SPACE_SANITY,m10.gates.0,DIAGNOSTIC,PASS,5799,"{""p10"":4359,""p90"":5799}",Opportunity density is not a pool-tail outlier.
ACCEPTABLE,ACCEPTABLE-56c0ccc2,TILE_PARTICIPATION,m10.gates.0,DIAGNOSTIC,WARN,1596,"""<=0.9""",Tile participation is uneven but not a hard validity failure.
ACCEPTABLE,ACCEPTABLE-56c0ccc2,HEXALINK_SANITY,m10.gates.0,DIAGNOSTIC,PASS,0.226,""".01-.95""",Hexalink geometry and participation are non-pathological.
ACCEPTABLE,ACCEPTABLE-56c0ccc2,HISTORICAL_SIMILARITY,m10.gates.0,QUALITY,PASS,83.862,"{""p10"":null,""p90"":null,""median"":null,""count"":0}",Historical envelope is in warm-up.
ACCEPTABLE,ACCEPTABLE-56c0ccc2,SELECTION_MARGIN,m10.gates.0,QUALITY,PASS,"{""band"":""middle"",""rank"":6}","""middle band""",Candidate is in the selected relative region.
ACCEPTABLE,ACCEPTABLE-56c0ccc2,MONTE_CARLO_STABILITY,m10.gates.0,QUALITY,PASS,0.47736007643107436,"""<=2""",REGULAR score uncertainty is bounded.
ACCEPTABLE,ACCEPTABLE-56c0ccc2,PUBLIC_PRIVATE_SEPARATION,m10.gates.0,MANDATORY,PASS,true,true,Public artifact contains no private fields.
ACCEPTABLE,ACCEPTABLE-56c0ccc2,ARTIFACT_SCHEMA,m10.gates.0,MANDATORY,PASS,true,true,"Public, private, and queue schemas passed."
ACCEPTABLE,ACCEPTABLE-56c0ccc2,REPRODUCIBILITY,m10.gates.0,MANDATORY,PASS,true,true,Regeneration reproduced candidate identity and hashes.
ACCEPTABLE,ACCEPTABLE-c4ad3389,STRUCTURAL_CERTIFICATION,m10.gates.0,MANDATORY,PASS,"{""certified"":true,""score"":105}","""certified=true; replay score>=100""",M6 certification and Gold replay passed.
ACCEPTABLE,ACCEPTABLE-c4ad3389,DATA_INTEGRITY,m10.gates.0,MANDATORY,PASS,"{""policyVersion"":""m10.0"",""gateVersion"":""m10.gates.0"",""selectorVersion"":""m10.0"",""generatorVersion"":""m6.0"",""rulesVersion"":""qjynn-rules-local"",""vocabularyVersion"":""1.0"",""simulatorVersion"":""m8.1"",""playerModelVersion"":""m8.1.players.0"",""familiarity"":{""provider"":""wordfreq"",""sourceVersion"":""v3.2"",""packageVersion"":""3.1.1"",""sourceRevision"":""42233e6c36ce792031bcccfa17cdd0cec9af5fa7"",""normalizationVersion"":""zipf-linear-v1"",""source"":""https://github.com/rspeer/wordfreq"",""license"":""Apache-2.0 code; included source data requires CC BY-SA 4.0 attribution"",""wordlist"":""large"",""language"":""en""},""publicationValidatorVersion"":""m10.validator.0""}","""known versions and grid hash""",Required versions and grid hash are present.
ACCEPTABLE,ACCEPTABLE-c4ad3389,REAL_FAMILIARITY,m10.gates.0,MANDATORY,PASS,"{""provider"":""wordfreq"",""sourceVersion"":""v3.2"",""packageVersion"":""3.1.1"",""sourceRevision"":""42233e6c36ce792031bcccfa17cdd0cec9af5fa7"",""normalizationVersion"":""zipf-linear-v1"",""source"":""https://github.com/rspeer/wordfreq"",""license"":""Apache-2.0 code; included source data requires CC BY-SA 4.0 attribution"",""wordlist"":""large"",""language"":""en""}","""wordfreq with source and normalization metadata""",Approved real familiarity provider is active.
ACCEPTABLE,ACCEPTABLE-c4ad3389,COMPARATIVE_DIFFICULTY,m10.gates.0,QUALITY,PASS,"""middle""","""middle""",Candidate is in the preferred middle band.
ACCEPTABLE,ACCEPTABLE-c4ad3389,MEDAL_DISTRIBUTION,m10.gates.0,QUALITY,PASS,"{""gold"":0.114,""silver"":0.79,""bronze"":0.096}","""not degenerate""",REGULAR medal distribution is non-degenerate.
ACCEPTABLE,ACCEPTABLE-c4ad3389,VOCABULARY_ACCESSIBILITY,m10.gates.0,QUALITY,WARN,"{""rareWordDependency"":1,""meanPlayedFamiliarity"":0.3021363623003573}","""rare dependency<=.95 and familiarity>=.1""",Vocabulary accessibility is an extreme relative diagnostic.
ACCEPTABLE,ACCEPTABLE-c4ad3389,MOVE_SPACE_SANITY,m10.gates.0,DIAGNOSTIC,PASS,5074,"{""p10"":4359,""p90"":5799}",Opportunity density is not a pool-tail outlier.
ACCEPTABLE,ACCEPTABLE-c4ad3389,TILE_PARTICIPATION,m10.gates.0,DIAGNOSTIC,WARN,1791,"""<=0.9""",Tile participation is uneven but not a hard validity failure.
ACCEPTABLE,ACCEPTABLE-c4ad3389,HEXALINK_SANITY,m10.gates.0,DIAGNOSTIC,PASS,0.256,""".01-.95""",Hexalink geometry and participation are non-pathological.
ACCEPTABLE,ACCEPTABLE-c4ad3389,HISTORICAL_SIMILARITY,m10.gates.0,QUALITY,PASS,83.868,"{""p10"":null,""p90"":null,""median"":null,""count"":0}",Historical envelope is in warm-up.
ACCEPTABLE,ACCEPTABLE-c4ad3389,SELECTION_MARGIN,m10.gates.0,QUALITY,PASS,"{""band"":""middle"",""rank"":5}","""middle band""",Candidate is in the selected relative region.
ACCEPTABLE,ACCEPTABLE-c4ad3389,MONTE_CARLO_STABILITY,m10.gates.0,QUALITY,PASS,0.5691208184771459,"""<=2""",REGULAR score uncertainty is bounded.
ACCEPTABLE,ACCEPTABLE-c4ad3389,PUBLIC_PRIVATE_SEPARATION,m10.gates.0,MANDATORY,PASS,true,true,Public artifact contains no private fields.
ACCEPTABLE,ACCEPTABLE-c4ad3389,ARTIFACT_SCHEMA,m10.gates.0,MANDATORY,PASS,true,true,"Public, private, and queue schemas passed."
ACCEPTABLE,ACCEPTABLE-c4ad3389,REPRODUCIBILITY,m10.gates.0,MANDATORY,PASS,true,true,Regeneration reproduced candidate identity and hashes.
ACCEPTABLE,ACCEPTABLE-761c7cb2,STRUCTURAL_CERTIFICATION,m10.gates.0,MANDATORY,PASS,"{""certified"":true,""score"":110}","""certified=true; replay score>=100""",M6 certification and Gold replay passed.
ACCEPTABLE,ACCEPTABLE-761c7cb2,DATA_INTEGRITY,m10.gates.0,MANDATORY,PASS,"{""policyVersion"":""m10.0"",""gateVersion"":""m10.gates.0"",""selectorVersion"":""m10.0"",""generatorVersion"":""m6.0"",""rulesVersion"":""qjynn-rules-local"",""vocabularyVersion"":""1.0"",""simulatorVersion"":""m8.1"",""playerModelVersion"":""m8.1.players.0"",""familiarity"":{""provider"":""wordfreq"",""sourceVersion"":""v3.2"",""packageVersion"":""3.1.1"",""sourceRevision"":""42233e6c36ce792031bcccfa17cdd0cec9af5fa7"",""normalizationVersion"":""zipf-linear-v1"",""source"":""https://github.com/rspeer/wordfreq"",""license"":""Apache-2.0 code; included source data requires CC BY-SA 4.0 attribution"",""wordlist"":""large"",""language"":""en""},""publicationValidatorVersion"":""m10.validator.0""}","""known versions and grid hash""",Required versions and grid hash are present.
ACCEPTABLE,ACCEPTABLE-761c7cb2,REAL_FAMILIARITY,m10.gates.0,MANDATORY,PASS,"{""provider"":""wordfreq"",""sourceVersion"":""v3.2"",""packageVersion"":""3.1.1"",""sourceRevision"":""42233e6c36ce792031bcccfa17cdd0cec9af5fa7"",""normalizationVersion"":""zipf-linear-v1"",""source"":""https://github.com/rspeer/wordfreq"",""license"":""Apache-2.0 code; included source data requires CC BY-SA 4.0 attribution"",""wordlist"":""large"",""language"":""en""}","""wordfreq with source and normalization metadata""",Approved real familiarity provider is active.
ACCEPTABLE,ACCEPTABLE-761c7cb2,COMPARATIVE_DIFFICULTY,m10.gates.0,QUALITY,PASS,"""middle""","""middle""",Candidate is in the preferred middle band.
ACCEPTABLE,ACCEPTABLE-761c7cb2,MEDAL_DISTRIBUTION,m10.gates.0,QUALITY,PASS,"{""gold"":0.1,""silver"":0.796,""bronze"":0.104}","""not degenerate""",REGULAR medal distribution is non-degenerate.
ACCEPTABLE,ACCEPTABLE-761c7cb2,VOCABULARY_ACCESSIBILITY,m10.gates.0,QUALITY,WARN,"{""rareWordDependency"":1,""meanPlayedFamiliarity"":0.3163468207222549}","""rare dependency<=.95 and familiarity>=.1""",Vocabulary accessibility is an extreme relative diagnostic.
ACCEPTABLE,ACCEPTABLE-761c7cb2,MOVE_SPACE_SANITY,m10.gates.0,DIAGNOSTIC,PASS,4359,"{""p10"":4359,""p90"":5799}",Opportunity density is not a pool-tail outlier.
ACCEPTABLE,ACCEPTABLE-761c7cb2,TILE_PARTICIPATION,m10.gates.0,DIAGNOSTIC,WARN,1341,"""<=0.9""",Tile participation is uneven but not a hard validity failure.
ACCEPTABLE,ACCEPTABLE-761c7cb2,HEXALINK_SANITY,m10.gates.0,DIAGNOSTIC,PASS,0.246,""".01-.95""",Hexalink geometry and participation are non-pathological.
ACCEPTABLE,ACCEPTABLE-761c7cb2,HISTORICAL_SIMILARITY,m10.gates.0,QUALITY,PASS,83.18,"{""p10"":null,""p90"":null,""median"":null,""count"":0}",Historical envelope is in warm-up.
ACCEPTABLE,ACCEPTABLE-761c7cb2,SELECTION_MARGIN,m10.gates.0,QUALITY,PASS,"{""band"":""middle"",""rank"":7}","""middle band""",Candidate is in the selected relative region.
ACCEPTABLE,ACCEPTABLE-761c7cb2,MONTE_CARLO_STABILITY,m10.gates.0,QUALITY,PASS,0.49030386447393204,"""<=2""",REGULAR score uncertainty is bounded.
ACCEPTABLE,ACCEPTABLE-761c7cb2,PUBLIC_PRIVATE_SEPARATION,m10.gates.0,MANDATORY,PASS,true,true,Public artifact contains no private fields.
ACCEPTABLE,ACCEPTABLE-761c7cb2,ARTIFACT_SCHEMA,m10.gates.0,MANDATORY,PASS,true,true,"Public, private, and queue schemas passed."
ACCEPTABLE,ACCEPTABLE-761c7cb2,REPRODUCIBILITY,m10.gates.0,MANDATORY,PASS,true,true,Regeneration reproduced candidate identity and hashes.
ACCIDENTAL,ACCIDENTAL-4c091d65,STRUCTURAL_CERTIFICATION,m10.gates.0,MANDATORY,PASS,"{""certified"":true,""score"":110}","""certified=true; replay score>=100""",M6 certification and Gold replay passed.
ACCIDENTAL,ACCIDENTAL-4c091d65,DATA_INTEGRITY,m10.gates.0,MANDATORY,PASS,"{""policyVersion"":""m10.0"",""gateVersion"":""m10.gates.0"",""selectorVersion"":""m10.0"",""generatorVersion"":""m6.0"",""rulesVersion"":""qjynn-rules-local"",""vocabularyVersion"":""1.0"",""simulatorVersion"":""m8.1"",""playerModelVersion"":""m8.1.players.0"",""familiarity"":{""provider"":""wordfreq"",""sourceVersion"":""v3.2"",""packageVersion"":""3.1.1"",""sourceRevision"":""42233e6c36ce792031bcccfa17cdd0cec9af5fa7"",""normalizationVersion"":""zipf-linear-v1"",""source"":""https://github.com/rspeer/wordfreq"",""license"":""Apache-2.0 code; included source data requires CC BY-SA 4.0 attribution"",""wordlist"":""large"",""language"":""en""},""publicationValidatorVersion"":""m10.validator.0""}","""known versions and grid hash""",Required versions and grid hash are present.
ACCIDENTAL,ACCIDENTAL-4c091d65,REAL_FAMILIARITY,m10.gates.0,MANDATORY,PASS,"{""provider"":""wordfreq"",""sourceVersion"":""v3.2"",""packageVersion"":""3.1.1"",""sourceRevision"":""42233e6c36ce792031bcccfa17cdd0cec9af5fa7"",""normalizationVersion"":""zipf-linear-v1"",""source"":""https://github.com/rspeer/wordfreq"",""license"":""Apache-2.0 code; included source data requires CC BY-SA 4.0 attribution"",""wordlist"":""large"",""language"":""en""}","""wordfreq with source and normalization metadata""",Approved real familiarity provider is active.
ACCIDENTAL,ACCIDENTAL-4c091d65,COMPARATIVE_DIFFICULTY,m10.gates.0,QUALITY,PASS,"""middle""","""middle""",Candidate is in the preferred middle band.
ACCIDENTAL,ACCIDENTAL-4c091d65,MEDAL_DISTRIBUTION,m10.gates.0,QUALITY,PASS,"{""gold"":0.074,""silver"":0.818,""bronze"":0.108}","""not degenerate""",REGULAR medal distribution is non-degenerate.
ACCIDENTAL,ACCIDENTAL-4c091d65,VOCABULARY_ACCESSIBILITY,m10.gates.0,QUALITY,WARN,"{""rareWordDependency"":1,""meanPlayedFamiliarity"":0.2963138111503707}","""rare dependency<=.95 and familiarity>=.1""",Vocabulary accessibility is an extreme relative diagnostic.
ACCIDENTAL,ACCIDENTAL-4c091d65,MOVE_SPACE_SANITY,m10.gates.0,DIAGNOSTIC,PASS,5631,"{""p10"":4237,""p90"":6073}",Opportunity density is not a pool-tail outlier.
ACCIDENTAL,ACCIDENTAL-4c091d65,TILE_PARTICIPATION,m10.gates.0,DIAGNOSTIC,WARN,1767,"""<=0.9""",Tile participation is uneven but not a hard validity failure.
ACCIDENTAL,ACCIDENTAL-4c091d65,HEXALINK_SANITY,m10.gates.0,DIAGNOSTIC,PASS,0.232,""".01-.95""",Hexalink geometry and participation are non-pathological.
ACCIDENTAL,ACCIDENTAL-4c091d65,HISTORICAL_SIMILARITY,m10.gates.0,QUALITY,PASS,81.808,"{""p10"":null,""p90"":null,""median"":null,""count"":0}",Historical envelope is in warm-up.
ACCIDENTAL,ACCIDENTAL-4c091d65,SELECTION_MARGIN,m10.gates.0,QUALITY,PASS,"{""band"":""middle"",""rank"":6}","""middle band""",Candidate is in the selected relative region.
ACCIDENTAL,ACCIDENTAL-4c091d65,MONTE_CARLO_STABILITY,m10.gates.0,QUALITY,PASS,0.606360953909223,"""<=2""",REGULAR score uncertainty is bounded.
ACCIDENTAL,ACCIDENTAL-4c091d65,PUBLIC_PRIVATE_SEPARATION,m10.gates.0,MANDATORY,PASS,true,true,Public artifact contains no private fields.
ACCIDENTAL,ACCIDENTAL-4c091d65,ARTIFACT_SCHEMA,m10.gates.0,MANDATORY,PASS,true,true,"Public, private, and queue schemas passed."
ACCIDENTAL,ACCIDENTAL-4c091d65,REPRODUCIBILITY,m10.gates.0,MANDATORY,PASS,true,true,Regeneration reproduced candidate identity and hashes.
ACCIDENTAL,ACCIDENTAL-1249c16b,STRUCTURAL_CERTIFICATION,m10.gates.0,MANDATORY,PASS,"{""certified"":true,""score"":105}","""certified=true; replay score>=100""",M6 certification and Gold replay passed.
ACCIDENTAL,ACCIDENTAL-1249c16b,DATA_INTEGRITY,m10.gates.0,MANDATORY,PASS,"{""policyVersion"":""m10.0"",""gateVersion"":""m10.gates.0"",""selectorVersion"":""m10.0"",""generatorVersion"":""m6.0"",""rulesVersion"":""qjynn-rules-local"",""vocabularyVersion"":""1.0"",""simulatorVersion"":""m8.1"",""playerModelVersion"":""m8.1.players.0"",""familiarity"":{""provider"":""wordfreq"",""sourceVersion"":""v3.2"",""packageVersion"":""3.1.1"",""sourceRevision"":""42233e6c36ce792031bcccfa17cdd0cec9af5fa7"",""normalizationVersion"":""zipf-linear-v1"",""source"":""https://github.com/rspeer/wordfreq"",""license"":""Apache-2.0 code; included source data requires CC BY-SA 4.0 attribution"",""wordlist"":""large"",""language"":""en""},""publicationValidatorVersion"":""m10.validator.0""}","""known versions and grid hash""",Required versions and grid hash are present.
ACCIDENTAL,ACCIDENTAL-1249c16b,REAL_FAMILIARITY,m10.gates.0,MANDATORY,PASS,"{""provider"":""wordfreq"",""sourceVersion"":""v3.2"",""packageVersion"":""3.1.1"",""sourceRevision"":""42233e6c36ce792031bcccfa17cdd0cec9af5fa7"",""normalizationVersion"":""zipf-linear-v1"",""source"":""https://github.com/rspeer/wordfreq"",""license"":""Apache-2.0 code; included source data requires CC BY-SA 4.0 attribution"",""wordlist"":""large"",""language"":""en""}","""wordfreq with source and normalization metadata""",Approved real familiarity provider is active.
ACCIDENTAL,ACCIDENTAL-1249c16b,COMPARATIVE_DIFFICULTY,m10.gates.0,QUALITY,PASS,"""middle""","""middle""",Candidate is in the preferred middle band.
ACCIDENTAL,ACCIDENTAL-1249c16b,MEDAL_DISTRIBUTION,m10.gates.0,QUALITY,PASS,"{""gold"":0.088,""silver"":0.778,""bronze"":0.134}","""not degenerate""",REGULAR medal distribution is non-degenerate.
ACCIDENTAL,ACCIDENTAL-1249c16b,VOCABULARY_ACCESSIBILITY,m10.gates.0,QUALITY,WARN,"{""rareWordDependency"":1,""meanPlayedFamiliarity"":0.306694890758635}","""rare dependency<=.95 and familiarity>=.1""",Vocabulary accessibility is an extreme relative diagnostic.
ACCIDENTAL,ACCIDENTAL-1249c16b,MOVE_SPACE_SANITY,m10.gates.0,DIAGNOSTIC,PASS,6073,"{""p10"":4237,""p90"":6073}",Opportunity density is not a pool-tail outlier.
ACCIDENTAL,ACCIDENTAL-1249c16b,TILE_PARTICIPATION,m10.gates.0,DIAGNOSTIC,WARN,1980,"""<=0.9""",Tile participation is uneven but not a hard validity failure.
ACCIDENTAL,ACCIDENTAL-1249c16b,HEXALINK_SANITY,m10.gates.0,DIAGNOSTIC,PASS,0.234,""".01-.95""",Hexalink geometry and participation are non-pathological.
ACCIDENTAL,ACCIDENTAL-1249c16b,HISTORICAL_SIMILARITY,m10.gates.0,QUALITY,PASS,82.266,"{""p10"":null,""p90"":null,""median"":null,""count"":0}",Historical envelope is in warm-up.
ACCIDENTAL,ACCIDENTAL-1249c16b,SELECTION_MARGIN,m10.gates.0,QUALITY,PASS,"{""band"":""middle"",""rank"":5}","""middle band""",Candidate is in the selected relative region.
ACCIDENTAL,ACCIDENTAL-1249c16b,MONTE_CARLO_STABILITY,m10.gates.0,QUALITY,PASS,0.5059612823893823,"""<=2""",REGULAR score uncertainty is bounded.
ACCIDENTAL,ACCIDENTAL-1249c16b,PUBLIC_PRIVATE_SEPARATION,m10.gates.0,MANDATORY,PASS,true,true,Public artifact contains no private fields.
ACCIDENTAL,ACCIDENTAL-1249c16b,ARTIFACT_SCHEMA,m10.gates.0,MANDATORY,PASS,true,true,"Public, private, and queue schemas passed."
ACCIDENTAL,ACCIDENTAL-1249c16b,REPRODUCIBILITY,m10.gates.0,MANDATORY,PASS,true,true,Regeneration reproduced candidate identity and hashes.
ACCIDENTAL,ACCIDENTAL-5137414,STRUCTURAL_CERTIFICATION,m10.gates.0,MANDATORY,PASS,"{""certified"":true,""score"":110}","""certified=true; replay score>=100""",M6 certification and Gold replay passed.
ACCIDENTAL,ACCIDENTAL-5137414,DATA_INTEGRITY,m10.gates.0,MANDATORY,PASS,"{""policyVersion"":""m10.0"",""gateVersion"":""m10.gates.0"",""selectorVersion"":""m10.0"",""generatorVersion"":""m6.0"",""rulesVersion"":""qjynn-rules-local"",""vocabularyVersion"":""1.0"",""simulatorVersion"":""m8.1"",""playerModelVersion"":""m8.1.players.0"",""familiarity"":{""provider"":""wordfreq"",""sourceVersion"":""v3.2"",""packageVersion"":""3.1.1"",""sourceRevision"":""42233e6c36ce792031bcccfa17cdd0cec9af5fa7"",""normalizationVersion"":""zipf-linear-v1"",""source"":""https://github.com/rspeer/wordfreq"",""license"":""Apache-2.0 code; included source data requires CC BY-SA 4.0 attribution"",""wordlist"":""large"",""language"":""en""},""publicationValidatorVersion"":""m10.validator.0""}","""known versions and grid hash""",Required versions and grid hash are present.
ACCIDENTAL,ACCIDENTAL-5137414,REAL_FAMILIARITY,m10.gates.0,MANDATORY,PASS,"{""provider"":""wordfreq"",""sourceVersion"":""v3.2"",""packageVersion"":""3.1.1"",""sourceRevision"":""42233e6c36ce792031bcccfa17cdd0cec9af5fa7"",""normalizationVersion"":""zipf-linear-v1"",""source"":""https://github.com/rspeer/wordfreq"",""license"":""Apache-2.0 code; included source data requires CC BY-SA 4.0 attribution"",""wordlist"":""large"",""language"":""en""}","""wordfreq with source and normalization metadata""",Approved real familiarity provider is active.
ACCIDENTAL,ACCIDENTAL-5137414,COMPARATIVE_DIFFICULTY,m10.gates.0,QUALITY,PASS,"""middle""","""middle""",Candidate is in the preferred middle band.
ACCIDENTAL,ACCIDENTAL-5137414,MEDAL_DISTRIBUTION,m10.gates.0,QUALITY,PASS,"{""gold"":0.06,""silver"":0.804,""bronze"":0.136}","""not degenerate""",REGULAR medal distribution is non-degenerate.
ACCIDENTAL,ACCIDENTAL-5137414,VOCABULARY_ACCESSIBILITY,m10.gates.0,QUALITY,WARN,"{""rareWordDependency"":1,""meanPlayedFamiliarity"":0.31664869733333556}","""rare dependency<=.95 and familiarity>=.1""",Vocabulary accessibility is an extreme relative diagnostic.
ACCIDENTAL,ACCIDENTAL-5137414,MOVE_SPACE_SANITY,m10.gates.0,DIAGNOSTIC,PASS,4831,"{""p10"":4237,""p90"":6073}",Opportunity density is not a pool-tail outlier.
ACCIDENTAL,ACCIDENTAL-5137414,TILE_PARTICIPATION,m10.gates.0,DIAGNOSTIC,WARN,1864,"""<=0.9""",Tile participation is uneven but not a hard validity failure.
ACCIDENTAL,ACCIDENTAL-5137414,HEXALINK_SANITY,m10.gates.0,DIAGNOSTIC,PASS,0.178,""".01-.95""",Hexalink geometry and participation are non-pathological.
ACCIDENTAL,ACCIDENTAL-5137414,HISTORICAL_SIMILARITY,m10.gates.0,QUALITY,PASS,81.082,"{""p10"":null,""p90"":null,""median"":null,""count"":0}",Historical envelope is in warm-up.
ACCIDENTAL,ACCIDENTAL-5137414,SELECTION_MARGIN,m10.gates.0,QUALITY,PASS,"{""band"":""middle"",""rank"":7}","""middle band""",Candidate is in the selected relative region.
ACCIDENTAL,ACCIDENTAL-5137414,MONTE_CARLO_STABILITY,m10.gates.0,QUALITY,PASS,0.5269250344858093,"""<=2""",REGULAR score uncertainty is bounded.
ACCIDENTAL,ACCIDENTAL-5137414,PUBLIC_PRIVATE_SEPARATION,m10.gates.0,MANDATORY,PASS,true,true,Public artifact contains no private fields.
ACCIDENTAL,ACCIDENTAL-5137414,ARTIFACT_SCHEMA,m10.gates.0,MANDATORY,PASS,true,true,"Public, private, and queue schemas passed."
ACCIDENTAL,ACCIDENTAL-5137414,REPRODUCIBILITY,m10.gates.0,MANDATORY,PASS,true,true,Regeneration reproduced candidate identity and hashes.
ACCLAIMING,ACCLAIMING-3d801a97,STRUCTURAL_CERTIFICATION,m10.gates.0,MANDATORY,PASS,"{""certified"":true,""score"":100}","""certified=true; replay score>=100""",M6 certification and Gold replay passed.
ACCLAIMING,ACCLAIMING-3d801a97,DATA_INTEGRITY,m10.gates.0,MANDATORY,PASS,"{""policyVersion"":""m10.0"",""gateVersion"":""m10.gates.0"",""selectorVersion"":""m10.0"",""generatorVersion"":""m6.0"",""rulesVersion"":""qjynn-rules-local"",""vocabularyVersion"":""1.0"",""simulatorVersion"":""m8.1"",""playerModelVersion"":""m8.1.players.0"",""familiarity"":{""provider"":""wordfreq"",""sourceVersion"":""v3.2"",""packageVersion"":""3.1.1"",""sourceRevision"":""42233e6c36ce792031bcccfa17cdd0cec9af5fa7"",""normalizationVersion"":""zipf-linear-v1"",""source"":""https://github.com/rspeer/wordfreq"",""license"":""Apache-2.0 code; included source data requires CC BY-SA 4.0 attribution"",""wordlist"":""large"",""language"":""en""},""publicationValidatorVersion"":""m10.validator.0""}","""known versions and grid hash""",Required versions and grid hash are present.
ACCLAIMING,ACCLAIMING-3d801a97,REAL_FAMILIARITY,m10.gates.0,MANDATORY,PASS,"{""provider"":""wordfreq"",""sourceVersion"":""v3.2"",""packageVersion"":""3.1.1"",""sourceRevision"":""42233e6c36ce792031bcccfa17cdd0cec9af5fa7"",""normalizationVersion"":""zipf-linear-v1"",""source"":""https://github.com/rspeer/wordfreq"",""license"":""Apache-2.0 code; included source data requires CC BY-SA 4.0 attribution"",""wordlist"":""large"",""language"":""en""}","""wordfreq with source and normalization metadata""",Approved real familiarity provider is active.
ACCLAIMING,ACCLAIMING-3d801a97,COMPARATIVE_DIFFICULTY,m10.gates.0,QUALITY,PASS,"""middle""","""middle""",Candidate is in the preferred middle band.
ACCLAIMING,ACCLAIMING-3d801a97,MEDAL_DISTRIBUTION,m10.gates.0,QUALITY,PASS,"{""gold"":0.118,""silver"":0.726,""bronze"":0.156}","""not degenerate""",REGULAR medal distribution is non-degenerate.
ACCLAIMING,ACCLAIMING-3d801a97,VOCABULARY_ACCESSIBILITY,m10.gates.0,QUALITY,WARN,"{""rareWordDependency"":1,""meanPlayedFamiliarity"":0.30219178349937137}","""rare dependency<=.95 and familiarity>=.1""",Vocabulary accessibility is an extreme relative diagnostic.
ACCLAIMING,ACCLAIMING-3d801a97,MOVE_SPACE_SANITY,m10.gates.0,DIAGNOSTIC,PASS,4966,"{""p10"":4426,""p90"":6263}",Opportunity density is not a pool-tail outlier.
ACCLAIMING,ACCLAIMING-3d801a97,TILE_PARTICIPATION,m10.gates.0,DIAGNOSTIC,WARN,1513,"""<=0.9""",Tile participation is uneven but not a hard validity failure.
ACCLAIMING,ACCLAIMING-3d801a97,HEXALINK_SANITY,m10.gates.0,DIAGNOSTIC,PASS,0.284,""".01-.95""",Hexalink geometry and participation are non-pathological.
ACCLAIMING,ACCLAIMING-3d801a97,HISTORICAL_SIMILARITY,m10.gates.0,QUALITY,PASS,81.91,"{""p10"":null,""p90"":null,""median"":null,""count"":0}",Historical envelope is in warm-up.
ACCLAIMING,ACCLAIMING-3d801a97,SELECTION_MARGIN,m10.gates.0,QUALITY,PASS,"{""band"":""middle"",""rank"":6}","""middle band""",Candidate is in the selected relative region.
ACCLAIMING,ACCLAIMING-3d801a97,MONTE_CARLO_STABILITY,m10.gates.0,QUALITY,PASS,0.580042402549176,"""<=2""",REGULAR score uncertainty is bounded.
ACCLAIMING,ACCLAIMING-3d801a97,PUBLIC_PRIVATE_SEPARATION,m10.gates.0,MANDATORY,PASS,true,true,Public artifact contains no private fields.
ACCLAIMING,ACCLAIMING-3d801a97,ARTIFACT_SCHEMA,m10.gates.0,MANDATORY,PASS,true,true,"Public, private, and queue schemas passed."
ACCLAIMING,ACCLAIMING-3d801a97,REPRODUCIBILITY,m10.gates.0,MANDATORY,PASS,true,true,Regeneration reproduced candidate identity and hashes.
ACCLAIMING,ACCLAIMING-dfd00d47,STRUCTURAL_CERTIFICATION,m10.gates.0,MANDATORY,PASS,"{""certified"":true,""score"":110}","""certified=true; replay score>=100""",M6 certification and Gold replay passed.
ACCLAIMING,ACCLAIMING-dfd00d47,DATA_INTEGRITY,m10.gates.0,MANDATORY,PASS,"{""policyVersion"":""m10.0"",""gateVersion"":""m10.gates.0"",""selectorVersion"":""m10.0"",""generatorVersion"":""m6.0"",""rulesVersion"":""qjynn-rules-local"",""vocabularyVersion"":""1.0"",""simulatorVersion"":""m8.1"",""playerModelVersion"":""m8.1.players.0"",""familiarity"":{""provider"":""wordfreq"",""sourceVersion"":""v3.2"",""packageVersion"":""3.1.1"",""sourceRevision"":""42233e6c36ce792031bcccfa17cdd0cec9af5fa7"",""normalizationVersion"":""zipf-linear-v1"",""source"":""https://github.com/rspeer/wordfreq"",""license"":""Apache-2.0 code; included source data requires CC BY-SA 4.0 attribution"",""wordlist"":""large"",""language"":""en""},""publicationValidatorVersion"":""m10.validator.0""}","""known versions and grid hash""",Required versions and grid hash are present.
ACCLAIMING,ACCLAIMING-dfd00d47,REAL_FAMILIARITY,m10.gates.0,MANDATORY,PASS,"{""provider"":""wordfreq"",""sourceVersion"":""v3.2"",""packageVersion"":""3.1.1"",""sourceRevision"":""42233e6c36ce792031bcccfa17cdd0cec9af5fa7"",""normalizationVersion"":""zipf-linear-v1"",""source"":""https://github.com/rspeer/wordfreq"",""license"":""Apache-2.0 code; included source data requires CC BY-SA 4.0 attribution"",""wordlist"":""large"",""language"":""en""}","""wordfreq with source and normalization metadata""",Approved real familiarity provider is active.
ACCLAIMING,ACCLAIMING-dfd00d47,COMPARATIVE_DIFFICULTY,m10.gates.0,QUALITY,PASS,"""middle""","""middle""",Candidate is in the preferred middle band.
ACCLAIMING,ACCLAIMING-dfd00d47,MEDAL_DISTRIBUTION,m10.gates.0,QUALITY,PASS,"{""gold"":0.086,""silver"":0.77,""bronze"":0.144}","""not degenerate""",REGULAR medal distribution is non-degenerate.
ACCLAIMING,ACCLAIMING-dfd00d47,VOCABULARY_ACCESSIBILITY,m10.gates.0,QUALITY,WARN,"{""rareWordDependency"":1,""meanPlayedFamiliarity"":0.30631167397564174}","""rare dependency<=.95 and familiarity>=.1""",Vocabulary accessibility is an extreme relative diagnostic.
ACCLAIMING,ACCLAIMING-dfd00d47,MOVE_SPACE_SANITY,m10.gates.0,DIAGNOSTIC,PASS,5584,"{""p10"":4426,""p90"":6263}",Opportunity density is not a pool-tail outlier.
ACCLAIMING,ACCLAIMING-dfd00d47,TILE_PARTICIPATION,m10.gates.0,DIAGNOSTIC,WARN,1852,"""<=0.9""",Tile participation is uneven but not a hard validity failure.
ACCLAIMING,ACCLAIMING-dfd00d47,HEXALINK_SANITY,m10.gates.0,DIAGNOSTIC,PASS,0.252,""".01-.95""",Hexalink geometry and participation are non-pathological.
ACCLAIMING,ACCLAIMING-dfd00d47,HISTORICAL_SIMILARITY,m10.gates.0,QUALITY,PASS,81.934,"{""p10"":null,""p90"":null,""median"":null,""count"":0}",Historical envelope is in warm-up.
ACCLAIMING,ACCLAIMING-dfd00d47,SELECTION_MARGIN,m10.gates.0,QUALITY,PASS,"{""band"":""middle"",""rank"":5}","""middle band""",Candidate is in the selected relative region.
ACCLAIMING,ACCLAIMING-dfd00d47,MONTE_CARLO_STABILITY,m10.gates.0,QUALITY,PASS,0.5452860124204225,"""<=2""",REGULAR score uncertainty is bounded.
ACCLAIMING,ACCLAIMING-dfd00d47,PUBLIC_PRIVATE_SEPARATION,m10.gates.0,MANDATORY,PASS,true,true,Public artifact contains no private fields.
ACCLAIMING,ACCLAIMING-dfd00d47,ARTIFACT_SCHEMA,m10.gates.0,MANDATORY,PASS,true,true,"Public, private, and queue schemas passed."
ACCLAIMING,ACCLAIMING-dfd00d47,REPRODUCIBILITY,m10.gates.0,MANDATORY,PASS,true,true,Regeneration reproduced candidate identity and hashes.
ACCLAIMING,ACCLAIMING-c89fb293,STRUCTURAL_CERTIFICATION,m10.gates.0,MANDATORY,PASS,"{""certified"":true,""score"":130}","""certified=true; replay score>=100""",M6 certification and Gold replay passed.
ACCLAIMING,ACCLAIMING-c89fb293,DATA_INTEGRITY,m10.gates.0,MANDATORY,PASS,"{""policyVersion"":""m10.0"",""gateVersion"":""m10.gates.0"",""selectorVersion"":""m10.0"",""generatorVersion"":""m6.0"",""rulesVersion"":""qjynn-rules-local"",""vocabularyVersion"":""1.0"",""simulatorVersion"":""m8.1"",""playerModelVersion"":""m8.1.players.0"",""familiarity"":{""provider"":""wordfreq"",""sourceVersion"":""v3.2"",""packageVersion"":""3.1.1"",""sourceRevision"":""42233e6c36ce792031bcccfa17cdd0cec9af5fa7"",""normalizationVersion"":""zipf-linear-v1"",""source"":""https://github.com/rspeer/wordfreq"",""license"":""Apache-2.0 code; included source data requires CC BY-SA 4.0 attribution"",""wordlist"":""large"",""language"":""en""},""publicationValidatorVersion"":""m10.validator.0""}","""known versions and grid hash""",Required versions and grid hash are present.
ACCLAIMING,ACCLAIMING-c89fb293,REAL_FAMILIARITY,m10.gates.0,MANDATORY,PASS,"{""provider"":""wordfreq"",""sourceVersion"":""v3.2"",""packageVersion"":""3.1.1"",""sourceRevision"":""42233e6c36ce792031bcccfa17cdd0cec9af5fa7"",""normalizationVersion"":""zipf-linear-v1"",""source"":""https://github.com/rspeer/wordfreq"",""license"":""Apache-2.0 code; included source data requires CC BY-SA 4.0 attribution"",""wordlist"":""large"",""language"":""en""}","""wordfreq with source and normalization metadata""",Approved real familiarity provider is active.
ACCLAIMING,ACCLAIMING-c89fb293,COMPARATIVE_DIFFICULTY,m10.gates.0,QUALITY,PASS,"""middle""","""middle""",Candidate is in the preferred middle band.
ACCLAIMING,ACCLAIMING-c89fb293,MEDAL_DISTRIBUTION,m10.gates.0,QUALITY,PASS,"{""gold"":0.072,""silver"":0.78,""bronze"":0.148}","""not degenerate""",REGULAR medal distribution is non-degenerate.
ACCLAIMING,ACCLAIMING-c89fb293,VOCABULARY_ACCESSIBILITY,m10.gates.0,QUALITY,WARN,"{""rareWordDependency"":1,""meanPlayedFamiliarity"":0.2905468826716846}","""rare dependency<=.95 and familiarity>=.1""",Vocabulary accessibility is an extreme relative diagnostic.
ACCLAIMING,ACCLAIMING-c89fb293,MOVE_SPACE_SANITY,m10.gates.0,DIAGNOSTIC,PASS,4426,"{""p10"":4426,""p90"":6263}",Opportunity density is not a pool-tail outlier.
ACCLAIMING,ACCLAIMING-c89fb293,TILE_PARTICIPATION,m10.gates.0,DIAGNOSTIC,WARN,1120,"""<=0.9""",Tile participation is uneven but not a hard validity failure.
ACCLAIMING,ACCLAIMING-c89fb293,HEXALINK_SANITY,m10.gates.0,DIAGNOSTIC,PASS,0.256,""".01-.95""",Hexalink geometry and participation are non-pathological.
ACCLAIMING,ACCLAIMING-c89fb293,HISTORICAL_SIMILARITY,m10.gates.0,QUALITY,PASS,81.878,"{""p10"":null,""p90"":null,""median"":null,""count"":0}",Historical envelope is in warm-up.
ACCLAIMING,ACCLAIMING-c89fb293,SELECTION_MARGIN,m10.gates.0,QUALITY,PASS,"{""band"":""middle"",""rank"":7}","""middle band""",Candidate is in the selected relative region.
ACCLAIMING,ACCLAIMING-c89fb293,MONTE_CARLO_STABILITY,m10.gates.0,QUALITY,PASS,0.4723821201843686,"""<=2""",REGULAR score uncertainty is bounded.
ACCLAIMING,ACCLAIMING-c89fb293,PUBLIC_PRIVATE_SEPARATION,m10.gates.0,MANDATORY,PASS,true,true,Public artifact contains no private fields.
ACCLAIMING,ACCLAIMING-c89fb293,ARTIFACT_SCHEMA,m10.gates.0,MANDATORY,PASS,true,true,"Public, private, and queue schemas passed."
ACCLAIMING,ACCLAIMING-c89fb293,REPRODUCIBILITY,m10.gates.0,MANDATORY,PASS,true,true,Regeneration reproduced candidate identity and hashes.
ACCLIMATED,ACCLIMATED-196f98d3,STRUCTURAL_CERTIFICATION,m10.gates.0,MANDATORY,PASS,"{""certified"":true,""score"":110}","""certified=true; replay score>=100""",M6 certification and Gold replay passed.
ACCLIMATED,ACCLIMATED-196f98d3,DATA_INTEGRITY,m10.gates.0,MANDATORY,PASS,"{""policyVersion"":""m10.0"",""gateVersion"":""m10.gates.0"",""selectorVersion"":""m10.0"",""generatorVersion"":""m6.0"",""rulesVersion"":""qjynn-rules-local"",""vocabularyVersion"":""1.0"",""simulatorVersion"":""m8.1"",""playerModelVersion"":""m8.1.players.0"",""familiarity"":{""provider"":""wordfreq"",""sourceVersion"":""v3.2"",""packageVersion"":""3.1.1"",""sourceRevision"":""42233e6c36ce792031bcccfa17cdd0cec9af5fa7"",""normalizationVersion"":""zipf-linear-v1"",""source"":""https://github.com/rspeer/wordfreq"",""license"":""Apache-2.0 code; included source data requires CC BY-SA 4.0 attribution"",""wordlist"":""large"",""language"":""en""},""publicationValidatorVersion"":""m10.validator.0""}","""known versions and grid hash""",Required versions and grid hash are present.
ACCLIMATED,ACCLIMATED-196f98d3,REAL_FAMILIARITY,m10.gates.0,MANDATORY,PASS,"{""provider"":""wordfreq"",""sourceVersion"":""v3.2"",""packageVersion"":""3.1.1"",""sourceRevision"":""42233e6c36ce792031bcccfa17cdd0cec9af5fa7"",""normalizationVersion"":""zipf-linear-v1"",""source"":""https://github.com/rspeer/wordfreq"",""license"":""Apache-2.0 code; included source data requires CC BY-SA 4.0 attribution"",""wordlist"":""large"",""language"":""en""}","""wordfreq with source and normalization metadata""",Approved real familiarity provider is active.
ACCLIMATED,ACCLIMATED-196f98d3,COMPARATIVE_DIFFICULTY,m10.gates.0,QUALITY,PASS,"""middle""","""middle""",Candidate is in the preferred middle band.
ACCLIMATED,ACCLIMATED-196f98d3,MEDAL_DISTRIBUTION,m10.gates.0,QUALITY,PASS,"{""gold"":0.084,""silver"":0.84,""bronze"":0.076}","""not degenerate""",REGULAR medal distribution is non-degenerate.
ACCLIMATED,ACCLIMATED-196f98d3,VOCABULARY_ACCESSIBILITY,m10.gates.0,QUALITY,WARN,"{""rareWordDependency"":1,""meanPlayedFamiliarity"":0.29497062677651575}","""rare dependency<=.95 and familiarity>=.1""",Vocabulary accessibility is an extreme relative diagnostic.
ACCLIMATED,ACCLIMATED-196f98d3,MOVE_SPACE_SANITY,m10.gates.0,DIAGNOSTIC,PASS,6324,"{""p10"":4588,""p90"":6324}",Opportunity density is not a pool-tail outlier.
ACCLIMATED,ACCLIMATED-196f98d3,TILE_PARTICIPATION,m10.gates.0,DIAGNOSTIC,WARN,2446,"""<=0.9""",Tile participation is uneven but not a hard validity failure.
ACCLIMATED,ACCLIMATED-196f98d3,HEXALINK_SANITY,m10.gates.0,DIAGNOSTIC,PASS,0.2,""".01-.95""",Hexalink geometry and participation are non-pathological.
ACCLIMATED,ACCLIMATED-196f98d3,HISTORICAL_SIMILARITY,m10.gates.0,QUALITY,PASS,83.552,"{""p10"":null,""p90"":null,""median"":null,""count"":0}",Historical envelope is in warm-up.
ACCLIMATED,ACCLIMATED-196f98d3,SELECTION_MARGIN,m10.gates.0,QUALITY,PASS,"{""band"":""middle"",""rank"":6}","""middle band""",Candidate is in the selected relative region.
ACCLIMATED,ACCLIMATED-196f98d3,MONTE_CARLO_STABILITY,m10.gates.0,QUALITY,PASS,0.5087636482682283,"""<=2""",REGULAR score uncertainty is bounded.
ACCLIMATED,ACCLIMATED-196f98d3,PUBLIC_PRIVATE_SEPARATION,m10.gates.0,MANDATORY,PASS,true,true,Public artifact contains no private fields.
ACCLIMATED,ACCLIMATED-196f98d3,ARTIFACT_SCHEMA,m10.gates.0,MANDATORY,PASS,true,true,"Public, private, and queue schemas passed."
ACCLIMATED,ACCLIMATED-196f98d3,REPRODUCIBILITY,m10.gates.0,MANDATORY,PASS,true,true,Regeneration reproduced candidate identity and hashes.
ACCLIMATED,ACCLIMATED-9bf0fc89,STRUCTURAL_CERTIFICATION,m10.gates.0,MANDATORY,PASS,"{""certified"":true,""score"":110}","""certified=true; replay score>=100""",M6 certification and Gold replay passed.
ACCLIMATED,ACCLIMATED-9bf0fc89,DATA_INTEGRITY,m10.gates.0,MANDATORY,PASS,"{""policyVersion"":""m10.0"",""gateVersion"":""m10.gates.0"",""selectorVersion"":""m10.0"",""generatorVersion"":""m6.0"",""rulesVersion"":""qjynn-rules-local"",""vocabularyVersion"":""1.0"",""simulatorVersion"":""m8.1"",""playerModelVersion"":""m8.1.players.0"",""familiarity"":{""provider"":""wordfreq"",""sourceVersion"":""v3.2"",""packageVersion"":""3.1.1"",""sourceRevision"":""42233e6c36ce792031bcccfa17cdd0cec9af5fa7"",""normalizationVersion"":""zipf-linear-v1"",""source"":""https://github.com/rspeer/wordfreq"",""license"":""Apache-2.0 code; included source data requires CC BY-SA 4.0 attribution"",""wordlist"":""large"",""language"":""en""},""publicationValidatorVersion"":""m10.validator.0""}","""known versions and grid hash""",Required versions and grid hash are present.
ACCLIMATED,ACCLIMATED-9bf0fc89,REAL_FAMILIARITY,m10.gates.0,MANDATORY,PASS,"{""provider"":""wordfreq"",""sourceVersion"":""v3.2"",""packageVersion"":""3.1.1"",""sourceRevision"":""42233e6c36ce792031bcccfa17cdd0cec9af5fa7"",""normalizationVersion"":""zipf-linear-v1"",""source"":""https://github.com/rspeer/wordfreq"",""license"":""Apache-2.0 code; included source data requires CC BY-SA 4.0 attribution"",""wordlist"":""large"",""language"":""en""}","""wordfreq with source and normalization metadata""",Approved real familiarity provider is active.
ACCLIMATED,ACCLIMATED-9bf0fc89,COMPARATIVE_DIFFICULTY,m10.gates.0,QUALITY,PASS,"""middle""","""middle""",Candidate is in the preferred middle band.
ACCLIMATED,ACCLIMATED-9bf0fc89,MEDAL_DISTRIBUTION,m10.gates.0,QUALITY,PASS,"{""gold"":0.104,""silver"":0.772,""bronze"":0.124}","""not degenerate""",REGULAR medal distribution is non-degenerate.
ACCLIMATED,ACCLIMATED-9bf0fc89,VOCABULARY_ACCESSIBILITY,m10.gates.0,QUALITY,WARN,"{""rareWordDependency"":1,""meanPlayedFamiliarity"":0.30169304773512723}","""rare dependency<=.95 and familiarity>=.1""",Vocabulary accessibility is an extreme relative diagnostic.
ACCLIMATED,ACCLIMATED-9bf0fc89,MOVE_SPACE_SANITY,m10.gates.0,DIAGNOSTIC,PASS,5724,"{""p10"":4588,""p90"":6324}",Opportunity density is not a pool-tail outlier.
ACCLIMATED,ACCLIMATED-9bf0fc89,TILE_PARTICIPATION,m10.gates.0,DIAGNOSTIC,WARN,1970,"""<=0.9""",Tile participation is uneven but not a hard validity failure.
ACCLIMATED,ACCLIMATED-9bf0fc89,HEXALINK_SANITY,m10.gates.0,DIAGNOSTIC,PASS,0.224,""".01-.95""",Hexalink geometry and participation are non-pathological.
ACCLIMATED,ACCLIMATED-9bf0fc89,HISTORICAL_SIMILARITY,m10.gates.0,QUALITY,PASS,83.5,"{""p10"":null,""p90"":null,""median"":null,""count"":0}",Historical envelope is in warm-up.
ACCLIMATED,ACCLIMATED-9bf0fc89,SELECTION_MARGIN,m10.gates.0,QUALITY,PASS,"{""band"":""middle"",""rank"":7}","""middle band""",Candidate is in the selected relative region.
ACCLIMATED,ACCLIMATED-9bf0fc89,MONTE_CARLO_STABILITY,m10.gates.0,QUALITY,PASS,0.606447711933384,"""<=2""",REGULAR score uncertainty is bounded.
ACCLIMATED,ACCLIMATED-9bf0fc89,PUBLIC_PRIVATE_SEPARATION,m10.gates.0,MANDATORY,PASS,true,true,Public artifact contains no private fields.
ACCLIMATED,ACCLIMATED-9bf0fc89,ARTIFACT_SCHEMA,m10.gates.0,MANDATORY,PASS,true,true,"Public, private, and queue schemas passed."
ACCLIMATED,ACCLIMATED-9bf0fc89,REPRODUCIBILITY,m10.gates.0,MANDATORY,PASS,true,true,Regeneration reproduced candidate identity and hashes.
ACCLIMATED,ACCLIMATED-565144ed,STRUCTURAL_CERTIFICATION,m10.gates.0,MANDATORY,PASS,"{""certified"":true,""score"":105}","""certified=true; replay score>=100""",M6 certification and Gold replay passed.
ACCLIMATED,ACCLIMATED-565144ed,DATA_INTEGRITY,m10.gates.0,MANDATORY,PASS,"{""policyVersion"":""m10.0"",""gateVersion"":""m10.gates.0"",""selectorVersion"":""m10.0"",""generatorVersion"":""m6.0"",""rulesVersion"":""qjynn-rules-local"",""vocabularyVersion"":""1.0"",""simulatorVersion"":""m8.1"",""playerModelVersion"":""m8.1.players.0"",""familiarity"":{""provider"":""wordfreq"",""sourceVersion"":""v3.2"",""packageVersion"":""3.1.1"",""sourceRevision"":""42233e6c36ce792031bcccfa17cdd0cec9af5fa7"",""normalizationVersion"":""zipf-linear-v1"",""source"":""https://github.com/rspeer/wordfreq"",""license"":""Apache-2.0 code; included source data requires CC BY-SA 4.0 attribution"",""wordlist"":""large"",""language"":""en""},""publicationValidatorVersion"":""m10.validator.0""}","""known versions and grid hash""",Required versions and grid hash are present.
ACCLIMATED,ACCLIMATED-565144ed,REAL_FAMILIARITY,m10.gates.0,MANDATORY,PASS,"{""provider"":""wordfreq"",""sourceVersion"":""v3.2"",""packageVersion"":""3.1.1"",""sourceRevision"":""42233e6c36ce792031bcccfa17cdd0cec9af5fa7"",""normalizationVersion"":""zipf-linear-v1"",""source"":""https://github.com/rspeer/wordfreq"",""license"":""Apache-2.0 code; included source data requires CC BY-SA 4.0 attribution"",""wordlist"":""large"",""language"":""en""}","""wordfreq with source and normalization metadata""",Approved real familiarity provider is active.
ACCLIMATED,ACCLIMATED-565144ed,COMPARATIVE_DIFFICULTY,m10.gates.0,QUALITY,PASS,"""middle""","""middle""",Candidate is in the preferred middle band.
ACCLIMATED,ACCLIMATED-565144ed,MEDAL_DISTRIBUTION,m10.gates.0,QUALITY,PASS,"{""gold"":0.072,""silver"":0.834,""bronze"":0.094}","""not degenerate""",REGULAR medal distribution is non-degenerate.
ACCLIMATED,ACCLIMATED-565144ed,VOCABULARY_ACCESSIBILITY,m10.gates.0,QUALITY,WARN,"{""rareWordDependency"":1,""meanPlayedFamiliarity"":0.31798499115087336}","""rare dependency<=.95 and familiarity>=.1""",Vocabulary accessibility is an extreme relative diagnostic.
ACCLIMATED,ACCLIMATED-565144ed,MOVE_SPACE_SANITY,m10.gates.0,DIAGNOSTIC,PASS,5518,"{""p10"":4588,""p90"":6324}",Opportunity density is not a pool-tail outlier.
ACCLIMATED,ACCLIMATED-565144ed,TILE_PARTICIPATION,m10.gates.0,DIAGNOSTIC,WARN,2109,"""<=0.9""",Tile participation is uneven but not a hard validity failure.
ACCLIMATED,ACCLIMATED-565144ed,HEXALINK_SANITY,m10.gates.0,DIAGNOSTIC,PASS,0.194,""".01-.95""",Hexalink geometry and participation are non-pathological.
ACCLIMATED,ACCLIMATED-565144ed,HISTORICAL_SIMILARITY,m10.gates.0,QUALITY,PASS,84.02,"{""p10"":null,""p90"":null,""median"":null,""count"":0}",Historical envelope is in warm-up.
ACCLIMATED,ACCLIMATED-565144ed,SELECTION_MARGIN,m10.gates.0,QUALITY,PASS,"{""band"":""middle"",""rank"":5}","""middle band""",Candidate is in the selected relative region.
ACCLIMATED,ACCLIMATED-565144ed,MONTE_CARLO_STABILITY,m10.gates.0,QUALITY,PASS,0.48603092105842355,"""<=2""",REGULAR score uncertainty is bounded.
ACCLIMATED,ACCLIMATED-565144ed,PUBLIC_PRIVATE_SEPARATION,m10.gates.0,MANDATORY,PASS,true,true,Public artifact contains no private fields.
ACCLIMATED,ACCLIMATED-565144ed,ARTIFACT_SCHEMA,m10.gates.0,MANDATORY,PASS,true,true,"Public, private, and queue schemas passed."
ACCLIMATED,ACCLIMATED-565144ed,REPRODUCIBILITY,m10.gates.0,MANDATORY,PASS,true,true,Regeneration reproduced candidate identity and hashes.
ACCORDIONS,ACCORDIONS-bfa1845d,STRUCTURAL_CERTIFICATION,m10.gates.0,MANDATORY,PASS,"{""certified"":true,""score"":105}","""certified=true; replay score>=100""",M6 certification and Gold replay passed.
ACCORDIONS,ACCORDIONS-bfa1845d,DATA_INTEGRITY,m10.gates.0,MANDATORY,PASS,"{""policyVersion"":""m10.0"",""gateVersion"":""m10.gates.0"",""selectorVersion"":""m10.0"",""generatorVersion"":""m6.0"",""rulesVersion"":""qjynn-rules-local"",""vocabularyVersion"":""1.0"",""simulatorVersion"":""m8.1"",""playerModelVersion"":""m8.1.players.0"",""familiarity"":{""provider"":""wordfreq"",""sourceVersion"":""v3.2"",""packageVersion"":""3.1.1"",""sourceRevision"":""42233e6c36ce792031bcccfa17cdd0cec9af5fa7"",""normalizationVersion"":""zipf-linear-v1"",""source"":""https://github.com/rspeer/wordfreq"",""license"":""Apache-2.0 code; included source data requires CC BY-SA 4.0 attribution"",""wordlist"":""large"",""language"":""en""},""publicationValidatorVersion"":""m10.validator.0""}","""known versions and grid hash""",Required versions and grid hash are present.
ACCORDIONS,ACCORDIONS-bfa1845d,REAL_FAMILIARITY,m10.gates.0,MANDATORY,PASS,"{""provider"":""wordfreq"",""sourceVersion"":""v3.2"",""packageVersion"":""3.1.1"",""sourceRevision"":""42233e6c36ce792031bcccfa17cdd0cec9af5fa7"",""normalizationVersion"":""zipf-linear-v1"",""source"":""https://github.com/rspeer/wordfreq"",""license"":""Apache-2.0 code; included source data requires CC BY-SA 4.0 attribution"",""wordlist"":""large"",""language"":""en""}","""wordfreq with source and normalization metadata""",Approved real familiarity provider is active.
ACCORDIONS,ACCORDIONS-bfa1845d,COMPARATIVE_DIFFICULTY,m10.gates.0,QUALITY,PASS,"""middle""","""middle""",Candidate is in the preferred middle band.
ACCORDIONS,ACCORDIONS-bfa1845d,MEDAL_DISTRIBUTION,m10.gates.0,QUALITY,PASS,"{""gold"":0.058,""silver"":0.816,""bronze"":0.126}","""not degenerate""",REGULAR medal distribution is non-degenerate.
ACCORDIONS,ACCORDIONS-bfa1845d,VOCABULARY_ACCESSIBILITY,m10.gates.0,QUALITY,WARN,"{""rareWordDependency"":1,""meanPlayedFamiliarity"":0.29544466881761694}","""rare dependency<=.95 and familiarity>=.1""",Vocabulary accessibility is an extreme relative diagnostic.
ACCORDIONS,ACCORDIONS-bfa1845d,MOVE_SPACE_SANITY,m10.gates.0,DIAGNOSTIC,PASS,5265,"{""p10"":4695,""p90"":6473}",Opportunity density is not a pool-tail outlier.
ACCORDIONS,ACCORDIONS-bfa1845d,TILE_PARTICIPATION,m10.gates.0,DIAGNOSTIC,WARN,2076,"""<=0.9""",Tile participation is uneven but not a hard validity failure.
ACCORDIONS,ACCORDIONS-bfa1845d,HEXALINK_SANITY,m10.gates.0,DIAGNOSTIC,PASS,0.256,""".01-.95""",Hexalink geometry and participation are non-pathological.
ACCORDIONS,ACCORDIONS-bfa1845d,HISTORICAL_SIMILARITY,m10.gates.0,QUALITY,PASS,80.96,"{""p10"":null,""p90"":null,""median"":null,""count"":0}",Historical envelope is in warm-up.
ACCORDIONS,ACCORDIONS-bfa1845d,SELECTION_MARGIN,m10.gates.0,QUALITY,PASS,"{""band"":""middle"",""rank"":6}","""middle band""",Candidate is in the selected relative region.
ACCORDIONS,ACCORDIONS-bfa1845d,MONTE_CARLO_STABILITY,m10.gates.0,QUALITY,PASS,0.5012203901659152,"""<=2""",REGULAR score uncertainty is bounded.
ACCORDIONS,ACCORDIONS-bfa1845d,PUBLIC_PRIVATE_SEPARATION,m10.gates.0,MANDATORY,PASS,true,true,Public artifact contains no private fields.
ACCORDIONS,ACCORDIONS-bfa1845d,ARTIFACT_SCHEMA,m10.gates.0,MANDATORY,PASS,true,true,"Public, private, and queue schemas passed."
ACCORDIONS,ACCORDIONS-bfa1845d,REPRODUCIBILITY,m10.gates.0,MANDATORY,PASS,true,true,Regeneration reproduced candidate identity and hashes.
ACCORDIONS,ACCORDIONS-393d259f,STRUCTURAL_CERTIFICATION,m10.gates.0,MANDATORY,PASS,"{""certified"":true,""score"":110}","""certified=true; replay score>=100""",M6 certification and Gold replay passed.
ACCORDIONS,ACCORDIONS-393d259f,DATA_INTEGRITY,m10.gates.0,MANDATORY,PASS,"{""policyVersion"":""m10.0"",""gateVersion"":""m10.gates.0"",""selectorVersion"":""m10.0"",""generatorVersion"":""m6.0"",""rulesVersion"":""qjynn-rules-local"",""vocabularyVersion"":""1.0"",""simulatorVersion"":""m8.1"",""playerModelVersion"":""m8.1.players.0"",""familiarity"":{""provider"":""wordfreq"",""sourceVersion"":""v3.2"",""packageVersion"":""3.1.1"",""sourceRevision"":""42233e6c36ce792031bcccfa17cdd0cec9af5fa7"",""normalizationVersion"":""zipf-linear-v1"",""source"":""https://github.com/rspeer/wordfreq"",""license"":""Apache-2.0 code; included source data requires CC BY-SA 4.0 attribution"",""wordlist"":""large"",""language"":""en""},""publicationValidatorVersion"":""m10.validator.0""}","""known versions and grid hash""",Required versions and grid hash are present.
ACCORDIONS,ACCORDIONS-393d259f,REAL_FAMILIARITY,m10.gates.0,MANDATORY,PASS,"{""provider"":""wordfreq"",""sourceVersion"":""v3.2"",""packageVersion"":""3.1.1"",""sourceRevision"":""42233e6c36ce792031bcccfa17cdd0cec9af5fa7"",""normalizationVersion"":""zipf-linear-v1"",""source"":""https://github.com/rspeer/wordfreq"",""license"":""Apache-2.0 code; included source data requires CC BY-SA 4.0 attribution"",""wordlist"":""large"",""language"":""en""}","""wordfreq with source and normalization metadata""",Approved real familiarity provider is active.
ACCORDIONS,ACCORDIONS-393d259f,COMPARATIVE_DIFFICULTY,m10.gates.0,QUALITY,PASS,"""middle""","""middle""",Candidate is in the preferred middle band.
ACCORDIONS,ACCORDIONS-393d259f,MEDAL_DISTRIBUTION,m10.gates.0,QUALITY,PASS,"{""gold"":0.076,""silver"":0.762,""bronze"":0.162}","""not degenerate""",REGULAR medal distribution is non-degenerate.
ACCORDIONS,ACCORDIONS-393d259f,VOCABULARY_ACCESSIBILITY,m10.gates.0,QUALITY,WARN,"{""rareWordDependency"":1,""meanPlayedFamiliarity"":0.30709460313995574}","""rare dependency<=.95 and familiarity>=.1""",Vocabulary accessibility is an extreme relative diagnostic.
ACCORDIONS,ACCORDIONS-393d259f,MOVE_SPACE_SANITY,m10.gates.0,DIAGNOSTIC,WARN,6474,"{""p10"":4695,""p90"":6473}",Opportunity density is in a pool tail.
ACCORDIONS,ACCORDIONS-393d259f,TILE_PARTICIPATION,m10.gates.0,DIAGNOSTIC,WARN,2096,"""<=0.9""",Tile participation is uneven but not a hard validity failure.
ACCORDIONS,ACCORDIONS-393d259f,HEXALINK_SANITY,m10.gates.0,DIAGNOSTIC,PASS,0.194,""".01-.95""",Hexalink geometry and participation are non-pathological.
ACCORDIONS,ACCORDIONS-393d259f,HISTORICAL_SIMILARITY,m10.gates.0,QUALITY,PASS,80.84,"{""p10"":null,""p90"":null,""median"":null,""count"":0}",Historical envelope is in warm-up.
ACCORDIONS,ACCORDIONS-393d259f,SELECTION_MARGIN,m10.gates.0,QUALITY,PASS,"{""band"":""middle"",""rank"":7}","""middle band""",Candidate is in the selected relative region.
ACCORDIONS,ACCORDIONS-393d259f,MONTE_CARLO_STABILITY,m10.gates.0,QUALITY,PASS,0.5182678905987742,"""<=2""",REGULAR score uncertainty is bounded.
ACCORDIONS,ACCORDIONS-393d259f,PUBLIC_PRIVATE_SEPARATION,m10.gates.0,MANDATORY,PASS,true,true,Public artifact contains no private fields.
ACCORDIONS,ACCORDIONS-393d259f,ARTIFACT_SCHEMA,m10.gates.0,MANDATORY,PASS,true,true,"Public, private, and queue schemas passed."
ACCORDIONS,ACCORDIONS-393d259f,REPRODUCIBILITY,m10.gates.0,MANDATORY,PASS,true,true,Regeneration reproduced candidate identity and hashes.
ACCORDIONS,ACCORDIONS-61b9c096,STRUCTURAL_CERTIFICATION,m10.gates.0,MANDATORY,PASS,"{""certified"":true,""score"":105}","""certified=true; replay score>=100""",M6 certification and Gold replay passed.
ACCORDIONS,ACCORDIONS-61b9c096,DATA_INTEGRITY,m10.gates.0,MANDATORY,PASS,"{""policyVersion"":""m10.0"",""gateVersion"":""m10.gates.0"",""selectorVersion"":""m10.0"",""generatorVersion"":""m6.0"",""rulesVersion"":""qjynn-rules-local"",""vocabularyVersion"":""1.0"",""simulatorVersion"":""m8.1"",""playerModelVersion"":""m8.1.players.0"",""familiarity"":{""provider"":""wordfreq"",""sourceVersion"":""v3.2"",""packageVersion"":""3.1.1"",""sourceRevision"":""42233e6c36ce792031bcccfa17cdd0cec9af5fa7"",""normalizationVersion"":""zipf-linear-v1"",""source"":""https://github.com/rspeer/wordfreq"",""license"":""Apache-2.0 code; included source data requires CC BY-SA 4.0 attribution"",""wordlist"":""large"",""language"":""en""},""publicationValidatorVersion"":""m10.validator.0""}","""known versions and grid hash""",Required versions and grid hash are present.
ACCORDIONS,ACCORDIONS-61b9c096,REAL_FAMILIARITY,m10.gates.0,MANDATORY,PASS,"{""provider"":""wordfreq"",""sourceVersion"":""v3.2"",""packageVersion"":""3.1.1"",""sourceRevision"":""42233e6c36ce792031bcccfa17cdd0cec9af5fa7"",""normalizationVersion"":""zipf-linear-v1"",""source"":""https://github.com/rspeer/wordfreq"",""license"":""Apache-2.0 code; included source data requires CC BY-SA 4.0 attribution"",""wordlist"":""large"",""language"":""en""}","""wordfreq with source and normalization metadata""",Approved real familiarity provider is active.
ACCORDIONS,ACCORDIONS-61b9c096,COMPARATIVE_DIFFICULTY,m10.gates.0,QUALITY,PASS,"""middle""","""middle""",Candidate is in the preferred middle band.
ACCORDIONS,ACCORDIONS-61b9c096,MEDAL_DISTRIBUTION,m10.gates.0,QUALITY,PASS,"{""gold"":0.088,""silver"":0.796,""bronze"":0.116}","""not degenerate""",REGULAR medal distribution is non-degenerate.
ACCORDIONS,ACCORDIONS-61b9c096,VOCABULARY_ACCESSIBILITY,m10.gates.0,QUALITY,WARN,"{""rareWordDependency"":1,""meanPlayedFamiliarity"":0.3176434676736045}","""rare dependency<=.95 and familiarity>=.1""",Vocabulary accessibility is an extreme relative diagnostic.
ACCORDIONS,ACCORDIONS-61b9c096,MOVE_SPACE_SANITY,m10.gates.0,DIAGNOSTIC,PASS,6007,"{""p10"":4695,""p90"":6473}",Opportunity density is not a pool-tail outlier.
ACCORDIONS,ACCORDIONS-61b9c096,TILE_PARTICIPATION,m10.gates.0,DIAGNOSTIC,WARN,3053,"""<=0.9""",Tile participation is uneven but not a hard validity failure.
ACCORDIONS,ACCORDIONS-61b9c096,HEXALINK_SANITY,m10.gates.0,DIAGNOSTIC,PASS,0.264,""".01-.95""",Hexalink geometry and participation are non-pathological.
ACCORDIONS,ACCORDIONS-61b9c096,HISTORICAL_SIMILARITY,m10.gates.0,QUALITY,PASS,82.606,"{""p10"":null,""p90"":null,""median"":null,""count"":0}",Historical envelope is in warm-up.
ACCORDIONS,ACCORDIONS-61b9c096,SELECTION_MARGIN,m10.gates.0,QUALITY,PASS,"{""band"":""middle"",""rank"":5}","""middle band""",Candidate is in the selected relative region.
ACCORDIONS,ACCORDIONS-61b9c096,MONTE_CARLO_STABILITY,m10.gates.0,QUALITY,PASS,0.5149405081246091,"""<=2""",REGULAR score uncertainty is bounded.
ACCORDIONS,ACCORDIONS-61b9c096,PUBLIC_PRIVATE_SEPARATION,m10.gates.0,MANDATORY,PASS,true,true,Public artifact contains no private fields.
ACCORDIONS,ACCORDIONS-61b9c096,ARTIFACT_SCHEMA,m10.gates.0,MANDATORY,PASS,true,true,"Public, private, and queue schemas passed."
ACCORDIONS,ACCORDIONS-61b9c096,REPRODUCIBILITY,m10.gates.0,MANDATORY,PASS,true,true,Regeneration reproduced candidate identity and hashes.
ACCOUNTANT,ACCOUNTANT-77c62682,STRUCTURAL_CERTIFICATION,m10.gates.0,MANDATORY,PASS,"{""certified"":true,""score"":110}","""certified=true; replay score>=100""",M6 certification and Gold replay passed.
ACCOUNTANT,ACCOUNTANT-77c62682,DATA_INTEGRITY,m10.gates.0,MANDATORY,PASS,"{""policyVersion"":""m10.0"",""gateVersion"":""m10.gates.0"",""selectorVersion"":""m10.0"",""generatorVersion"":""m6.0"",""rulesVersion"":""qjynn-rules-local"",""vocabularyVersion"":""1.0"",""simulatorVersion"":""m8.1"",""playerModelVersion"":""m8.1.players.0"",""familiarity"":{""provider"":""wordfreq"",""sourceVersion"":""v3.2"",""packageVersion"":""3.1.1"",""sourceRevision"":""42233e6c36ce792031bcccfa17cdd0cec9af5fa7"",""normalizationVersion"":""zipf-linear-v1"",""source"":""https://github.com/rspeer/wordfreq"",""license"":""Apache-2.0 code; included source data requires CC BY-SA 4.0 attribution"",""wordlist"":""large"",""language"":""en""},""publicationValidatorVersion"":""m10.validator.0""}","""known versions and grid hash""",Required versions and grid hash are present.
ACCOUNTANT,ACCOUNTANT-77c62682,REAL_FAMILIARITY,m10.gates.0,MANDATORY,PASS,"{""provider"":""wordfreq"",""sourceVersion"":""v3.2"",""packageVersion"":""3.1.1"",""sourceRevision"":""42233e6c36ce792031bcccfa17cdd0cec9af5fa7"",""normalizationVersion"":""zipf-linear-v1"",""source"":""https://github.com/rspeer/wordfreq"",""license"":""Apache-2.0 code; included source data requires CC BY-SA 4.0 attribution"",""wordlist"":""large"",""language"":""en""}","""wordfreq with source and normalization metadata""",Approved real familiarity provider is active.
ACCOUNTANT,ACCOUNTANT-77c62682,COMPARATIVE_DIFFICULTY,m10.gates.0,QUALITY,PASS,"""middle""","""middle""",Candidate is in the preferred middle band.
ACCOUNTANT,ACCOUNTANT-77c62682,MEDAL_DISTRIBUTION,m10.gates.0,QUALITY,PASS,"{""gold"":0.07,""silver"":0.864,""bronze"":0.066}","""not degenerate""",REGULAR medal distribution is non-degenerate.
ACCOUNTANT,ACCOUNTANT-77c62682,VOCABULARY_ACCESSIBILITY,m10.gates.0,QUALITY,WARN,"{""rareWordDependency"":1,""meanPlayedFamiliarity"":0.2938714898102449}","""rare dependency<=.95 and familiarity>=.1""",Vocabulary accessibility is an extreme relative diagnostic.
ACCOUNTANT,ACCOUNTANT-77c62682,MOVE_SPACE_SANITY,m10.gates.0,DIAGNOSTIC,PASS,5117,"{""p10"":4474,""p90"":6507}",Opportunity density is not a pool-tail outlier.
ACCOUNTANT,ACCOUNTANT-77c62682,TILE_PARTICIPATION,m10.gates.0,DIAGNOSTIC,WARN,1591,"""<=0.9""",Tile participation is uneven but not a hard validity failure.
ACCOUNTANT,ACCOUNTANT-77c62682,HEXALINK_SANITY,m10.gates.0,DIAGNOSTIC,PASS,0.208,""".01-.95""",Hexalink geometry and participation are non-pathological.
ACCOUNTANT,ACCOUNTANT-77c62682,HISTORICAL_SIMILARITY,m10.gates.0,QUALITY,PASS,83.738,"{""p10"":null,""p90"":null,""median"":null,""count"":0}",Historical envelope is in warm-up.
ACCOUNTANT,ACCOUNTANT-77c62682,SELECTION_MARGIN,m10.gates.0,QUALITY,PASS,"{""band"":""middle"",""rank"":6}","""middle band""",Candidate is in the selected relative region.
ACCOUNTANT,ACCOUNTANT-77c62682,MONTE_CARLO_STABILITY,m10.gates.0,QUALITY,PASS,0.4983694215351551,"""<=2""",REGULAR score uncertainty is bounded.
ACCOUNTANT,ACCOUNTANT-77c62682,PUBLIC_PRIVATE_SEPARATION,m10.gates.0,MANDATORY,PASS,true,true,Public artifact contains no private fields.
ACCOUNTANT,ACCOUNTANT-77c62682,ARTIFACT_SCHEMA,m10.gates.0,MANDATORY,PASS,true,true,"Public, private, and queue schemas passed."
ACCOUNTANT,ACCOUNTANT-77c62682,REPRODUCIBILITY,m10.gates.0,MANDATORY,PASS,true,true,Regeneration reproduced candidate identity and hashes.
ACCOUNTANT,ACCOUNTANT-dd55e430,STRUCTURAL_CERTIFICATION,m10.gates.0,MANDATORY,PASS,"{""certified"":true,""score"":110}","""certified=true; replay score>=100""",M6 certification and Gold replay passed.
ACCOUNTANT,ACCOUNTANT-dd55e430,DATA_INTEGRITY,m10.gates.0,MANDATORY,PASS,"{""policyVersion"":""m10.0"",""gateVersion"":""m10.gates.0"",""selectorVersion"":""m10.0"",""generatorVersion"":""m6.0"",""rulesVersion"":""qjynn-rules-local"",""vocabularyVersion"":""1.0"",""simulatorVersion"":""m8.1"",""playerModelVersion"":""m8.1.players.0"",""familiarity"":{""provider"":""wordfreq"",""sourceVersion"":""v3.2"",""packageVersion"":""3.1.1"",""sourceRevision"":""42233e6c36ce792031bcccfa17cdd0cec9af5fa7"",""normalizationVersion"":""zipf-linear-v1"",""source"":""https://github.com/rspeer/wordfreq"",""license"":""Apache-2.0 code; included source data requires CC BY-SA 4.0 attribution"",""wordlist"":""large"",""language"":""en""},""publicationValidatorVersion"":""m10.validator.0""}","""known versions and grid hash""",Required versions and grid hash are present.
ACCOUNTANT,ACCOUNTANT-dd55e430,REAL_FAMILIARITY,m10.gates.0,MANDATORY,PASS,"{""provider"":""wordfreq"",""sourceVersion"":""v3.2"",""packageVersion"":""3.1.1"",""sourceRevision"":""42233e6c36ce792031bcccfa17cdd0cec9af5fa7"",""normalizationVersion"":""zipf-linear-v1"",""source"":""https://github.com/rspeer/wordfreq"",""license"":""Apache-2.0 code; included source data requires CC BY-SA 4.0 attribution"",""wordlist"":""large"",""language"":""en""}","""wordfreq with source and normalization metadata""",Approved real familiarity provider is active.
ACCOUNTANT,ACCOUNTANT-dd55e430,COMPARATIVE_DIFFICULTY,m10.gates.0,QUALITY,PASS,"""middle""","""middle""",Candidate is in the preferred middle band.
ACCOUNTANT,ACCOUNTANT-dd55e430,MEDAL_DISTRIBUTION,m10.gates.0,QUALITY,PASS,"{""gold"":0.094,""silver"":0.828,""bronze"":0.078}","""not degenerate""",REGULAR medal distribution is non-degenerate.
ACCOUNTANT,ACCOUNTANT-dd55e430,VOCABULARY_ACCESSIBILITY,m10.gates.0,QUALITY,WARN,"{""rareWordDependency"":1,""meanPlayedFamiliarity"":0.3137819932803752}","""rare dependency<=.95 and familiarity>=.1""",Vocabulary accessibility is an extreme relative diagnostic.
ACCOUNTANT,ACCOUNTANT-dd55e430,MOVE_SPACE_SANITY,m10.gates.0,DIAGNOSTIC,PASS,6507,"{""p10"":4474,""p90"":6507}",Opportunity density is not a pool-tail outlier.
ACCOUNTANT,ACCOUNTANT-dd55e430,TILE_PARTICIPATION,m10.gates.0,DIAGNOSTIC,WARN,2089,"""<=0.9""",Tile participation is uneven but not a hard validity failure.
ACCOUNTANT,ACCOUNTANT-dd55e430,HEXALINK_SANITY,m10.gates.0,DIAGNOSTIC,PASS,0.208,""".01-.95""",Hexalink geometry and participation are non-pathological.
ACCOUNTANT,ACCOUNTANT-dd55e430,HISTORICAL_SIMILARITY,m10.gates.0,QUALITY,PASS,83.836,"{""p10"":null,""p90"":null,""median"":null,""count"":0}",Historical envelope is in warm-up.
ACCOUNTANT,ACCOUNTANT-dd55e430,SELECTION_MARGIN,m10.gates.0,QUALITY,PASS,"{""band"":""middle"",""rank"":5}","""middle band""",Candidate is in the selected relative region.
ACCOUNTANT,ACCOUNTANT-dd55e430,MONTE_CARLO_STABILITY,m10.gates.0,QUALITY,PASS,0.5228682403695494,"""<=2""",REGULAR score uncertainty is bounded.
ACCOUNTANT,ACCOUNTANT-dd55e430,PUBLIC_PRIVATE_SEPARATION,m10.gates.0,MANDATORY,PASS,true,true,Public artifact contains no private fields.
ACCOUNTANT,ACCOUNTANT-dd55e430,ARTIFACT_SCHEMA,m10.gates.0,MANDATORY,PASS,true,true,"Public, private, and queue schemas passed."
ACCOUNTANT,ACCOUNTANT-dd55e430,REPRODUCIBILITY,m10.gates.0,MANDATORY,PASS,true,true,Regeneration reproduced candidate identity and hashes.
ACCOUNTANT,ACCOUNTANT-5b214f86,STRUCTURAL_CERTIFICATION,m10.gates.0,MANDATORY,PASS,"{""certified"":true,""score"":110}","""certified=true; replay score>=100""",M6 certification and Gold replay passed.
ACCOUNTANT,ACCOUNTANT-5b214f86,DATA_INTEGRITY,m10.gates.0,MANDATORY,PASS,"{""policyVersion"":""m10.0"",""gateVersion"":""m10.gates.0"",""selectorVersion"":""m10.0"",""generatorVersion"":""m6.0"",""rulesVersion"":""qjynn-rules-local"",""vocabularyVersion"":""1.0"",""simulatorVersion"":""m8.1"",""playerModelVersion"":""m8.1.players.0"",""familiarity"":{""provider"":""wordfreq"",""sourceVersion"":""v3.2"",""packageVersion"":""3.1.1"",""sourceRevision"":""42233e6c36ce792031bcccfa17cdd0cec9af5fa7"",""normalizationVersion"":""zipf-linear-v1"",""source"":""https://github.com/rspeer/wordfreq"",""license"":""Apache-2.0 code; included source data requires CC BY-SA 4.0 attribution"",""wordlist"":""large"",""language"":""en""},""publicationValidatorVersion"":""m10.validator.0""}","""known versions and grid hash""",Required versions and grid hash are present.
ACCOUNTANT,ACCOUNTANT-5b214f86,REAL_FAMILIARITY,m10.gates.0,MANDATORY,PASS,"{""provider"":""wordfreq"",""sourceVersion"":""v3.2"",""packageVersion"":""3.1.1"",""sourceRevision"":""42233e6c36ce792031bcccfa17cdd0cec9af5fa7"",""normalizationVersion"":""zipf-linear-v1"",""source"":""https://github.com/rspeer/wordfreq"",""license"":""Apache-2.0 code; included source data requires CC BY-SA 4.0 attribution"",""wordlist"":""large"",""language"":""en""}","""wordfreq with source and normalization metadata""",Approved real familiarity provider is active.
ACCOUNTANT,ACCOUNTANT-5b214f86,COMPARATIVE_DIFFICULTY,m10.gates.0,QUALITY,PASS,"""middle""","""middle""",Candidate is in the preferred middle band.
ACCOUNTANT,ACCOUNTANT-5b214f86,MEDAL_DISTRIBUTION,m10.gates.0,QUALITY,PASS,"{""gold"":0.076,""silver"":0.84,""bronze"":0.084}","""not degenerate""",REGULAR medal distribution is non-degenerate.
ACCOUNTANT,ACCOUNTANT-5b214f86,VOCABULARY_ACCESSIBILITY,m10.gates.0,QUALITY,WARN,"{""rareWordDependency"":1,""meanPlayedFamiliarity"":0.3055722329958554}","""rare dependency<=.95 and familiarity>=.1""",Vocabulary accessibility is an extreme relative diagnostic.
ACCOUNTANT,ACCOUNTANT-5b214f86,MOVE_SPACE_SANITY,m10.gates.0,DIAGNOSTIC,PASS,6148,"{""p10"":4474,""p90"":6507}",Opportunity density is not a pool-tail outlier.
ACCOUNTANT,ACCOUNTANT-5b214f86,TILE_PARTICIPATION,m10.gates.0,DIAGNOSTIC,WARN,2304,"""<=0.9""",Tile participation is uneven but not a hard validity failure.
ACCOUNTANT,ACCOUNTANT-5b214f86,HEXALINK_SANITY,m10.gates.0,DIAGNOSTIC,PASS,0.212,""".01-.95""",Hexalink geometry and participation are non-pathological.
ACCOUNTANT,ACCOUNTANT-5b214f86,HISTORICAL_SIMILARITY,m10.gates.0,QUALITY,PASS,82.98,"{""p10"":null,""p90"":null,""median"":null,""count"":0}",Historical envelope is in warm-up.
ACCOUNTANT,ACCOUNTANT-5b214f86,SELECTION_MARGIN,m10.gates.0,QUALITY,PASS,"{""band"":""middle"",""rank"":7}","""middle band""",Candidate is in the selected relative region.
ACCOUNTANT,ACCOUNTANT-5b214f86,MONTE_CARLO_STABILITY,m10.gates.0,QUALITY,PASS,0.49466045309426304,"""<=2""",REGULAR score uncertainty is bounded.
ACCOUNTANT,ACCOUNTANT-5b214f86,PUBLIC_PRIVATE_SEPARATION,m10.gates.0,MANDATORY,PASS,true,true,Public artifact contains no private fields.
ACCOUNTANT,ACCOUNTANT-5b214f86,ARTIFACT_SCHEMA,m10.gates.0,MANDATORY,PASS,true,true,"Public, private, and queue schemas passed."
ACCOUNTANT,ACCOUNTANT-5b214f86,REPRODUCIBILITY,m10.gates.0,MANDATORY,PASS,true,true,Regeneration reproduced candidate identity and hashes.
