answer,method,low_runs,shortlist_size,certified_candidates,reference_preferred_count,preferred_retained,recall,reference_winner_retained,zero_preferred_retained,runtime_ms
WATERMELON,low_mean,25,4,10,3,2,0.6666666666666666,true,false,1414.2942819
WATERMELON,low_mean,25,5,10,3,3,1,true,false,1414.2942819
WATERMELON,low_mean,25,6,10,3,3,1,true,false,1414.2942819
WATERMELON,low_mean,25,7,10,3,3,1,true,false,1414.2942819
WATERMELON,low_mean,25,8,10,3,3,1,true,false,1414.2942819
WATERMELON,low_median,25,4,10,3,3,1,true,false,1414.2942819
WATERMELON,low_median,25,5,10,3,3,1,true,false,1414.2942819
WATERMELON,low_median,25,6,10,3,3,1,true,false,1414.2942819
WATERMELON,low_median,25,7,10,3,3,1,true,false,1414.2942819
WATERMELON,low_median,25,8,10,3,3,1,true,false,1414.2942819
WATERMELON,low_gold,25,4,10,3,1,0.3333333333333333,false,false,1414.2942819
WATERMELON,low_gold,25,5,10,3,2,0.6666666666666666,false,false,1414.2942819
WATERMELON,low_gold,25,6,10,3,2,0.6666666666666666,false,false,1414.2942819
WATERMELON,low_gold,25,7,10,3,3,1,true,false,1414.2942819
WATERMELON,low_gold,25,8,10,3,3,1,true,false,1414.2942819
WATERMELON,band_aware,25,4,10,3,2,0.6666666666666666,true,false,1414.2942819
WATERMELON,band_aware,25,5,10,3,3,1,true,false,1414.2942819
WATERMELON,band_aware,25,6,10,3,3,1,true,false,1414.2942819
WATERMELON,band_aware,25,7,10,3,3,1,true,false,1414.2942819
WATERMELON,band_aware,25,8,10,3,3,1,true,false,1414.2942819
WATERMELON,confidence_aware,25,4,10,3,2,0.6666666666666666,true,false,1414.2942819
WATERMELON,confidence_aware,25,5,10,3,3,1,true,false,1414.2942819
WATERMELON,confidence_aware,25,6,10,3,3,1,true,false,1414.2942819
WATERMELON,confidence_aware,25,7,10,3,3,1,true,false,1414.2942819
WATERMELON,confidence_aware,25,8,10,3,3,1,true,false,1414.2942819
WATERMELON,hybrid_regular_cheap,25,4,10,3,2,0.6666666666666666,true,false,1414.2942819
WATERMELON,hybrid_regular_cheap,25,5,10,3,3,1,true,false,1414.2942819
WATERMELON,hybrid_regular_cheap,25,6,10,3,3,1,true,false,1414.2942819
WATERMELON,hybrid_regular_cheap,25,7,10,3,3,1,true,false,1414.2942819
WATERMELON,hybrid_regular_cheap,25,8,10,3,3,1,true,false,1414.2942819
WATERMELON,low_mean,50,4,10,3,3,1,true,false,2828.5885638
WATERMELON,low_mean,50,5,10,3,3,1,true,false,2828.5885638
WATERMELON,low_mean,50,6,10,3,3,1,true,false,2828.5885638
WATERMELON,low_mean,50,7,10,3,3,1,true,false,2828.5885638
WATERMELON,low_mean,50,8,10,3,3,1,true,false,2828.5885638
WATERMELON,low_median,50,4,10,3,2,0.6666666666666666,true,false,2828.5885638
WATERMELON,low_median,50,5,10,3,3,1,true,false,2828.5885638
WATERMELON,low_median,50,6,10,3,3,1,true,false,2828.5885638
WATERMELON,low_median,50,7,10,3,3,1,true,false,2828.5885638
WATERMELON,low_median,50,8,10,3,3,1,true,false,2828.5885638
WATERMELON,low_gold,50,4,10,3,2,0.6666666666666666,false,false,2828.5885638
WATERMELON,low_gold,50,5,10,3,2,0.6666666666666666,false,false,2828.5885638
WATERMELON,low_gold,50,6,10,3,2,0.6666666666666666,false,false,2828.5885638
WATERMELON,low_gold,50,7,10,3,3,1,true,false,2828.5885638
WATERMELON,low_gold,50,8,10,3,3,1,true,false,2828.5885638
WATERMELON,band_aware,50,4,10,3,3,1,true,false,2828.5885638
WATERMELON,band_aware,50,5,10,3,3,1,true,false,2828.5885638
WATERMELON,band_aware,50,6,10,3,3,1,true,false,2828.5885638
WATERMELON,band_aware,50,7,10,3,3,1,true,false,2828.5885638
WATERMELON,band_aware,50,8,10,3,3,1,true,false,2828.5885638
WATERMELON,confidence_aware,50,4,10,3,3,1,true,false,2828.5885638
WATERMELON,confidence_aware,50,5,10,3,3,1,true,false,2828.5885638
WATERMELON,confidence_aware,50,6,10,3,3,1,true,false,2828.5885638
WATERMELON,confidence_aware,50,7,10,3,3,1,true,false,2828.5885638
WATERMELON,confidence_aware,50,8,10,3,3,1,true,false,2828.5885638
WATERMELON,hybrid_regular_cheap,50,4,10,3,3,1,true,false,2828.5885638
WATERMELON,hybrid_regular_cheap,50,5,10,3,3,1,true,false,2828.5885638
WATERMELON,hybrid_regular_cheap,50,6,10,3,3,1,true,false,2828.5885638
WATERMELON,hybrid_regular_cheap,50,7,10,3,3,1,true,false,2828.5885638
WATERMELON,hybrid_regular_cheap,50,8,10,3,3,1,true,false,2828.5885638
WATERMELON,low_mean,75,4,10,3,3,1,true,false,4242.8828457
WATERMELON,low_mean,75,5,10,3,3,1,true,false,4242.8828457
WATERMELON,low_mean,75,6,10,3,3,1,true,false,4242.8828457
WATERMELON,low_mean,75,7,10,3,3,1,true,false,4242.8828457
WATERMELON,low_mean,75,8,10,3,3,1,true,false,4242.8828457
WATERMELON,low_median,75,4,10,3,2,0.6666666666666666,true,false,4242.8828457
WATERMELON,low_median,75,5,10,3,3,1,true,false,4242.8828457
WATERMELON,low_median,75,6,10,3,3,1,true,false,4242.8828457
WATERMELON,low_median,75,7,10,3,3,1,true,false,4242.8828457
WATERMELON,low_median,75,8,10,3,3,1,true,false,4242.8828457
WATERMELON,low_gold,75,4,10,3,2,0.6666666666666666,true,false,4242.8828457
WATERMELON,low_gold,75,5,10,3,3,1,true,false,4242.8828457
WATERMELON,low_gold,75,6,10,3,3,1,true,false,4242.8828457
WATERMELON,low_gold,75,7,10,3,3,1,true,false,4242.8828457
WATERMELON,low_gold,75,8,10,3,3,1,true,false,4242.8828457
WATERMELON,band_aware,75,4,10,3,3,1,true,false,4242.8828457
WATERMELON,band_aware,75,5,10,3,3,1,true,false,4242.8828457
WATERMELON,band_aware,75,6,10,3,3,1,true,false,4242.8828457
WATERMELON,band_aware,75,7,10,3,3,1,true,false,4242.8828457
WATERMELON,band_aware,75,8,10,3,3,1,true,false,4242.8828457
WATERMELON,confidence_aware,75,4,10,3,3,1,true,false,4242.8828457
WATERMELON,confidence_aware,75,5,10,3,3,1,true,false,4242.8828457
WATERMELON,confidence_aware,75,6,10,3,3,1,true,false,4242.8828457
WATERMELON,confidence_aware,75,7,10,3,3,1,true,false,4242.8828457
WATERMELON,confidence_aware,75,8,10,3,3,1,true,false,4242.8828457
WATERMELON,hybrid_regular_cheap,75,4,10,3,3,1,true,false,4242.8828457
WATERMELON,hybrid_regular_cheap,75,5,10,3,3,1,true,false,4242.8828457
WATERMELON,hybrid_regular_cheap,75,6,10,3,3,1,true,false,4242.8828457
WATERMELON,hybrid_regular_cheap,75,7,10,3,3,1,true,false,4242.8828457
WATERMELON,hybrid_regular_cheap,75,8,10,3,3,1,true,false,4242.8828457
WATERMELON,low_mean,100,4,10,3,2,0.6666666666666666,true,false,5657.1771276
WATERMELON,low_mean,100,5,10,3,3,1,true,false,5657.1771276
WATERMELON,low_mean,100,6,10,3,3,1,true,false,5657.1771276
WATERMELON,low_mean,100,7,10,3,3,1,true,false,5657.1771276
WATERMELON,low_mean,100,8,10,3,3,1,true,false,5657.1771276
WATERMELON,low_median,100,4,10,3,2,0.6666666666666666,false,false,5657.1771276
WATERMELON,low_median,100,5,10,3,3,1,true,false,5657.1771276
WATERMELON,low_median,100,6,10,3,3,1,true,false,5657.1771276
WATERMELON,low_median,100,7,10,3,3,1,true,false,5657.1771276
WATERMELON,low_median,100,8,10,3,3,1,true,false,5657.1771276
WATERMELON,low_gold,100,4,10,3,1,0.3333333333333333,false,false,5657.1771276
WATERMELON,low_gold,100,5,10,3,2,0.6666666666666666,false,false,5657.1771276
WATERMELON,low_gold,100,6,10,3,3,1,true,false,5657.1771276
WATERMELON,low_gold,100,7,10,3,3,1,true,false,5657.1771276
WATERMELON,low_gold,100,8,10,3,3,1,true,false,5657.1771276
WATERMELON,band_aware,100,4,10,3,3,1,true,false,5657.1771276
WATERMELON,band_aware,100,5,10,3,3,1,true,false,5657.1771276
WATERMELON,band_aware,100,6,10,3,3,1,true,false,5657.1771276
WATERMELON,band_aware,100,7,10,3,3,1,true,false,5657.1771276
WATERMELON,band_aware,100,8,10,3,3,1,true,false,5657.1771276
WATERMELON,confidence_aware,100,4,10,3,2,0.6666666666666666,true,false,5657.1771276
WATERMELON,confidence_aware,100,5,10,3,3,1,true,false,5657.1771276
WATERMELON,confidence_aware,100,6,10,3,3,1,true,false,5657.1771276
WATERMELON,confidence_aware,100,7,10,3,3,1,true,false,5657.1771276
WATERMELON,confidence_aware,100,8,10,3,3,1,true,false,5657.1771276
WATERMELON,hybrid_regular_cheap,100,4,10,3,2,0.6666666666666666,true,false,5657.1771276
WATERMELON,hybrid_regular_cheap,100,5,10,3,3,1,true,false,5657.1771276
WATERMELON,hybrid_regular_cheap,100,6,10,3,3,1,true,false,5657.1771276
WATERMELON,hybrid_regular_cheap,100,7,10,3,3,1,true,false,5657.1771276
WATERMELON,hybrid_regular_cheap,100,8,10,3,3,1,true,false,5657.1771276
WATERMELON,low_mean,150,4,10,3,3,1,true,false,8485.7656914
WATERMELON,low_mean,150,5,10,3,3,1,true,false,8485.7656914
WATERMELON,low_mean,150,6,10,3,3,1,true,false,8485.7656914
WATERMELON,low_mean,150,7,10,3,3,1,true,false,8485.7656914
WATERMELON,low_mean,150,8,10,3,3,1,true,false,8485.7656914
WATERMELON,low_median,150,4,10,3,2,0.6666666666666666,false,false,8485.7656914
WATERMELON,low_median,150,5,10,3,3,1,true,false,8485.7656914
WATERMELON,low_median,150,6,10,3,3,1,true,false,8485.7656914
WATERMELON,low_median,150,7,10,3,3,1,true,false,8485.7656914
WATERMELON,low_median,150,8,10,3,3,1,true,false,8485.7656914
WATERMELON,low_gold,150,4,10,3,1,0.3333333333333333,false,false,8485.7656914
WATERMELON,low_gold,150,5,10,3,2,0.6666666666666666,false,false,8485.7656914
WATERMELON,low_gold,150,6,10,3,2,0.6666666666666666,false,false,8485.7656914
WATERMELON,low_gold,150,7,10,3,2,0.6666666666666666,false,false,8485.7656914
WATERMELON,low_gold,150,8,10,3,3,1,true,false,8485.7656914
WATERMELON,band_aware,150,4,10,3,3,1,true,false,8485.7656914
WATERMELON,band_aware,150,5,10,3,3,1,true,false,8485.7656914
WATERMELON,band_aware,150,6,10,3,3,1,true,false,8485.7656914
WATERMELON,band_aware,150,7,10,3,3,1,true,false,8485.7656914
WATERMELON,band_aware,150,8,10,3,3,1,true,false,8485.7656914
WATERMELON,confidence_aware,150,4,10,3,3,1,true,false,8485.7656914
WATERMELON,confidence_aware,150,5,10,3,3,1,true,false,8485.7656914
WATERMELON,confidence_aware,150,6,10,3,3,1,true,false,8485.7656914
WATERMELON,confidence_aware,150,7,10,3,3,1,true,false,8485.7656914
WATERMELON,confidence_aware,150,8,10,3,3,1,true,false,8485.7656914
WATERMELON,hybrid_regular_cheap,150,4,10,3,3,1,true,false,8485.7656914
WATERMELON,hybrid_regular_cheap,150,5,10,3,3,1,true,false,8485.7656914
WATERMELON,hybrid_regular_cheap,150,6,10,3,3,1,true,false,8485.7656914
WATERMELON,hybrid_regular_cheap,150,7,10,3,3,1,true,false,8485.7656914
WATERMELON,hybrid_regular_cheap,150,8,10,3,3,1,true,false,8485.7656914
WATERMELON,low_mean,250,4,10,3,2,0.6666666666666666,true,false,14142.942819
WATERMELON,low_mean,250,5,10,3,2,0.6666666666666666,true,false,14142.942819
WATERMELON,low_mean,250,6,10,3,3,1,true,false,14142.942819
WATERMELON,low_mean,250,7,10,3,3,1,true,false,14142.942819
WATERMELON,low_mean,250,8,10,3,3,1,true,false,14142.942819
WATERMELON,low_median,250,4,10,3,2,0.6666666666666666,true,false,14142.942819
WATERMELON,low_median,250,5,10,3,3,1,true,false,14142.942819
WATERMELON,low_median,250,6,10,3,3,1,true,false,14142.942819
WATERMELON,low_median,250,7,10,3,3,1,true,false,14142.942819
WATERMELON,low_median,250,8,10,3,3,1,true,false,14142.942819
WATERMELON,low_gold,250,4,10,3,1,0.3333333333333333,false,false,14142.942819
WATERMELON,low_gold,250,5,10,3,2,0.6666666666666666,false,false,14142.942819
WATERMELON,low_gold,250,6,10,3,2,0.6666666666666666,false,false,14142.942819
WATERMELON,low_gold,250,7,10,3,2,0.6666666666666666,false,false,14142.942819
WATERMELON,low_gold,250,8,10,3,3,1,true,false,14142.942819
WATERMELON,band_aware,250,4,10,3,2,0.6666666666666666,true,false,14142.942819
WATERMELON,band_aware,250,5,10,3,2,0.6666666666666666,true,false,14142.942819
WATERMELON,band_aware,250,6,10,3,3,1,true,false,14142.942819
WATERMELON,band_aware,250,7,10,3,3,1,true,false,14142.942819
WATERMELON,band_aware,250,8,10,3,3,1,true,false,14142.942819
WATERMELON,confidence_aware,250,4,10,3,2,0.6666666666666666,true,false,14142.942819
WATERMELON,confidence_aware,250,5,10,3,2,0.6666666666666666,true,false,14142.942819
WATERMELON,confidence_aware,250,6,10,3,3,1,true,false,14142.942819
WATERMELON,confidence_aware,250,7,10,3,3,1,true,false,14142.942819
WATERMELON,confidence_aware,250,8,10,3,3,1,true,false,14142.942819
WATERMELON,hybrid_regular_cheap,250,4,10,3,2,0.6666666666666666,true,false,14142.942819
WATERMELON,hybrid_regular_cheap,250,5,10,3,2,0.6666666666666666,true,false,14142.942819
WATERMELON,hybrid_regular_cheap,250,6,10,3,3,1,true,false,14142.942819
WATERMELON,hybrid_regular_cheap,250,7,10,3,3,1,true,false,14142.942819
WATERMELON,hybrid_regular_cheap,250,8,10,3,3,1,true,false,14142.942819
WATERMELON,low_mean_frontier,25,5,10,3,3,1,true,false,1414.2942819
WATERMELON,low_mean_frontier,50,5,10,3,3,1,true,false,2828.5885638
WATERMELON,low_mean_frontier,75,5,10,3,3,1,true,false,4242.8828457
WATERMELON,low_mean_frontier,100,5,10,3,3,1,true,false,5657.1771276
WATERMELON,low_mean_frontier,150,5,10,3,3,1,true,false,8485.7656914
WATERMELON,low_mean_frontier,250,5,10,3,2,0.6666666666666666,true,false,14142.942819
OSCILLATED,low_mean,25,4,10,3,1,0.3333333333333333,false,false,1462.95308445
OSCILLATED,low_mean,25,5,10,3,1,0.3333333333333333,false,false,1462.95308445
OSCILLATED,low_mean,25,6,10,3,2,0.6666666666666666,false,false,1462.95308445
OSCILLATED,low_mean,25,7,10,3,2,0.6666666666666666,false,false,1462.95308445
OSCILLATED,low_mean,25,8,10,3,2,0.6666666666666666,false,false,1462.95308445
OSCILLATED,low_median,25,4,10,3,1,0.3333333333333333,false,false,1462.95308445
OSCILLATED,low_median,25,5,10,3,1,0.3333333333333333,false,false,1462.95308445
OSCILLATED,low_median,25,6,10,3,1,0.3333333333333333,false,false,1462.95308445
OSCILLATED,low_median,25,7,10,3,2,0.6666666666666666,false,false,1462.95308445
OSCILLATED,low_median,25,8,10,3,2,0.6666666666666666,false,false,1462.95308445
OSCILLATED,low_gold,25,4,10,3,0,0,false,true,1462.95308445
OSCILLATED,low_gold,25,5,10,3,1,0.3333333333333333,false,false,1462.95308445
OSCILLATED,low_gold,25,6,10,3,1,0.3333333333333333,false,false,1462.95308445
OSCILLATED,low_gold,25,7,10,3,2,0.6666666666666666,false,false,1462.95308445
OSCILLATED,low_gold,25,8,10,3,2,0.6666666666666666,false,false,1462.95308445
OSCILLATED,band_aware,25,4,10,3,1,0.3333333333333333,false,false,1462.95308445
OSCILLATED,band_aware,25,5,10,3,1,0.3333333333333333,false,false,1462.95308445
OSCILLATED,band_aware,25,6,10,3,2,0.6666666666666666,false,false,1462.95308445
OSCILLATED,band_aware,25,7,10,3,2,0.6666666666666666,false,false,1462.95308445
OSCILLATED,band_aware,25,8,10,3,2,0.6666666666666666,false,false,1462.95308445
OSCILLATED,confidence_aware,25,4,10,3,1,0.3333333333333333,false,false,1462.95308445
OSCILLATED,confidence_aware,25,5,10,3,1,0.3333333333333333,false,false,1462.95308445
OSCILLATED,confidence_aware,25,6,10,3,2,0.6666666666666666,false,false,1462.95308445
OSCILLATED,confidence_aware,25,7,10,3,2,0.6666666666666666,false,false,1462.95308445
OSCILLATED,confidence_aware,25,8,10,3,2,0.6666666666666666,false,false,1462.95308445
OSCILLATED,hybrid_regular_cheap,25,4,10,3,1,0.3333333333333333,false,false,1462.95308445
OSCILLATED,hybrid_regular_cheap,25,5,10,3,1,0.3333333333333333,false,false,1462.95308445
OSCILLATED,hybrid_regular_cheap,25,6,10,3,2,0.6666666666666666,false,false,1462.95308445
OSCILLATED,hybrid_regular_cheap,25,7,10,3,2,0.6666666666666666,false,false,1462.95308445
OSCILLATED,hybrid_regular_cheap,25,8,10,3,2,0.6666666666666666,false,false,1462.95308445
OSCILLATED,low_mean,50,4,10,3,2,0.6666666666666666,true,false,2925.9061689
OSCILLATED,low_mean,50,5,10,3,2,0.6666666666666666,true,false,2925.9061689
OSCILLATED,low_mean,50,6,10,3,2,0.6666666666666666,true,false,2925.9061689
OSCILLATED,low_mean,50,7,10,3,3,1,true,false,2925.9061689
OSCILLATED,low_mean,50,8,10,3,3,1,true,false,2925.9061689
OSCILLATED,low_median,50,4,10,3,1,0.3333333333333333,false,false,2925.9061689
OSCILLATED,low_median,50,5,10,3,2,0.6666666666666666,true,false,2925.9061689
OSCILLATED,low_median,50,6,10,3,2,0.6666666666666666,true,false,2925.9061689
OSCILLATED,low_median,50,7,10,3,2,0.6666666666666666,true,false,2925.9061689
OSCILLATED,low_median,50,8,10,3,3,1,true,false,2925.9061689
OSCILLATED,low_gold,50,4,10,3,2,0.6666666666666666,false,false,2925.9061689
OSCILLATED,low_gold,50,5,10,3,2,0.6666666666666666,false,false,2925.9061689
OSCILLATED,low_gold,50,6,10,3,2,0.6666666666666666,false,false,2925.9061689
OSCILLATED,low_gold,50,7,10,3,3,1,true,false,2925.9061689
OSCILLATED,low_gold,50,8,10,3,3,1,true,false,2925.9061689
OSCILLATED,band_aware,50,4,10,3,2,0.6666666666666666,true,false,2925.9061689
OSCILLATED,band_aware,50,5,10,3,2,0.6666666666666666,true,false,2925.9061689
OSCILLATED,band_aware,50,6,10,3,2,0.6666666666666666,true,false,2925.9061689
OSCILLATED,band_aware,50,7,10,3,3,1,true,false,2925.9061689
OSCILLATED,band_aware,50,8,10,3,3,1,true,false,2925.9061689
OSCILLATED,confidence_aware,50,4,10,3,2,0.6666666666666666,true,false,2925.9061689
OSCILLATED,confidence_aware,50,5,10,3,2,0.6666666666666666,true,false,2925.9061689
OSCILLATED,confidence_aware,50,6,10,3,2,0.6666666666666666,true,false,2925.9061689
OSCILLATED,confidence_aware,50,7,10,3,3,1,true,false,2925.9061689
OSCILLATED,confidence_aware,50,8,10,3,3,1,true,false,2925.9061689
OSCILLATED,hybrid_regular_cheap,50,4,10,3,2,0.6666666666666666,true,false,2925.9061689
OSCILLATED,hybrid_regular_cheap,50,5,10,3,2,0.6666666666666666,true,false,2925.9061689
OSCILLATED,hybrid_regular_cheap,50,6,10,3,2,0.6666666666666666,true,false,2925.9061689
OSCILLATED,hybrid_regular_cheap,50,7,10,3,3,1,true,false,2925.9061689
OSCILLATED,hybrid_regular_cheap,50,8,10,3,3,1,true,false,2925.9061689
OSCILLATED,low_mean,75,4,10,3,2,0.6666666666666666,false,false,4388.85925335
OSCILLATED,low_mean,75,5,10,3,2,0.6666666666666666,false,false,4388.85925335
OSCILLATED,low_mean,75,6,10,3,3,1,true,false,4388.85925335
OSCILLATED,low_mean,75,7,10,3,3,1,true,false,4388.85925335
OSCILLATED,low_mean,75,8,10,3,3,1,true,false,4388.85925335
OSCILLATED,low_median,75,4,10,3,2,0.6666666666666666,false,false,4388.85925335
OSCILLATED,low_median,75,5,10,3,2,0.6666666666666666,false,false,4388.85925335
OSCILLATED,low_median,75,6,10,3,2,0.6666666666666666,false,false,4388.85925335
OSCILLATED,low_median,75,7,10,3,2,0.6666666666666666,false,false,4388.85925335
OSCILLATED,low_median,75,8,10,3,3,1,true,false,4388.85925335
OSCILLATED,low_gold,75,4,10,3,2,0.6666666666666666,false,false,4388.85925335
OSCILLATED,low_gold,75,5,10,3,3,1,true,false,4388.85925335
OSCILLATED,low_gold,75,6,10,3,3,1,true,false,4388.85925335
OSCILLATED,low_gold,75,7,10,3,3,1,true,false,4388.85925335
OSCILLATED,low_gold,75,8,10,3,3,1,true,false,4388.85925335
OSCILLATED,band_aware,75,4,10,3,2,0.6666666666666666,false,false,4388.85925335
OSCILLATED,band_aware,75,5,10,3,2,0.6666666666666666,false,false,4388.85925335
OSCILLATED,band_aware,75,6,10,3,3,1,true,false,4388.85925335
OSCILLATED,band_aware,75,7,10,3,3,1,true,false,4388.85925335
OSCILLATED,band_aware,75,8,10,3,3,1,true,false,4388.85925335
OSCILLATED,confidence_aware,75,4,10,3,2,0.6666666666666666,false,false,4388.85925335
OSCILLATED,confidence_aware,75,5,10,3,2,0.6666666666666666,false,false,4388.85925335
OSCILLATED,confidence_aware,75,6,10,3,3,1,true,false,4388.85925335
OSCILLATED,confidence_aware,75,7,10,3,3,1,true,false,4388.85925335
OSCILLATED,confidence_aware,75,8,10,3,3,1,true,false,4388.85925335
OSCILLATED,hybrid_regular_cheap,75,4,10,3,2,0.6666666666666666,false,false,4388.85925335
OSCILLATED,hybrid_regular_cheap,75,5,10,3,2,0.6666666666666666,false,false,4388.85925335
OSCILLATED,hybrid_regular_cheap,75,6,10,3,3,1,true,false,4388.85925335
OSCILLATED,hybrid_regular_cheap,75,7,10,3,3,1,true,false,4388.85925335
OSCILLATED,hybrid_regular_cheap,75,8,10,3,3,1,true,false,4388.85925335
OSCILLATED,low_mean,100,4,10,3,2,0.6666666666666666,true,false,5851.8123378
OSCILLATED,low_mean,100,5,10,3,3,1,true,false,5851.8123378
OSCILLATED,low_mean,100,6,10,3,3,1,true,false,5851.8123378
OSCILLATED,low_mean,100,7,10,3,3,1,true,false,5851.8123378
OSCILLATED,low_mean,100,8,10,3,3,1,true,false,5851.8123378
OSCILLATED,low_median,100,4,10,3,1,0.3333333333333333,false,false,5851.8123378
OSCILLATED,low_median,100,5,10,3,1,0.3333333333333333,false,false,5851.8123378
OSCILLATED,low_median,100,6,10,3,2,0.6666666666666666,false,false,5851.8123378
OSCILLATED,low_median,100,7,10,3,2,0.6666666666666666,false,false,5851.8123378
OSCILLATED,low_median,100,8,10,3,3,1,true,false,5851.8123378
OSCILLATED,low_gold,100,4,10,3,3,1,true,false,5851.8123378
OSCILLATED,low_gold,100,5,10,3,3,1,true,false,5851.8123378
OSCILLATED,low_gold,100,6,10,3,3,1,true,false,5851.8123378
OSCILLATED,low_gold,100,7,10,3,3,1,true,false,5851.8123378
OSCILLATED,low_gold,100,8,10,3,3,1,true,false,5851.8123378
OSCILLATED,band_aware,100,4,10,3,3,1,true,false,5851.8123378
OSCILLATED,band_aware,100,5,10,3,3,1,true,false,5851.8123378
OSCILLATED,band_aware,100,6,10,3,3,1,true,false,5851.8123378
OSCILLATED,band_aware,100,7,10,3,3,1,true,false,5851.8123378
OSCILLATED,band_aware,100,8,10,3,3,1,true,false,5851.8123378
OSCILLATED,confidence_aware,100,4,10,3,2,0.6666666666666666,true,false,5851.8123378
OSCILLATED,confidence_aware,100,5,10,3,3,1,true,false,5851.8123378
OSCILLATED,confidence_aware,100,6,10,3,3,1,true,false,5851.8123378
OSCILLATED,confidence_aware,100,7,10,3,3,1,true,false,5851.8123378
OSCILLATED,confidence_aware,100,8,10,3,3,1,true,false,5851.8123378
OSCILLATED,hybrid_regular_cheap,100,4,10,3,2,0.6666666666666666,true,false,5851.8123378
OSCILLATED,hybrid_regular_cheap,100,5,10,3,3,1,true,false,5851.8123378
OSCILLATED,hybrid_regular_cheap,100,6,10,3,3,1,true,false,5851.8123378
OSCILLATED,hybrid_regular_cheap,100,7,10,3,3,1,true,false,5851.8123378
OSCILLATED,hybrid_regular_cheap,100,8,10,3,3,1,true,false,5851.8123378
OSCILLATED,low_mean,150,4,10,3,2,0.6666666666666666,false,false,8777.7185067
OSCILLATED,low_mean,150,5,10,3,3,1,true,false,8777.7185067
OSCILLATED,low_mean,150,6,10,3,3,1,true,false,8777.7185067
OSCILLATED,low_mean,150,7,10,3,3,1,true,false,8777.7185067
OSCILLATED,low_mean,150,8,10,3,3,1,true,false,8777.7185067
OSCILLATED,low_median,150,4,10,3,0,0,false,true,8777.7185067
OSCILLATED,low_median,150,5,10,3,1,0.3333333333333333,false,false,8777.7185067
OSCILLATED,low_median,150,6,10,3,1,0.3333333333333333,false,false,8777.7185067
OSCILLATED,low_median,150,7,10,3,2,0.6666666666666666,false,false,8777.7185067
OSCILLATED,low_median,150,8,10,3,3,1,true,false,8777.7185067
OSCILLATED,low_gold,150,4,10,3,2,0.6666666666666666,true,false,8777.7185067
OSCILLATED,low_gold,150,5,10,3,2,0.6666666666666666,true,false,8777.7185067
OSCILLATED,low_gold,150,6,10,3,3,1,true,false,8777.7185067
OSCILLATED,low_gold,150,7,10,3,3,1,true,false,8777.7185067
OSCILLATED,low_gold,150,8,10,3,3,1,true,false,8777.7185067
OSCILLATED,band_aware,150,4,10,3,2,0.6666666666666666,false,false,8777.7185067
OSCILLATED,band_aware,150,5,10,3,3,1,true,false,8777.7185067
OSCILLATED,band_aware,150,6,10,3,3,1,true,false,8777.7185067
OSCILLATED,band_aware,150,7,10,3,3,1,true,false,8777.7185067
OSCILLATED,band_aware,150,8,10,3,3,1,true,false,8777.7185067
OSCILLATED,confidence_aware,150,4,10,3,2,0.6666666666666666,false,false,8777.7185067
OSCILLATED,confidence_aware,150,5,10,3,3,1,true,false,8777.7185067
OSCILLATED,confidence_aware,150,6,10,3,3,1,true,false,8777.7185067
OSCILLATED,confidence_aware,150,7,10,3,3,1,true,false,8777.7185067
OSCILLATED,confidence_aware,150,8,10,3,3,1,true,false,8777.7185067
OSCILLATED,hybrid_regular_cheap,150,4,10,3,2,0.6666666666666666,false,false,8777.7185067
OSCILLATED,hybrid_regular_cheap,150,5,10,3,3,1,true,false,8777.7185067
OSCILLATED,hybrid_regular_cheap,150,6,10,3,3,1,true,false,8777.7185067
OSCILLATED,hybrid_regular_cheap,150,7,10,3,3,1,true,false,8777.7185067
OSCILLATED,hybrid_regular_cheap,150,8,10,3,3,1,true,false,8777.7185067
OSCILLATED,low_mean,250,4,10,3,2,0.6666666666666666,false,false,14629.5308445
OSCILLATED,low_mean,250,5,10,3,2,0.6666666666666666,false,false,14629.5308445
OSCILLATED,low_mean,250,6,10,3,2,0.6666666666666666,false,false,14629.5308445
OSCILLATED,low_mean,250,7,10,3,2,0.6666666666666666,false,false,14629.5308445
OSCILLATED,low_mean,250,8,10,3,3,1,true,false,14629.5308445
OSCILLATED,low_median,250,4,10,3,2,0.6666666666666666,false,false,14629.5308445
OSCILLATED,low_median,250,5,10,3,2,0.6666666666666666,false,false,14629.5308445
OSCILLATED,low_median,250,6,10,3,2,0.6666666666666666,false,false,14629.5308445
OSCILLATED,low_median,250,7,10,3,2,0.6666666666666666,false,false,14629.5308445
OSCILLATED,low_median,250,8,10,3,2,0.6666666666666666,false,false,14629.5308445
OSCILLATED,low_gold,250,4,10,3,3,1,true,false,14629.5308445
OSCILLATED,low_gold,250,5,10,3,3,1,true,false,14629.5308445
OSCILLATED,low_gold,250,6,10,3,3,1,true,false,14629.5308445
OSCILLATED,low_gold,250,7,10,3,3,1,true,false,14629.5308445
OSCILLATED,low_gold,250,8,10,3,3,1,true,false,14629.5308445
OSCILLATED,band_aware,250,4,10,3,2,0.6666666666666666,false,false,14629.5308445
OSCILLATED,band_aware,250,5,10,3,2,0.6666666666666666,false,false,14629.5308445
OSCILLATED,band_aware,250,6,10,3,2,0.6666666666666666,false,false,14629.5308445
OSCILLATED,band_aware,250,7,10,3,2,0.6666666666666666,false,false,14629.5308445
OSCILLATED,band_aware,250,8,10,3,3,1,true,false,14629.5308445
OSCILLATED,confidence_aware,250,4,10,3,2,0.6666666666666666,false,false,14629.5308445
OSCILLATED,confidence_aware,250,5,10,3,2,0.6666666666666666,false,false,14629.5308445
OSCILLATED,confidence_aware,250,6,10,3,2,0.6666666666666666,false,false,14629.5308445
OSCILLATED,confidence_aware,250,7,10,3,2,0.6666666666666666,false,false,14629.5308445
OSCILLATED,confidence_aware,250,8,10,3,3,1,true,false,14629.5308445
OSCILLATED,hybrid_regular_cheap,250,4,10,3,2,0.6666666666666666,false,false,14629.5308445
OSCILLATED,hybrid_regular_cheap,250,5,10,3,2,0.6666666666666666,false,false,14629.5308445
OSCILLATED,hybrid_regular_cheap,250,6,10,3,2,0.6666666666666666,false,false,14629.5308445
OSCILLATED,hybrid_regular_cheap,250,7,10,3,2,0.6666666666666666,false,false,14629.5308445
OSCILLATED,hybrid_regular_cheap,250,8,10,3,3,1,true,false,14629.5308445
OSCILLATED,low_mean_frontier,25,5,10,3,1,0.3333333333333333,false,false,1462.95308445
OSCILLATED,low_mean_frontier,50,5,10,3,2,0.6666666666666666,true,false,2925.9061689
OSCILLATED,low_mean_frontier,75,5,10,3,2,0.6666666666666666,false,false,4388.85925335
OSCILLATED,low_mean_frontier,100,5,10,3,3,1,true,false,5851.8123378
OSCILLATED,low_mean_frontier,150,5,10,3,3,1,true,false,8777.7185067
OSCILLATED,low_mean_frontier,250,5,10,3,2,0.6666666666666666,false,false,14629.5308445
ABANDONING,low_mean,25,4,10,3,2,0.6666666666666666,false,false,1439.35558255
ABANDONING,low_mean,25,5,10,3,2,0.6666666666666666,false,false,1439.35558255
ABANDONING,low_mean,25,6,10,3,2,0.6666666666666666,false,false,1439.35558255
ABANDONING,low_mean,25,7,10,3,2,0.6666666666666666,false,false,1439.35558255
ABANDONING,low_mean,25,8,10,3,2,0.6666666666666666,false,false,1439.35558255
ABANDONING,low_median,25,4,10,3,1,0.3333333333333333,true,false,1439.35558255
ABANDONING,low_median,25,5,10,3,1,0.3333333333333333,true,false,1439.35558255
ABANDONING,low_median,25,6,10,3,2,0.6666666666666666,true,false,1439.35558255
ABANDONING,low_median,25,7,10,3,2,0.6666666666666666,true,false,1439.35558255
ABANDONING,low_median,25,8,10,3,3,1,true,false,1439.35558255
ABANDONING,low_gold,25,4,10,3,1,0.3333333333333333,false,false,1439.35558255
ABANDONING,low_gold,25,5,10,3,1,0.3333333333333333,false,false,1439.35558255
ABANDONING,low_gold,25,6,10,3,1,0.3333333333333333,false,false,1439.35558255
ABANDONING,low_gold,25,7,10,3,1,0.3333333333333333,false,false,1439.35558255
ABANDONING,low_gold,25,8,10,3,2,0.6666666666666666,false,false,1439.35558255
ABANDONING,band_aware,25,4,10,3,2,0.6666666666666666,false,false,1439.35558255
ABANDONING,band_aware,25,5,10,3,2,0.6666666666666666,false,false,1439.35558255
ABANDONING,band_aware,25,6,10,3,2,0.6666666666666666,false,false,1439.35558255
ABANDONING,band_aware,25,7,10,3,2,0.6666666666666666,false,false,1439.35558255
ABANDONING,band_aware,25,8,10,3,2,0.6666666666666666,false,false,1439.35558255
ABANDONING,confidence_aware,25,4,10,3,2,0.6666666666666666,false,false,1439.35558255
ABANDONING,confidence_aware,25,5,10,3,2,0.6666666666666666,false,false,1439.35558255
ABANDONING,confidence_aware,25,6,10,3,2,0.6666666666666666,false,false,1439.35558255
ABANDONING,confidence_aware,25,7,10,3,2,0.6666666666666666,false,false,1439.35558255
ABANDONING,confidence_aware,25,8,10,3,2,0.6666666666666666,false,false,1439.35558255
ABANDONING,hybrid_regular_cheap,25,4,10,3,2,0.6666666666666666,false,false,1439.35558255
ABANDONING,hybrid_regular_cheap,25,5,10,3,2,0.6666666666666666,false,false,1439.35558255
ABANDONING,hybrid_regular_cheap,25,6,10,3,2,0.6666666666666666,false,false,1439.35558255
ABANDONING,hybrid_regular_cheap,25,7,10,3,2,0.6666666666666666,false,false,1439.35558255
ABANDONING,hybrid_regular_cheap,25,8,10,3,2,0.6666666666666666,false,false,1439.35558255
ABANDONING,low_mean,50,4,10,3,1,0.3333333333333333,false,false,2878.7111651
ABANDONING,low_mean,50,5,10,3,2,0.6666666666666666,false,false,2878.7111651
ABANDONING,low_mean,50,6,10,3,2,0.6666666666666666,false,false,2878.7111651
ABANDONING,low_mean,50,7,10,3,2,0.6666666666666666,false,false,2878.7111651
ABANDONING,low_mean,50,8,10,3,3,1,true,false,2878.7111651
ABANDONING,low_median,50,4,10,3,1,0.3333333333333333,false,false,2878.7111651
ABANDONING,low_median,50,5,10,3,1,0.3333333333333333,false,false,2878.7111651
ABANDONING,low_median,50,6,10,3,1,0.3333333333333333,false,false,2878.7111651
ABANDONING,low_median,50,7,10,3,1,0.3333333333333333,false,false,2878.7111651
ABANDONING,low_median,50,8,10,3,2,0.6666666666666666,false,false,2878.7111651
ABANDONING,low_gold,50,4,10,3,1,0.3333333333333333,false,false,2878.7111651
ABANDONING,low_gold,50,5,10,3,1,0.3333333333333333,false,false,2878.7111651
ABANDONING,low_gold,50,6,10,3,2,0.6666666666666666,false,false,2878.7111651
ABANDONING,low_gold,50,7,10,3,2,0.6666666666666666,false,false,2878.7111651
ABANDONING,low_gold,50,8,10,3,2,0.6666666666666666,false,false,2878.7111651
ABANDONING,band_aware,50,4,10,3,1,0.3333333333333333,false,false,2878.7111651
ABANDONING,band_aware,50,5,10,3,2,0.6666666666666666,false,false,2878.7111651
ABANDONING,band_aware,50,6,10,3,2,0.6666666666666666,false,false,2878.7111651
ABANDONING,band_aware,50,7,10,3,2,0.6666666666666666,false,false,2878.7111651
ABANDONING,band_aware,50,8,10,3,3,1,true,false,2878.7111651
ABANDONING,confidence_aware,50,4,10,3,1,0.3333333333333333,false,false,2878.7111651
ABANDONING,confidence_aware,50,5,10,3,2,0.6666666666666666,false,false,2878.7111651
ABANDONING,confidence_aware,50,6,10,3,2,0.6666666666666666,false,false,2878.7111651
ABANDONING,confidence_aware,50,7,10,3,2,0.6666666666666666,false,false,2878.7111651
ABANDONING,confidence_aware,50,8,10,3,3,1,true,false,2878.7111651
ABANDONING,hybrid_regular_cheap,50,4,10,3,1,0.3333333333333333,false,false,2878.7111651
ABANDONING,hybrid_regular_cheap,50,5,10,3,2,0.6666666666666666,false,false,2878.7111651
ABANDONING,hybrid_regular_cheap,50,6,10,3,2,0.6666666666666666,false,false,2878.7111651
ABANDONING,hybrid_regular_cheap,50,7,10,3,2,0.6666666666666666,false,false,2878.7111651
ABANDONING,hybrid_regular_cheap,50,8,10,3,3,1,true,false,2878.7111651
ABANDONING,low_mean,75,4,10,3,2,0.6666666666666666,false,false,4318.06674765
ABANDONING,low_mean,75,5,10,3,2,0.6666666666666666,false,false,4318.06674765
ABANDONING,low_mean,75,6,10,3,2,0.6666666666666666,false,false,4318.06674765
ABANDONING,low_mean,75,7,10,3,2,0.6666666666666666,false,false,4318.06674765
ABANDONING,low_mean,75,8,10,3,2,0.6666666666666666,false,false,4318.06674765
ABANDONING,low_median,75,4,10,3,1,0.3333333333333333,false,false,4318.06674765
ABANDONING,low_median,75,5,10,3,2,0.6666666666666666,false,false,4318.06674765
ABANDONING,low_median,75,6,10,3,2,0.6666666666666666,false,false,4318.06674765
ABANDONING,low_median,75,7,10,3,2,0.6666666666666666,false,false,4318.06674765
ABANDONING,low_median,75,8,10,3,3,1,true,false,4318.06674765
ABANDONING,low_gold,75,4,10,3,0,0,false,true,4318.06674765
ABANDONING,low_gold,75,5,10,3,0,0,false,true,4318.06674765
ABANDONING,low_gold,75,6,10,3,1,0.3333333333333333,false,false,4318.06674765
ABANDONING,low_gold,75,7,10,3,1,0.3333333333333333,false,false,4318.06674765
ABANDONING,low_gold,75,8,10,3,2,0.6666666666666666,false,false,4318.06674765
ABANDONING,band_aware,75,4,10,3,1,0.3333333333333333,false,false,4318.06674765
ABANDONING,band_aware,75,5,10,3,2,0.6666666666666666,false,false,4318.06674765
ABANDONING,band_aware,75,6,10,3,2,0.6666666666666666,false,false,4318.06674765
ABANDONING,band_aware,75,7,10,3,2,0.6666666666666666,false,false,4318.06674765
ABANDONING,band_aware,75,8,10,3,2,0.6666666666666666,false,false,4318.06674765
ABANDONING,confidence_aware,75,4,10,3,2,0.6666666666666666,false,false,4318.06674765
ABANDONING,confidence_aware,75,5,10,3,2,0.6666666666666666,false,false,4318.06674765
ABANDONING,confidence_aware,75,6,10,3,2,0.6666666666666666,false,false,4318.06674765
ABANDONING,confidence_aware,75,7,10,3,2,0.6666666666666666,false,false,4318.06674765
ABANDONING,confidence_aware,75,8,10,3,2,0.6666666666666666,false,false,4318.06674765
ABANDONING,hybrid_regular_cheap,75,4,10,3,2,0.6666666666666666,false,false,4318.06674765
ABANDONING,hybrid_regular_cheap,75,5,10,3,2,0.6666666666666666,false,false,4318.06674765
ABANDONING,hybrid_regular_cheap,75,6,10,3,2,0.6666666666666666,false,false,4318.06674765
ABANDONING,hybrid_regular_cheap,75,7,10,3,2,0.6666666666666666,false,false,4318.06674765
ABANDONING,hybrid_regular_cheap,75,8,10,3,2,0.6666666666666666,false,false,4318.06674765
ABANDONING,low_mean,100,4,10,3,2,0.6666666666666666,false,false,5757.4223302
ABANDONING,low_mean,100,5,10,3,2,0.6666666666666666,false,false,5757.4223302
ABANDONING,low_mean,100,6,10,3,2,0.6666666666666666,false,false,5757.4223302
ABANDONING,low_mean,100,7,10,3,3,1,true,false,5757.4223302
ABANDONING,low_mean,100,8,10,3,3,1,true,false,5757.4223302
ABANDONING,low_median,100,4,10,3,2,0.6666666666666666,false,false,5757.4223302
ABANDONING,low_median,100,5,10,3,2,0.6666666666666666,false,false,5757.4223302
ABANDONING,low_median,100,6,10,3,3,1,true,false,5757.4223302
ABANDONING,low_median,100,7,10,3,3,1,true,false,5757.4223302
ABANDONING,low_median,100,8,10,3,3,1,true,false,5757.4223302
ABANDONING,low_gold,100,4,10,3,0,0,false,true,5757.4223302
ABANDONING,low_gold,100,5,10,3,0,0,false,true,5757.4223302
ABANDONING,low_gold,100,6,10,3,1,0.3333333333333333,false,false,5757.4223302
ABANDONING,low_gold,100,7,10,3,1,0.3333333333333333,false,false,5757.4223302
ABANDONING,low_gold,100,8,10,3,2,0.6666666666666666,false,false,5757.4223302
ABANDONING,band_aware,100,4,10,3,2,0.6666666666666666,false,false,5757.4223302
ABANDONING,band_aware,100,5,10,3,2,0.6666666666666666,false,false,5757.4223302
ABANDONING,band_aware,100,6,10,3,2,0.6666666666666666,false,false,5757.4223302
ABANDONING,band_aware,100,7,10,3,3,1,true,false,5757.4223302
ABANDONING,band_aware,100,8,10,3,3,1,true,false,5757.4223302
ABANDONING,confidence_aware,100,4,10,3,2,0.6666666666666666,false,false,5757.4223302
ABANDONING,confidence_aware,100,5,10,3,2,0.6666666666666666,false,false,5757.4223302
ABANDONING,confidence_aware,100,6,10,3,2,0.6666666666666666,false,false,5757.4223302
ABANDONING,confidence_aware,100,7,10,3,3,1,true,false,5757.4223302
ABANDONING,confidence_aware,100,8,10,3,3,1,true,false,5757.4223302
ABANDONING,hybrid_regular_cheap,100,4,10,3,2,0.6666666666666666,false,false,5757.4223302
ABANDONING,hybrid_regular_cheap,100,5,10,3,2,0.6666666666666666,false,false,5757.4223302
ABANDONING,hybrid_regular_cheap,100,6,10,3,2,0.6666666666666666,false,false,5757.4223302
ABANDONING,hybrid_regular_cheap,100,7,10,3,3,1,true,false,5757.4223302
ABANDONING,hybrid_regular_cheap,100,8,10,3,3,1,true,false,5757.4223302
ABANDONING,low_mean,150,4,10,3,2,0.6666666666666666,false,false,8636.1334953
ABANDONING,low_mean,150,5,10,3,3,1,true,false,8636.1334953
ABANDONING,low_mean,150,6,10,3,3,1,true,false,8636.1334953
ABANDONING,low_mean,150,7,10,3,3,1,true,false,8636.1334953
ABANDONING,low_mean,150,8,10,3,3,1,true,false,8636.1334953
ABANDONING,low_median,150,4,10,3,2,0.6666666666666666,true,false,8636.1334953
ABANDONING,low_median,150,5,10,3,2,0.6666666666666666,true,false,8636.1334953
ABANDONING,low_median,150,6,10,3,3,1,true,false,8636.1334953
ABANDONING,low_median,150,7,10,3,3,1,true,false,8636.1334953
ABANDONING,low_median,150,8,10,3,3,1,true,false,8636.1334953
ABANDONING,low_gold,150,4,10,3,0,0,false,true,8636.1334953
ABANDONING,low_gold,150,5,10,3,1,0.3333333333333333,true,false,8636.1334953
ABANDONING,low_gold,150,6,10,3,1,0.3333333333333333,true,false,8636.1334953
ABANDONING,low_gold,150,7,10,3,1,0.3333333333333333,true,false,8636.1334953
ABANDONING,low_gold,150,8,10,3,2,0.6666666666666666,true,false,8636.1334953
ABANDONING,band_aware,150,4,10,3,3,1,true,false,8636.1334953
ABANDONING,band_aware,150,5,10,3,3,1,true,false,8636.1334953
ABANDONING,band_aware,150,6,10,3,3,1,true,false,8636.1334953
ABANDONING,band_aware,150,7,10,3,3,1,true,false,8636.1334953
ABANDONING,band_aware,150,8,10,3,3,1,true,false,8636.1334953
ABANDONING,confidence_aware,150,4,10,3,2,0.6666666666666666,false,false,8636.1334953
ABANDONING,confidence_aware,150,5,10,3,3,1,true,false,8636.1334953
ABANDONING,confidence_aware,150,6,10,3,3,1,true,false,8636.1334953
ABANDONING,confidence_aware,150,7,10,3,3,1,true,false,8636.1334953
ABANDONING,confidence_aware,150,8,10,3,3,1,true,false,8636.1334953
ABANDONING,hybrid_regular_cheap,150,4,10,3,2,0.6666666666666666,false,false,8636.1334953
ABANDONING,hybrid_regular_cheap,150,5,10,3,3,1,true,false,8636.1334953
ABANDONING,hybrid_regular_cheap,150,6,10,3,3,1,true,false,8636.1334953
ABANDONING,hybrid_regular_cheap,150,7,10,3,3,1,true,false,8636.1334953
ABANDONING,hybrid_regular_cheap,150,8,10,3,3,1,true,false,8636.1334953
ABANDONING,low_mean,250,4,10,3,3,1,true,false,14393.5558255
ABANDONING,low_mean,250,5,10,3,3,1,true,false,14393.5558255
ABANDONING,low_mean,250,6,10,3,3,1,true,false,14393.5558255
ABANDONING,low_mean,250,7,10,3,3,1,true,false,14393.5558255
ABANDONING,low_mean,250,8,10,3,3,1,true,false,14393.5558255
ABANDONING,low_median,250,4,10,3,3,1,true,false,14393.5558255
ABANDONING,low_median,250,5,10,3,3,1,true,false,14393.5558255
ABANDONING,low_median,250,6,10,3,3,1,true,false,14393.5558255
ABANDONING,low_median,250,7,10,3,3,1,true,false,14393.5558255
ABANDONING,low_median,250,8,10,3,3,1,true,false,14393.5558255
ABANDONING,low_gold,250,4,10,3,1,0.3333333333333333,true,false,14393.5558255
ABANDONING,low_gold,250,5,10,3,2,0.6666666666666666,true,false,14393.5558255
ABANDONING,low_gold,250,6,10,3,2,0.6666666666666666,true,false,14393.5558255
ABANDONING,low_gold,250,7,10,3,2,0.6666666666666666,true,false,14393.5558255
ABANDONING,low_gold,250,8,10,3,2,0.6666666666666666,true,false,14393.5558255
ABANDONING,band_aware,250,4,10,3,3,1,true,false,14393.5558255
ABANDONING,band_aware,250,5,10,3,3,1,true,false,14393.5558255
ABANDONING,band_aware,250,6,10,3,3,1,true,false,14393.5558255
ABANDONING,band_aware,250,7,10,3,3,1,true,false,14393.5558255
ABANDONING,band_aware,250,8,10,3,3,1,true,false,14393.5558255
ABANDONING,confidence_aware,250,4,10,3,3,1,true,false,14393.5558255
ABANDONING,confidence_aware,250,5,10,3,3,1,true,false,14393.5558255
ABANDONING,confidence_aware,250,6,10,3,3,1,true,false,14393.5558255
ABANDONING,confidence_aware,250,7,10,3,3,1,true,false,14393.5558255
ABANDONING,confidence_aware,250,8,10,3,3,1,true,false,14393.5558255
ABANDONING,hybrid_regular_cheap,250,4,10,3,3,1,true,false,14393.5558255
ABANDONING,hybrid_regular_cheap,250,5,10,3,3,1,true,false,14393.5558255
ABANDONING,hybrid_regular_cheap,250,6,10,3,3,1,true,false,14393.5558255
ABANDONING,hybrid_regular_cheap,250,7,10,3,3,1,true,false,14393.5558255
ABANDONING,hybrid_regular_cheap,250,8,10,3,3,1,true,false,14393.5558255
ABANDONING,low_mean_frontier,25,5,10,3,2,0.6666666666666666,false,false,1439.35558255
ABANDONING,low_mean_frontier,50,5,10,3,2,0.6666666666666666,false,false,2878.7111651
ABANDONING,low_mean_frontier,75,5,10,3,2,0.6666666666666666,false,false,4318.06674765
ABANDONING,low_mean_frontier,100,5,10,3,2,0.6666666666666666,false,false,5757.4223302
ABANDONING,low_mean_frontier,150,5,10,3,3,1,true,false,8636.1334953
ABANDONING,low_mean_frontier,250,5,10,3,3,1,true,false,14393.5558255
ABSOLUTELY,low_mean,25,4,10,3,2,0.6666666666666666,true,false,1426.0542797
ABSOLUTELY,low_mean,25,5,10,3,2,0.6666666666666666,true,false,1426.0542797
ABSOLUTELY,low_mean,25,6,10,3,2,0.6666666666666666,true,false,1426.0542797
ABSOLUTELY,low_mean,25,7,10,3,2,0.6666666666666666,true,false,1426.0542797
ABSOLUTELY,low_mean,25,8,10,3,3,1,true,false,1426.0542797
ABSOLUTELY,low_median,25,4,10,3,1,0.3333333333333333,false,false,1426.0542797
ABSOLUTELY,low_median,25,5,10,3,2,0.6666666666666666,false,false,1426.0542797
ABSOLUTELY,low_median,25,6,10,3,3,1,true,false,1426.0542797
ABSOLUTELY,low_median,25,7,10,3,3,1,true,false,1426.0542797
ABSOLUTELY,low_median,25,8,10,3,3,1,true,false,1426.0542797
ABSOLUTELY,low_gold,25,4,10,3,3,1,true,false,1426.0542797
ABSOLUTELY,low_gold,25,5,10,3,3,1,true,false,1426.0542797
ABSOLUTELY,low_gold,25,6,10,3,3,1,true,false,1426.0542797
ABSOLUTELY,low_gold,25,7,10,3,3,1,true,false,1426.0542797
ABSOLUTELY,low_gold,25,8,10,3,3,1,true,false,1426.0542797
ABSOLUTELY,band_aware,25,4,10,3,2,0.6666666666666666,true,false,1426.0542797
ABSOLUTELY,band_aware,25,5,10,3,2,0.6666666666666666,true,false,1426.0542797
ABSOLUTELY,band_aware,25,6,10,3,2,0.6666666666666666,true,false,1426.0542797
ABSOLUTELY,band_aware,25,7,10,3,2,0.6666666666666666,true,false,1426.0542797
ABSOLUTELY,band_aware,25,8,10,3,3,1,true,false,1426.0542797
ABSOLUTELY,confidence_aware,25,4,10,3,2,0.6666666666666666,true,false,1426.0542797
ABSOLUTELY,confidence_aware,25,5,10,3,2,0.6666666666666666,true,false,1426.0542797
ABSOLUTELY,confidence_aware,25,6,10,3,2,0.6666666666666666,true,false,1426.0542797
ABSOLUTELY,confidence_aware,25,7,10,3,2,0.6666666666666666,true,false,1426.0542797
ABSOLUTELY,confidence_aware,25,8,10,3,3,1,true,false,1426.0542797
ABSOLUTELY,hybrid_regular_cheap,25,4,10,3,2,0.6666666666666666,true,false,1426.0542797
ABSOLUTELY,hybrid_regular_cheap,25,5,10,3,2,0.6666666666666666,true,false,1426.0542797
ABSOLUTELY,hybrid_regular_cheap,25,6,10,3,2,0.6666666666666666,true,false,1426.0542797
ABSOLUTELY,hybrid_regular_cheap,25,7,10,3,2,0.6666666666666666,true,false,1426.0542797
ABSOLUTELY,hybrid_regular_cheap,25,8,10,3,3,1,true,false,1426.0542797
ABSOLUTELY,low_mean,50,4,10,3,2,0.6666666666666666,true,false,2852.1085594
ABSOLUTELY,low_mean,50,5,10,3,3,1,true,false,2852.1085594
ABSOLUTELY,low_mean,50,6,10,3,3,1,true,false,2852.1085594
ABSOLUTELY,low_mean,50,7,10,3,3,1,true,false,2852.1085594
ABSOLUTELY,low_mean,50,8,10,3,3,1,true,false,2852.1085594
ABSOLUTELY,low_median,50,4,10,3,2,0.6666666666666666,true,false,2852.1085594
ABSOLUTELY,low_median,50,5,10,3,2,0.6666666666666666,true,false,2852.1085594
ABSOLUTELY,low_median,50,6,10,3,2,0.6666666666666666,true,false,2852.1085594
ABSOLUTELY,low_median,50,7,10,3,2,0.6666666666666666,true,false,2852.1085594
ABSOLUTELY,low_median,50,8,10,3,2,0.6666666666666666,true,false,2852.1085594
ABSOLUTELY,low_gold,50,4,10,3,2,0.6666666666666666,true,false,2852.1085594
ABSOLUTELY,low_gold,50,5,10,3,2,0.6666666666666666,true,false,2852.1085594
ABSOLUTELY,low_gold,50,6,10,3,2,0.6666666666666666,true,false,2852.1085594
ABSOLUTELY,low_gold,50,7,10,3,2,0.6666666666666666,true,false,2852.1085594
ABSOLUTELY,low_gold,50,8,10,3,3,1,true,false,2852.1085594
ABSOLUTELY,band_aware,50,4,10,3,2,0.6666666666666666,true,false,2852.1085594
ABSOLUTELY,band_aware,50,5,10,3,3,1,true,false,2852.1085594
ABSOLUTELY,band_aware,50,6,10,3,3,1,true,false,2852.1085594
ABSOLUTELY,band_aware,50,7,10,3,3,1,true,false,2852.1085594
ABSOLUTELY,band_aware,50,8,10,3,3,1,true,false,2852.1085594
ABSOLUTELY,confidence_aware,50,4,10,3,2,0.6666666666666666,true,false,2852.1085594
ABSOLUTELY,confidence_aware,50,5,10,3,3,1,true,false,2852.1085594
ABSOLUTELY,confidence_aware,50,6,10,3,3,1,true,false,2852.1085594
ABSOLUTELY,confidence_aware,50,7,10,3,3,1,true,false,2852.1085594
ABSOLUTELY,confidence_aware,50,8,10,3,3,1,true,false,2852.1085594
ABSOLUTELY,hybrid_regular_cheap,50,4,10,3,2,0.6666666666666666,true,false,2852.1085594
ABSOLUTELY,hybrid_regular_cheap,50,5,10,3,3,1,true,false,2852.1085594
ABSOLUTELY,hybrid_regular_cheap,50,6,10,3,3,1,true,false,2852.1085594
ABSOLUTELY,hybrid_regular_cheap,50,7,10,3,3,1,true,false,2852.1085594
ABSOLUTELY,hybrid_regular_cheap,50,8,10,3,3,1,true,false,2852.1085594
ABSOLUTELY,low_mean,75,4,10,3,2,0.6666666666666666,false,false,4278.1628391
ABSOLUTELY,low_mean,75,5,10,3,2,0.6666666666666666,false,false,4278.1628391
ABSOLUTELY,low_mean,75,6,10,3,3,1,true,false,4278.1628391
ABSOLUTELY,low_mean,75,7,10,3,3,1,true,false,4278.1628391
ABSOLUTELY,low_mean,75,8,10,3,3,1,true,false,4278.1628391
ABSOLUTELY,low_median,75,4,10,3,1,0.3333333333333333,false,false,4278.1628391
ABSOLUTELY,low_median,75,5,10,3,1,0.3333333333333333,false,false,4278.1628391
ABSOLUTELY,low_median,75,6,10,3,1,0.3333333333333333,false,false,4278.1628391
ABSOLUTELY,low_median,75,7,10,3,2,0.6666666666666666,true,false,4278.1628391
ABSOLUTELY,low_median,75,8,10,3,2,0.6666666666666666,true,false,4278.1628391
ABSOLUTELY,low_gold,75,4,10,3,2,0.6666666666666666,true,false,4278.1628391
ABSOLUTELY,low_gold,75,5,10,3,2,0.6666666666666666,true,false,4278.1628391
ABSOLUTELY,low_gold,75,6,10,3,2,0.6666666666666666,true,false,4278.1628391
ABSOLUTELY,low_gold,75,7,10,3,2,0.6666666666666666,true,false,4278.1628391
ABSOLUTELY,low_gold,75,8,10,3,3,1,true,false,4278.1628391
ABSOLUTELY,band_aware,75,4,10,3,2,0.6666666666666666,false,false,4278.1628391
ABSOLUTELY,band_aware,75,5,10,3,2,0.6666666666666666,false,false,4278.1628391
ABSOLUTELY,band_aware,75,6,10,3,3,1,true,false,4278.1628391
ABSOLUTELY,band_aware,75,7,10,3,3,1,true,false,4278.1628391
ABSOLUTELY,band_aware,75,8,10,3,3,1,true,false,4278.1628391
ABSOLUTELY,confidence_aware,75,4,10,3,2,0.6666666666666666,false,false,4278.1628391
ABSOLUTELY,confidence_aware,75,5,10,3,2,0.6666666666666666,false,false,4278.1628391
ABSOLUTELY,confidence_aware,75,6,10,3,3,1,true,false,4278.1628391
ABSOLUTELY,confidence_aware,75,7,10,3,3,1,true,false,4278.1628391
ABSOLUTELY,confidence_aware,75,8,10,3,3,1,true,false,4278.1628391
ABSOLUTELY,hybrid_regular_cheap,75,4,10,3,2,0.6666666666666666,false,false,4278.1628391
ABSOLUTELY,hybrid_regular_cheap,75,5,10,3,2,0.6666666666666666,false,false,4278.1628391
ABSOLUTELY,hybrid_regular_cheap,75,6,10,3,3,1,true,false,4278.1628391
ABSOLUTELY,hybrid_regular_cheap,75,7,10,3,3,1,true,false,4278.1628391
ABSOLUTELY,hybrid_regular_cheap,75,8,10,3,3,1,true,false,4278.1628391
ABSOLUTELY,low_mean,100,4,10,3,0,0,false,true,5704.2171188
ABSOLUTELY,low_mean,100,5,10,3,1,0.3333333333333333,false,false,5704.2171188
ABSOLUTELY,low_mean,100,6,10,3,2,0.6666666666666666,false,false,5704.2171188
ABSOLUTELY,low_mean,100,7,10,3,2,0.6666666666666666,false,false,5704.2171188
ABSOLUTELY,low_mean,100,8,10,3,2,0.6666666666666666,false,false,5704.2171188
ABSOLUTELY,low_median,100,4,10,3,1,0.3333333333333333,false,false,5704.2171188
ABSOLUTELY,low_median,100,5,10,3,1,0.3333333333333333,false,false,5704.2171188
ABSOLUTELY,low_median,100,6,10,3,1,0.3333333333333333,false,false,5704.2171188
ABSOLUTELY,low_median,100,7,10,3,2,0.6666666666666666,false,false,5704.2171188
ABSOLUTELY,low_median,100,8,10,3,2,0.6666666666666666,false,false,5704.2171188
ABSOLUTELY,low_gold,100,4,10,3,1,0.3333333333333333,false,false,5704.2171188
ABSOLUTELY,low_gold,100,5,10,3,2,0.6666666666666666,true,false,5704.2171188
ABSOLUTELY,low_gold,100,6,10,3,2,0.6666666666666666,true,false,5704.2171188
ABSOLUTELY,low_gold,100,7,10,3,2,0.6666666666666666,true,false,5704.2171188
ABSOLUTELY,low_gold,100,8,10,3,2,0.6666666666666666,true,false,5704.2171188
ABSOLUTELY,band_aware,100,4,10,3,1,0.3333333333333333,false,false,5704.2171188
ABSOLUTELY,band_aware,100,5,10,3,1,0.3333333333333333,false,false,5704.2171188
ABSOLUTELY,band_aware,100,6,10,3,2,0.6666666666666666,false,false,5704.2171188
ABSOLUTELY,band_aware,100,7,10,3,2,0.6666666666666666,false,false,5704.2171188
ABSOLUTELY,band_aware,100,8,10,3,2,0.6666666666666666,false,false,5704.2171188
ABSOLUTELY,confidence_aware,100,4,10,3,0,0,false,true,5704.2171188
ABSOLUTELY,confidence_aware,100,5,10,3,1,0.3333333333333333,false,false,5704.2171188
ABSOLUTELY,confidence_aware,100,6,10,3,2,0.6666666666666666,false,false,5704.2171188
ABSOLUTELY,confidence_aware,100,7,10,3,2,0.6666666666666666,false,false,5704.2171188
ABSOLUTELY,confidence_aware,100,8,10,3,2,0.6666666666666666,false,false,5704.2171188
ABSOLUTELY,hybrid_regular_cheap,100,4,10,3,0,0,false,true,5704.2171188
ABSOLUTELY,hybrid_regular_cheap,100,5,10,3,1,0.3333333333333333,false,false,5704.2171188
ABSOLUTELY,hybrid_regular_cheap,100,6,10,3,2,0.6666666666666666,false,false,5704.2171188
ABSOLUTELY,hybrid_regular_cheap,100,7,10,3,2,0.6666666666666666,false,false,5704.2171188
ABSOLUTELY,hybrid_regular_cheap,100,8,10,3,2,0.6666666666666666,false,false,5704.2171188
ABSOLUTELY,low_mean,150,4,10,3,2,0.6666666666666666,false,false,8556.3256782
ABSOLUTELY,low_mean,150,5,10,3,3,1,true,false,8556.3256782
ABSOLUTELY,low_mean,150,6,10,3,3,1,true,false,8556.3256782
ABSOLUTELY,low_mean,150,7,10,3,3,1,true,false,8556.3256782
ABSOLUTELY,low_mean,150,8,10,3,3,1,true,false,8556.3256782
ABSOLUTELY,low_median,150,4,10,3,1,0.3333333333333333,false,false,8556.3256782
ABSOLUTELY,low_median,150,5,10,3,1,0.3333333333333333,false,false,8556.3256782
ABSOLUTELY,low_median,150,6,10,3,1,0.3333333333333333,false,false,8556.3256782
ABSOLUTELY,low_median,150,7,10,3,2,0.6666666666666666,false,false,8556.3256782
ABSOLUTELY,low_median,150,8,10,3,2,0.6666666666666666,false,false,8556.3256782
ABSOLUTELY,low_gold,150,4,10,3,1,0.3333333333333333,false,false,8556.3256782
ABSOLUTELY,low_gold,150,5,10,3,2,0.6666666666666666,true,false,8556.3256782
ABSOLUTELY,low_gold,150,6,10,3,2,0.6666666666666666,true,false,8556.3256782
ABSOLUTELY,low_gold,150,7,10,3,2,0.6666666666666666,true,false,8556.3256782
ABSOLUTELY,low_gold,150,8,10,3,2,0.6666666666666666,true,false,8556.3256782
ABSOLUTELY,band_aware,150,4,10,3,2,0.6666666666666666,false,false,8556.3256782
ABSOLUTELY,band_aware,150,5,10,3,3,1,true,false,8556.3256782
ABSOLUTELY,band_aware,150,6,10,3,3,1,true,false,8556.3256782
ABSOLUTELY,band_aware,150,7,10,3,3,1,true,false,8556.3256782
ABSOLUTELY,band_aware,150,8,10,3,3,1,true,false,8556.3256782
ABSOLUTELY,confidence_aware,150,4,10,3,2,0.6666666666666666,false,false,8556.3256782
ABSOLUTELY,confidence_aware,150,5,10,3,3,1,true,false,8556.3256782
ABSOLUTELY,confidence_aware,150,6,10,3,3,1,true,false,8556.3256782
ABSOLUTELY,confidence_aware,150,7,10,3,3,1,true,false,8556.3256782
ABSOLUTELY,confidence_aware,150,8,10,3,3,1,true,false,8556.3256782
ABSOLUTELY,hybrid_regular_cheap,150,4,10,3,2,0.6666666666666666,false,false,8556.3256782
ABSOLUTELY,hybrid_regular_cheap,150,5,10,3,3,1,true,false,8556.3256782
ABSOLUTELY,hybrid_regular_cheap,150,6,10,3,3,1,true,false,8556.3256782
ABSOLUTELY,hybrid_regular_cheap,150,7,10,3,3,1,true,false,8556.3256782
ABSOLUTELY,hybrid_regular_cheap,150,8,10,3,3,1,true,false,8556.3256782
ABSOLUTELY,low_mean,250,4,10,3,3,1,true,false,14260.542797
ABSOLUTELY,low_mean,250,5,10,3,3,1,true,false,14260.542797
ABSOLUTELY,low_mean,250,6,10,3,3,1,true,false,14260.542797
ABSOLUTELY,low_mean,250,7,10,3,3,1,true,false,14260.542797
ABSOLUTELY,low_mean,250,8,10,3,3,1,true,false,14260.542797
ABSOLUTELY,low_median,250,4,10,3,2,0.6666666666666666,true,false,14260.542797
ABSOLUTELY,low_median,250,5,10,3,2,0.6666666666666666,true,false,14260.542797
ABSOLUTELY,low_median,250,6,10,3,3,1,true,false,14260.542797
ABSOLUTELY,low_median,250,7,10,3,3,1,true,false,14260.542797
ABSOLUTELY,low_median,250,8,10,3,3,1,true,false,14260.542797
ABSOLUTELY,low_gold,250,4,10,3,1,0.3333333333333333,true,false,14260.542797
ABSOLUTELY,low_gold,250,5,10,3,2,0.6666666666666666,true,false,14260.542797
ABSOLUTELY,low_gold,250,6,10,3,2,0.6666666666666666,true,false,14260.542797
ABSOLUTELY,low_gold,250,7,10,3,2,0.6666666666666666,true,false,14260.542797
ABSOLUTELY,low_gold,250,8,10,3,2,0.6666666666666666,true,false,14260.542797
ABSOLUTELY,band_aware,250,4,10,3,3,1,true,false,14260.542797
ABSOLUTELY,band_aware,250,5,10,3,3,1,true,false,14260.542797
ABSOLUTELY,band_aware,250,6,10,3,3,1,true,false,14260.542797
ABSOLUTELY,band_aware,250,7,10,3,3,1,true,false,14260.542797
ABSOLUTELY,band_aware,250,8,10,3,3,1,true,false,14260.542797
ABSOLUTELY,confidence_aware,250,4,10,3,3,1,true,false,14260.542797
ABSOLUTELY,confidence_aware,250,5,10,3,3,1,true,false,14260.542797
ABSOLUTELY,confidence_aware,250,6,10,3,3,1,true,false,14260.542797
ABSOLUTELY,confidence_aware,250,7,10,3,3,1,true,false,14260.542797
ABSOLUTELY,confidence_aware,250,8,10,3,3,1,true,false,14260.542797
ABSOLUTELY,hybrid_regular_cheap,250,4,10,3,3,1,true,false,14260.542797
ABSOLUTELY,hybrid_regular_cheap,250,5,10,3,3,1,true,false,14260.542797
ABSOLUTELY,hybrid_regular_cheap,250,6,10,3,3,1,true,false,14260.542797
ABSOLUTELY,hybrid_regular_cheap,250,7,10,3,3,1,true,false,14260.542797
ABSOLUTELY,hybrid_regular_cheap,250,8,10,3,3,1,true,false,14260.542797
ABSOLUTELY,low_mean_frontier,25,5,10,3,2,0.6666666666666666,true,false,1426.0542797
ABSOLUTELY,low_mean_frontier,50,5,10,3,3,1,true,false,2852.1085594
ABSOLUTELY,low_mean_frontier,75,5,10,3,2,0.6666666666666666,false,false,4278.1628391
ABSOLUTELY,low_mean_frontier,100,5,10,3,1,0.3333333333333333,false,false,5704.2171188
ABSOLUTELY,low_mean_frontier,150,5,10,3,3,1,true,false,8556.3256782
ABSOLUTELY,low_mean_frontier,250,5,10,3,3,1,true,false,14260.542797
ACCESSIBLE,low_mean,25,4,10,3,1,0.3333333333333333,false,false,1414.9937209999998
ACCESSIBLE,low_mean,25,5,10,3,1,0.3333333333333333,false,false,1414.9937209999998
ACCESSIBLE,low_mean,25,6,10,3,1,0.3333333333333333,false,false,1414.9937209999998
ACCESSIBLE,low_mean,25,7,10,3,1,0.3333333333333333,false,false,1414.9937209999998
ACCESSIBLE,low_mean,25,8,10,3,2,0.6666666666666666,true,false,1414.9937209999998
ACCESSIBLE,low_median,25,4,10,3,1,0.3333333333333333,false,false,1414.9937209999998
ACCESSIBLE,low_median,25,5,10,3,2,0.6666666666666666,true,false,1414.9937209999998
ACCESSIBLE,low_median,25,6,10,3,2,0.6666666666666666,true,false,1414.9937209999998
ACCESSIBLE,low_median,25,7,10,3,2,0.6666666666666666,true,false,1414.9937209999998
ACCESSIBLE,low_median,25,8,10,3,2,0.6666666666666666,true,false,1414.9937209999998
ACCESSIBLE,low_gold,25,4,10,3,1,0.3333333333333333,false,false,1414.9937209999998
ACCESSIBLE,low_gold,25,5,10,3,1,0.3333333333333333,false,false,1414.9937209999998
ACCESSIBLE,low_gold,25,6,10,3,2,0.6666666666666666,true,false,1414.9937209999998
ACCESSIBLE,low_gold,25,7,10,3,2,0.6666666666666666,true,false,1414.9937209999998
ACCESSIBLE,low_gold,25,8,10,3,3,1,true,false,1414.9937209999998
ACCESSIBLE,band_aware,25,4,10,3,1,0.3333333333333333,false,false,1414.9937209999998
ACCESSIBLE,band_aware,25,5,10,3,1,0.3333333333333333,false,false,1414.9937209999998
ACCESSIBLE,band_aware,25,6,10,3,1,0.3333333333333333,false,false,1414.9937209999998
ACCESSIBLE,band_aware,25,7,10,3,1,0.3333333333333333,false,false,1414.9937209999998
ACCESSIBLE,band_aware,25,8,10,3,2,0.6666666666666666,true,false,1414.9937209999998
ACCESSIBLE,confidence_aware,25,4,10,3,1,0.3333333333333333,false,false,1414.9937209999998
ACCESSIBLE,confidence_aware,25,5,10,3,1,0.3333333333333333,false,false,1414.9937209999998
ACCESSIBLE,confidence_aware,25,6,10,3,1,0.3333333333333333,false,false,1414.9937209999998
ACCESSIBLE,confidence_aware,25,7,10,3,1,0.3333333333333333,false,false,1414.9937209999998
ACCESSIBLE,confidence_aware,25,8,10,3,2,0.6666666666666666,true,false,1414.9937209999998
ACCESSIBLE,hybrid_regular_cheap,25,4,10,3,1,0.3333333333333333,false,false,1414.9937209999998
ACCESSIBLE,hybrid_regular_cheap,25,5,10,3,1,0.3333333333333333,false,false,1414.9937209999998
ACCESSIBLE,hybrid_regular_cheap,25,6,10,3,1,0.3333333333333333,false,false,1414.9937209999998
ACCESSIBLE,hybrid_regular_cheap,25,7,10,3,1,0.3333333333333333,false,false,1414.9937209999998
ACCESSIBLE,hybrid_regular_cheap,25,8,10,3,2,0.6666666666666666,true,false,1414.9937209999998
ACCESSIBLE,low_mean,50,4,10,3,0,0,false,true,2829.9874419999996
ACCESSIBLE,low_mean,50,5,10,3,1,0.3333333333333333,false,false,2829.9874419999996
ACCESSIBLE,low_mean,50,6,10,3,1,0.3333333333333333,false,false,2829.9874419999996
ACCESSIBLE,low_mean,50,7,10,3,2,0.6666666666666666,true,false,2829.9874419999996
ACCESSIBLE,low_mean,50,8,10,3,2,0.6666666666666666,true,false,2829.9874419999996
ACCESSIBLE,low_median,50,4,10,3,1,0.3333333333333333,false,false,2829.9874419999996
ACCESSIBLE,low_median,50,5,10,3,2,0.6666666666666666,false,false,2829.9874419999996
ACCESSIBLE,low_median,50,6,10,3,2,0.6666666666666666,false,false,2829.9874419999996
ACCESSIBLE,low_median,50,7,10,3,3,1,true,false,2829.9874419999996
ACCESSIBLE,low_median,50,8,10,3,3,1,true,false,2829.9874419999996
ACCESSIBLE,low_gold,50,4,10,3,1,0.3333333333333333,true,false,2829.9874419999996
ACCESSIBLE,low_gold,50,5,10,3,2,0.6666666666666666,true,false,2829.9874419999996
ACCESSIBLE,low_gold,50,6,10,3,2,0.6666666666666666,true,false,2829.9874419999996
ACCESSIBLE,low_gold,50,7,10,3,3,1,true,false,2829.9874419999996
ACCESSIBLE,low_gold,50,8,10,3,3,1,true,false,2829.9874419999996
ACCESSIBLE,band_aware,50,4,10,3,1,0.3333333333333333,false,false,2829.9874419999996
ACCESSIBLE,band_aware,50,5,10,3,1,0.3333333333333333,false,false,2829.9874419999996
ACCESSIBLE,band_aware,50,6,10,3,1,0.3333333333333333,false,false,2829.9874419999996
ACCESSIBLE,band_aware,50,7,10,3,2,0.6666666666666666,true,false,2829.9874419999996
ACCESSIBLE,band_aware,50,8,10,3,2,0.6666666666666666,true,false,2829.9874419999996
ACCESSIBLE,confidence_aware,50,4,10,3,0,0,false,true,2829.9874419999996
ACCESSIBLE,confidence_aware,50,5,10,3,1,0.3333333333333333,false,false,2829.9874419999996
ACCESSIBLE,confidence_aware,50,6,10,3,1,0.3333333333333333,false,false,2829.9874419999996
ACCESSIBLE,confidence_aware,50,7,10,3,2,0.6666666666666666,true,false,2829.9874419999996
ACCESSIBLE,confidence_aware,50,8,10,3,2,0.6666666666666666,true,false,2829.9874419999996
ACCESSIBLE,hybrid_regular_cheap,50,4,10,3,0,0,false,true,2829.9874419999996
ACCESSIBLE,hybrid_regular_cheap,50,5,10,3,1,0.3333333333333333,false,false,2829.9874419999996
ACCESSIBLE,hybrid_regular_cheap,50,6,10,3,1,0.3333333333333333,false,false,2829.9874419999996
ACCESSIBLE,hybrid_regular_cheap,50,7,10,3,2,0.6666666666666666,true,false,2829.9874419999996
ACCESSIBLE,hybrid_regular_cheap,50,8,10,3,2,0.6666666666666666,true,false,2829.9874419999996
ACCESSIBLE,low_mean,75,4,10,3,1,0.3333333333333333,false,false,4244.9811629999995
ACCESSIBLE,low_mean,75,5,10,3,2,0.6666666666666666,false,false,4244.9811629999995
ACCESSIBLE,low_mean,75,6,10,3,2,0.6666666666666666,false,false,4244.9811629999995
ACCESSIBLE,low_mean,75,7,10,3,2,0.6666666666666666,false,false,4244.9811629999995
ACCESSIBLE,low_mean,75,8,10,3,3,1,true,false,4244.9811629999995
ACCESSIBLE,low_median,75,4,10,3,2,0.6666666666666666,false,false,4244.9811629999995
ACCESSIBLE,low_median,75,5,10,3,2,0.6666666666666666,false,false,4244.9811629999995
ACCESSIBLE,low_median,75,6,10,3,2,0.6666666666666666,false,false,4244.9811629999995
ACCESSIBLE,low_median,75,7,10,3,2,0.6666666666666666,false,false,4244.9811629999995
ACCESSIBLE,low_median,75,8,10,3,3,1,true,false,4244.9811629999995
ACCESSIBLE,low_gold,75,4,10,3,2,0.6666666666666666,true,false,4244.9811629999995
ACCESSIBLE,low_gold,75,5,10,3,2,0.6666666666666666,true,false,4244.9811629999995
ACCESSIBLE,low_gold,75,6,10,3,2,0.6666666666666666,true,false,4244.9811629999995
ACCESSIBLE,low_gold,75,7,10,3,3,1,true,false,4244.9811629999995
ACCESSIBLE,low_gold,75,8,10,3,3,1,true,false,4244.9811629999995
ACCESSIBLE,band_aware,75,4,10,3,1,0.3333333333333333,false,false,4244.9811629999995
ACCESSIBLE,band_aware,75,5,10,3,2,0.6666666666666666,false,false,4244.9811629999995
ACCESSIBLE,band_aware,75,6,10,3,2,0.6666666666666666,false,false,4244.9811629999995
ACCESSIBLE,band_aware,75,7,10,3,2,0.6666666666666666,false,false,4244.9811629999995
ACCESSIBLE,band_aware,75,8,10,3,3,1,true,false,4244.9811629999995
ACCESSIBLE,confidence_aware,75,4,10,3,1,0.3333333333333333,false,false,4244.9811629999995
ACCESSIBLE,confidence_aware,75,5,10,3,2,0.6666666666666666,false,false,4244.9811629999995
ACCESSIBLE,confidence_aware,75,6,10,3,2,0.6666666666666666,false,false,4244.9811629999995
ACCESSIBLE,confidence_aware,75,7,10,3,2,0.6666666666666666,false,false,4244.9811629999995
ACCESSIBLE,confidence_aware,75,8,10,3,3,1,true,false,4244.9811629999995
ACCESSIBLE,hybrid_regular_cheap,75,4,10,3,1,0.3333333333333333,false,false,4244.9811629999995
ACCESSIBLE,hybrid_regular_cheap,75,5,10,3,2,0.6666666666666666,false,false,4244.9811629999995
ACCESSIBLE,hybrid_regular_cheap,75,6,10,3,2,0.6666666666666666,false,false,4244.9811629999995
ACCESSIBLE,hybrid_regular_cheap,75,7,10,3,2,0.6666666666666666,false,false,4244.9811629999995
ACCESSIBLE,hybrid_regular_cheap,75,8,10,3,3,1,true,false,4244.9811629999995
ACCESSIBLE,low_mean,100,4,10,3,2,0.6666666666666666,false,false,5659.974883999999
ACCESSIBLE,low_mean,100,5,10,3,3,1,true,false,5659.974883999999
ACCESSIBLE,low_mean,100,6,10,3,3,1,true,false,5659.974883999999
ACCESSIBLE,low_mean,100,7,10,3,3,1,true,false,5659.974883999999
ACCESSIBLE,low_mean,100,8,10,3,3,1,true,false,5659.974883999999
ACCESSIBLE,low_median,100,4,10,3,1,0.3333333333333333,false,false,5659.974883999999
ACCESSIBLE,low_median,100,5,10,3,2,0.6666666666666666,true,false,5659.974883999999
ACCESSIBLE,low_median,100,6,10,3,2,0.6666666666666666,true,false,5659.974883999999
ACCESSIBLE,low_median,100,7,10,3,3,1,true,false,5659.974883999999
ACCESSIBLE,low_median,100,8,10,3,3,1,true,false,5659.974883999999
ACCESSIBLE,low_gold,100,4,10,3,2,0.6666666666666666,true,false,5659.974883999999
ACCESSIBLE,low_gold,100,5,10,3,3,1,true,false,5659.974883999999
ACCESSIBLE,low_gold,100,6,10,3,3,1,true,false,5659.974883999999
ACCESSIBLE,low_gold,100,7,10,3,3,1,true,false,5659.974883999999
ACCESSIBLE,low_gold,100,8,10,3,3,1,true,false,5659.974883999999
ACCESSIBLE,band_aware,100,4,10,3,2,0.6666666666666666,false,false,5659.974883999999
ACCESSIBLE,band_aware,100,5,10,3,3,1,true,false,5659.974883999999
ACCESSIBLE,band_aware,100,6,10,3,3,1,true,false,5659.974883999999
ACCESSIBLE,band_aware,100,7,10,3,3,1,true,false,5659.974883999999
ACCESSIBLE,band_aware,100,8,10,3,3,1,true,false,5659.974883999999
ACCESSIBLE,confidence_aware,100,4,10,3,2,0.6666666666666666,false,false,5659.974883999999
ACCESSIBLE,confidence_aware,100,5,10,3,3,1,true,false,5659.974883999999
ACCESSIBLE,confidence_aware,100,6,10,3,3,1,true,false,5659.974883999999
ACCESSIBLE,confidence_aware,100,7,10,3,3,1,true,false,5659.974883999999
ACCESSIBLE,confidence_aware,100,8,10,3,3,1,true,false,5659.974883999999
ACCESSIBLE,hybrid_regular_cheap,100,4,10,3,2,0.6666666666666666,false,false,5659.974883999999
ACCESSIBLE,hybrid_regular_cheap,100,5,10,3,3,1,true,false,5659.974883999999
ACCESSIBLE,hybrid_regular_cheap,100,6,10,3,3,1,true,false,5659.974883999999
ACCESSIBLE,hybrid_regular_cheap,100,7,10,3,3,1,true,false,5659.974883999999
ACCESSIBLE,hybrid_regular_cheap,100,8,10,3,3,1,true,false,5659.974883999999
ACCESSIBLE,low_mean,150,4,10,3,2,0.6666666666666666,true,false,8489.962325999999
ACCESSIBLE,low_mean,150,5,10,3,3,1,true,false,8489.962325999999
ACCESSIBLE,low_mean,150,6,10,3,3,1,true,false,8489.962325999999
ACCESSIBLE,low_mean,150,7,10,3,3,1,true,false,8489.962325999999
ACCESSIBLE,low_mean,150,8,10,3,3,1,true,false,8489.962325999999
ACCESSIBLE,low_median,150,4,10,3,1,0.3333333333333333,true,false,8489.962325999999
ACCESSIBLE,low_median,150,5,10,3,2,0.6666666666666666,true,false,8489.962325999999
ACCESSIBLE,low_median,150,6,10,3,3,1,true,false,8489.962325999999
ACCESSIBLE,low_median,150,7,10,3,3,1,true,false,8489.962325999999
ACCESSIBLE,low_median,150,8,10,3,3,1,true,false,8489.962325999999
ACCESSIBLE,low_gold,150,4,10,3,2,0.6666666666666666,false,false,8489.962325999999
ACCESSIBLE,low_gold,150,5,10,3,2,0.6666666666666666,false,false,8489.962325999999
ACCESSIBLE,low_gold,150,6,10,3,3,1,true,false,8489.962325999999
ACCESSIBLE,low_gold,150,7,10,3,3,1,true,false,8489.962325999999
ACCESSIBLE,low_gold,150,8,10,3,3,1,true,false,8489.962325999999
ACCESSIBLE,band_aware,150,4,10,3,2,0.6666666666666666,true,false,8489.962325999999
ACCESSIBLE,band_aware,150,5,10,3,3,1,true,false,8489.962325999999
ACCESSIBLE,band_aware,150,6,10,3,3,1,true,false,8489.962325999999
ACCESSIBLE,band_aware,150,7,10,3,3,1,true,false,8489.962325999999
ACCESSIBLE,band_aware,150,8,10,3,3,1,true,false,8489.962325999999
ACCESSIBLE,confidence_aware,150,4,10,3,2,0.6666666666666666,true,false,8489.962325999999
ACCESSIBLE,confidence_aware,150,5,10,3,3,1,true,false,8489.962325999999
ACCESSIBLE,confidence_aware,150,6,10,3,3,1,true,false,8489.962325999999
ACCESSIBLE,confidence_aware,150,7,10,3,3,1,true,false,8489.962325999999
ACCESSIBLE,confidence_aware,150,8,10,3,3,1,true,false,8489.962325999999
ACCESSIBLE,hybrid_regular_cheap,150,4,10,3,2,0.6666666666666666,true,false,8489.962325999999
ACCESSIBLE,hybrid_regular_cheap,150,5,10,3,3,1,true,false,8489.962325999999
ACCESSIBLE,hybrid_regular_cheap,150,6,10,3,3,1,true,false,8489.962325999999
ACCESSIBLE,hybrid_regular_cheap,150,7,10,3,3,1,true,false,8489.962325999999
ACCESSIBLE,hybrid_regular_cheap,150,8,10,3,3,1,true,false,8489.962325999999
ACCESSIBLE,low_mean,250,4,10,3,3,1,true,false,14149.93721
ACCESSIBLE,low_mean,250,5,10,3,3,1,true,false,14149.93721
ACCESSIBLE,low_mean,250,6,10,3,3,1,true,false,14149.93721
ACCESSIBLE,low_mean,250,7,10,3,3,1,true,false,14149.93721
ACCESSIBLE,low_mean,250,8,10,3,3,1,true,false,14149.93721
ACCESSIBLE,low_median,250,4,10,3,2,0.6666666666666666,true,false,14149.93721
ACCESSIBLE,low_median,250,5,10,3,2,0.6666666666666666,true,false,14149.93721
ACCESSIBLE,low_median,250,6,10,3,3,1,true,false,14149.93721
ACCESSIBLE,low_median,250,7,10,3,3,1,true,false,14149.93721
ACCESSIBLE,low_median,250,8,10,3,3,1,true,false,14149.93721
ACCESSIBLE,low_gold,250,4,10,3,3,1,true,false,14149.93721
ACCESSIBLE,low_gold,250,5,10,3,3,1,true,false,14149.93721
ACCESSIBLE,low_gold,250,6,10,3,3,1,true,false,14149.93721
ACCESSIBLE,low_gold,250,7,10,3,3,1,true,false,14149.93721
ACCESSIBLE,low_gold,250,8,10,3,3,1,true,false,14149.93721
ACCESSIBLE,band_aware,250,4,10,3,3,1,true,false,14149.93721
ACCESSIBLE,band_aware,250,5,10,3,3,1,true,false,14149.93721
ACCESSIBLE,band_aware,250,6,10,3,3,1,true,false,14149.93721
ACCESSIBLE,band_aware,250,7,10,3,3,1,true,false,14149.93721
ACCESSIBLE,band_aware,250,8,10,3,3,1,true,false,14149.93721
ACCESSIBLE,confidence_aware,250,4,10,3,3,1,true,false,14149.93721
ACCESSIBLE,confidence_aware,250,5,10,3,3,1,true,false,14149.93721
ACCESSIBLE,confidence_aware,250,6,10,3,3,1,true,false,14149.93721
ACCESSIBLE,confidence_aware,250,7,10,3,3,1,true,false,14149.93721
ACCESSIBLE,confidence_aware,250,8,10,3,3,1,true,false,14149.93721
ACCESSIBLE,hybrid_regular_cheap,250,4,10,3,3,1,true,false,14149.93721
ACCESSIBLE,hybrid_regular_cheap,250,5,10,3,3,1,true,false,14149.93721
ACCESSIBLE,hybrid_regular_cheap,250,6,10,3,3,1,true,false,14149.93721
ACCESSIBLE,hybrid_regular_cheap,250,7,10,3,3,1,true,false,14149.93721
ACCESSIBLE,hybrid_regular_cheap,250,8,10,3,3,1,true,false,14149.93721
ACCESSIBLE,low_mean_frontier,25,5,10,3,1,0.3333333333333333,false,false,1414.9937209999998
ACCESSIBLE,low_mean_frontier,50,5,10,3,1,0.3333333333333333,false,false,2829.9874419999996
ACCESSIBLE,low_mean_frontier,75,5,10,3,2,0.6666666666666666,false,false,4244.9811629999995
ACCESSIBLE,low_mean_frontier,100,5,10,3,3,1,true,false,5659.974883999999
ACCESSIBLE,low_mean_frontier,150,5,10,3,3,1,true,false,8489.962325999999
ACCESSIBLE,low_mean_frontier,250,5,10,3,3,1,true,false,14149.93721
ACCOUNTING,low_mean,25,4,10,3,1,0.3333333333333333,false,false,1361.16459295
ACCOUNTING,low_mean,25,5,10,3,2,0.6666666666666666,false,false,1361.16459295
ACCOUNTING,low_mean,25,6,10,3,2,0.6666666666666666,false,false,1361.16459295
ACCOUNTING,low_mean,25,7,10,3,3,1,true,false,1361.16459295
ACCOUNTING,low_mean,25,8,10,3,3,1,true,false,1361.16459295
ACCOUNTING,low_median,25,4,10,3,0,0,false,true,1361.16459295
ACCOUNTING,low_median,25,5,10,3,1,0.3333333333333333,false,false,1361.16459295
ACCOUNTING,low_median,25,6,10,3,1,0.3333333333333333,false,false,1361.16459295
ACCOUNTING,low_median,25,7,10,3,2,0.6666666666666666,false,false,1361.16459295
ACCOUNTING,low_median,25,8,10,3,2,0.6666666666666666,false,false,1361.16459295
ACCOUNTING,low_gold,25,4,10,3,1,0.3333333333333333,false,false,1361.16459295
ACCOUNTING,low_gold,25,5,10,3,2,0.6666666666666666,false,false,1361.16459295
ACCOUNTING,low_gold,25,6,10,3,2,0.6666666666666666,false,false,1361.16459295
ACCOUNTING,low_gold,25,7,10,3,2,0.6666666666666666,false,false,1361.16459295
ACCOUNTING,low_gold,25,8,10,3,2,0.6666666666666666,false,false,1361.16459295
ACCOUNTING,band_aware,25,4,10,3,1,0.3333333333333333,false,false,1361.16459295
ACCOUNTING,band_aware,25,5,10,3,1,0.3333333333333333,false,false,1361.16459295
ACCOUNTING,band_aware,25,6,10,3,2,0.6666666666666666,false,false,1361.16459295
ACCOUNTING,band_aware,25,7,10,3,3,1,true,false,1361.16459295
ACCOUNTING,band_aware,25,8,10,3,3,1,true,false,1361.16459295
ACCOUNTING,confidence_aware,25,4,10,3,1,0.3333333333333333,false,false,1361.16459295
ACCOUNTING,confidence_aware,25,5,10,3,2,0.6666666666666666,false,false,1361.16459295
ACCOUNTING,confidence_aware,25,6,10,3,2,0.6666666666666666,false,false,1361.16459295
ACCOUNTING,confidence_aware,25,7,10,3,3,1,true,false,1361.16459295
ACCOUNTING,confidence_aware,25,8,10,3,3,1,true,false,1361.16459295
ACCOUNTING,hybrid_regular_cheap,25,4,10,3,1,0.3333333333333333,false,false,1361.16459295
ACCOUNTING,hybrid_regular_cheap,25,5,10,3,2,0.6666666666666666,false,false,1361.16459295
ACCOUNTING,hybrid_regular_cheap,25,6,10,3,2,0.6666666666666666,false,false,1361.16459295
ACCOUNTING,hybrid_regular_cheap,25,7,10,3,3,1,true,false,1361.16459295
ACCOUNTING,hybrid_regular_cheap,25,8,10,3,3,1,true,false,1361.16459295
ACCOUNTING,low_mean,50,4,10,3,2,0.6666666666666666,false,false,2722.3291859
ACCOUNTING,low_mean,50,5,10,3,3,1,true,false,2722.3291859
ACCOUNTING,low_mean,50,6,10,3,3,1,true,false,2722.3291859
ACCOUNTING,low_mean,50,7,10,3,3,1,true,false,2722.3291859
ACCOUNTING,low_mean,50,8,10,3,3,1,true,false,2722.3291859
ACCOUNTING,low_median,50,4,10,3,1,0.3333333333333333,false,false,2722.3291859
ACCOUNTING,low_median,50,5,10,3,1,0.3333333333333333,false,false,2722.3291859
ACCOUNTING,low_median,50,6,10,3,1,0.3333333333333333,false,false,2722.3291859
ACCOUNTING,low_median,50,7,10,3,1,0.3333333333333333,false,false,2722.3291859
ACCOUNTING,low_median,50,8,10,3,2,0.6666666666666666,false,false,2722.3291859
ACCOUNTING,low_gold,50,4,10,3,2,0.6666666666666666,true,false,2722.3291859
ACCOUNTING,low_gold,50,5,10,3,3,1,true,false,2722.3291859
ACCOUNTING,low_gold,50,6,10,3,3,1,true,false,2722.3291859
ACCOUNTING,low_gold,50,7,10,3,3,1,true,false,2722.3291859
ACCOUNTING,low_gold,50,8,10,3,3,1,true,false,2722.3291859
ACCOUNTING,band_aware,50,4,10,3,2,0.6666666666666666,false,false,2722.3291859
ACCOUNTING,band_aware,50,5,10,3,3,1,true,false,2722.3291859
ACCOUNTING,band_aware,50,6,10,3,3,1,true,false,2722.3291859
ACCOUNTING,band_aware,50,7,10,3,3,1,true,false,2722.3291859
ACCOUNTING,band_aware,50,8,10,3,3,1,true,false,2722.3291859
ACCOUNTING,confidence_aware,50,4,10,3,2,0.6666666666666666,false,false,2722.3291859
ACCOUNTING,confidence_aware,50,5,10,3,3,1,true,false,2722.3291859
ACCOUNTING,confidence_aware,50,6,10,3,3,1,true,false,2722.3291859
ACCOUNTING,confidence_aware,50,7,10,3,3,1,true,false,2722.3291859
ACCOUNTING,confidence_aware,50,8,10,3,3,1,true,false,2722.3291859
ACCOUNTING,hybrid_regular_cheap,50,4,10,3,2,0.6666666666666666,false,false,2722.3291859
ACCOUNTING,hybrid_regular_cheap,50,5,10,3,3,1,true,false,2722.3291859
ACCOUNTING,hybrid_regular_cheap,50,6,10,3,3,1,true,false,2722.3291859
ACCOUNTING,hybrid_regular_cheap,50,7,10,3,3,1,true,false,2722.3291859
ACCOUNTING,hybrid_regular_cheap,50,8,10,3,3,1,true,false,2722.3291859
ACCOUNTING,low_mean,75,4,10,3,2,0.6666666666666666,false,false,4083.49377885
ACCOUNTING,low_mean,75,5,10,3,2,0.6666666666666666,false,false,4083.49377885
ACCOUNTING,low_mean,75,6,10,3,2,0.6666666666666666,false,false,4083.49377885
ACCOUNTING,low_mean,75,7,10,3,2,0.6666666666666666,false,false,4083.49377885
ACCOUNTING,low_mean,75,8,10,3,3,1,true,false,4083.49377885
ACCOUNTING,low_median,75,4,10,3,1,0.3333333333333333,false,false,4083.49377885
ACCOUNTING,low_median,75,5,10,3,1,0.3333333333333333,false,false,4083.49377885
ACCOUNTING,low_median,75,6,10,3,1,0.3333333333333333,false,false,4083.49377885
ACCOUNTING,low_median,75,7,10,3,2,0.6666666666666666,false,false,4083.49377885
ACCOUNTING,low_median,75,8,10,3,3,1,true,false,4083.49377885
ACCOUNTING,low_gold,75,4,10,3,2,0.6666666666666666,true,false,4083.49377885
ACCOUNTING,low_gold,75,5,10,3,2,0.6666666666666666,true,false,4083.49377885
ACCOUNTING,low_gold,75,6,10,3,2,0.6666666666666666,true,false,4083.49377885
ACCOUNTING,low_gold,75,7,10,3,3,1,true,false,4083.49377885
ACCOUNTING,low_gold,75,8,10,3,3,1,true,false,4083.49377885
ACCOUNTING,band_aware,75,4,10,3,2,0.6666666666666666,false,false,4083.49377885
ACCOUNTING,band_aware,75,5,10,3,2,0.6666666666666666,false,false,4083.49377885
ACCOUNTING,band_aware,75,6,10,3,2,0.6666666666666666,false,false,4083.49377885
ACCOUNTING,band_aware,75,7,10,3,2,0.6666666666666666,false,false,4083.49377885
ACCOUNTING,band_aware,75,8,10,3,3,1,true,false,4083.49377885
ACCOUNTING,confidence_aware,75,4,10,3,2,0.6666666666666666,false,false,4083.49377885
ACCOUNTING,confidence_aware,75,5,10,3,2,0.6666666666666666,false,false,4083.49377885
ACCOUNTING,confidence_aware,75,6,10,3,2,0.6666666666666666,false,false,4083.49377885
ACCOUNTING,confidence_aware,75,7,10,3,2,0.6666666666666666,false,false,4083.49377885
ACCOUNTING,confidence_aware,75,8,10,3,3,1,true,false,4083.49377885
ACCOUNTING,hybrid_regular_cheap,75,4,10,3,2,0.6666666666666666,false,false,4083.49377885
ACCOUNTING,hybrid_regular_cheap,75,5,10,3,2,0.6666666666666666,false,false,4083.49377885
ACCOUNTING,hybrid_regular_cheap,75,6,10,3,2,0.6666666666666666,false,false,4083.49377885
ACCOUNTING,hybrid_regular_cheap,75,7,10,3,2,0.6666666666666666,false,false,4083.49377885
ACCOUNTING,hybrid_regular_cheap,75,8,10,3,3,1,true,false,4083.49377885
ACCOUNTING,low_mean,100,4,10,3,2,0.6666666666666666,false,false,5444.6583718
ACCOUNTING,low_mean,100,5,10,3,2,0.6666666666666666,false,false,5444.6583718
ACCOUNTING,low_mean,100,6,10,3,2,0.6666666666666666,false,false,5444.6583718
ACCOUNTING,low_mean,100,7,10,3,2,0.6666666666666666,false,false,5444.6583718
ACCOUNTING,low_mean,100,8,10,3,2,0.6666666666666666,false,false,5444.6583718
ACCOUNTING,low_median,100,4,10,3,2,0.6666666666666666,false,false,5444.6583718
ACCOUNTING,low_median,100,5,10,3,2,0.6666666666666666,false,false,5444.6583718
ACCOUNTING,low_median,100,6,10,3,2,0.6666666666666666,false,false,5444.6583718
ACCOUNTING,low_median,100,7,10,3,2,0.6666666666666666,false,false,5444.6583718
ACCOUNTING,low_median,100,8,10,3,3,1,true,false,5444.6583718
ACCOUNTING,low_gold,100,4,10,3,2,0.6666666666666666,false,false,5444.6583718
ACCOUNTING,low_gold,100,5,10,3,3,1,true,false,5444.6583718
ACCOUNTING,low_gold,100,6,10,3,3,1,true,false,5444.6583718
ACCOUNTING,low_gold,100,7,10,3,3,1,true,false,5444.6583718
ACCOUNTING,low_gold,100,8,10,3,3,1,true,false,5444.6583718
ACCOUNTING,band_aware,100,4,10,3,2,0.6666666666666666,false,false,5444.6583718
ACCOUNTING,band_aware,100,5,10,3,2,0.6666666666666666,false,false,5444.6583718
ACCOUNTING,band_aware,100,6,10,3,2,0.6666666666666666,false,false,5444.6583718
ACCOUNTING,band_aware,100,7,10,3,2,0.6666666666666666,false,false,5444.6583718
ACCOUNTING,band_aware,100,8,10,3,2,0.6666666666666666,false,false,5444.6583718
ACCOUNTING,confidence_aware,100,4,10,3,2,0.6666666666666666,false,false,5444.6583718
ACCOUNTING,confidence_aware,100,5,10,3,2,0.6666666666666666,false,false,5444.6583718
ACCOUNTING,confidence_aware,100,6,10,3,2,0.6666666666666666,false,false,5444.6583718
ACCOUNTING,confidence_aware,100,7,10,3,2,0.6666666666666666,false,false,5444.6583718
ACCOUNTING,confidence_aware,100,8,10,3,2,0.6666666666666666,false,false,5444.6583718
ACCOUNTING,hybrid_regular_cheap,100,4,10,3,2,0.6666666666666666,false,false,5444.6583718
ACCOUNTING,hybrid_regular_cheap,100,5,10,3,2,0.6666666666666666,false,false,5444.6583718
ACCOUNTING,hybrid_regular_cheap,100,6,10,3,2,0.6666666666666666,false,false,5444.6583718
ACCOUNTING,hybrid_regular_cheap,100,7,10,3,2,0.6666666666666666,false,false,5444.6583718
ACCOUNTING,hybrid_regular_cheap,100,8,10,3,2,0.6666666666666666,false,false,5444.6583718
ACCOUNTING,low_mean,150,4,10,3,2,0.6666666666666666,false,false,8166.9875577
ACCOUNTING,low_mean,150,5,10,3,2,0.6666666666666666,false,false,8166.9875577
ACCOUNTING,low_mean,150,6,10,3,2,0.6666666666666666,false,false,8166.9875577
ACCOUNTING,low_mean,150,7,10,3,2,0.6666666666666666,false,false,8166.9875577
ACCOUNTING,low_mean,150,8,10,3,3,1,true,false,8166.9875577
ACCOUNTING,low_median,150,4,10,3,2,0.6666666666666666,false,false,8166.9875577
ACCOUNTING,low_median,150,5,10,3,2,0.6666666666666666,false,false,8166.9875577
ACCOUNTING,low_median,150,6,10,3,2,0.6666666666666666,false,false,8166.9875577
ACCOUNTING,low_median,150,7,10,3,2,0.6666666666666666,false,false,8166.9875577
ACCOUNTING,low_median,150,8,10,3,2,0.6666666666666666,false,false,8166.9875577
ACCOUNTING,low_gold,150,4,10,3,1,0.3333333333333333,false,false,8166.9875577
ACCOUNTING,low_gold,150,5,10,3,1,0.3333333333333333,false,false,8166.9875577
ACCOUNTING,low_gold,150,6,10,3,1,0.3333333333333333,false,false,8166.9875577
ACCOUNTING,low_gold,150,7,10,3,2,0.6666666666666666,true,false,8166.9875577
ACCOUNTING,low_gold,150,8,10,3,3,1,true,false,8166.9875577
ACCOUNTING,band_aware,150,4,10,3,2,0.6666666666666666,false,false,8166.9875577
ACCOUNTING,band_aware,150,5,10,3,2,0.6666666666666666,false,false,8166.9875577
ACCOUNTING,band_aware,150,6,10,3,2,0.6666666666666666,false,false,8166.9875577
ACCOUNTING,band_aware,150,7,10,3,2,0.6666666666666666,false,false,8166.9875577
ACCOUNTING,band_aware,150,8,10,3,3,1,true,false,8166.9875577
ACCOUNTING,confidence_aware,150,4,10,3,2,0.6666666666666666,false,false,8166.9875577
ACCOUNTING,confidence_aware,150,5,10,3,2,0.6666666666666666,false,false,8166.9875577
ACCOUNTING,confidence_aware,150,6,10,3,2,0.6666666666666666,false,false,8166.9875577
ACCOUNTING,confidence_aware,150,7,10,3,2,0.6666666666666666,false,false,8166.9875577
ACCOUNTING,confidence_aware,150,8,10,3,3,1,true,false,8166.9875577
ACCOUNTING,hybrid_regular_cheap,150,4,10,3,2,0.6666666666666666,false,false,8166.9875577
ACCOUNTING,hybrid_regular_cheap,150,5,10,3,2,0.6666666666666666,false,false,8166.9875577
ACCOUNTING,hybrid_regular_cheap,150,6,10,3,2,0.6666666666666666,false,false,8166.9875577
ACCOUNTING,hybrid_regular_cheap,150,7,10,3,2,0.6666666666666666,false,false,8166.9875577
ACCOUNTING,hybrid_regular_cheap,150,8,10,3,3,1,true,false,8166.9875577
ACCOUNTING,low_mean,250,4,10,3,2,0.6666666666666666,false,false,13611.6459295
ACCOUNTING,low_mean,250,5,10,3,3,1,true,false,13611.6459295
ACCOUNTING,low_mean,250,6,10,3,3,1,true,false,13611.6459295
ACCOUNTING,low_mean,250,7,10,3,3,1,true,false,13611.6459295
ACCOUNTING,low_mean,250,8,10,3,3,1,true,false,13611.6459295
ACCOUNTING,low_median,250,4,10,3,1,0.3333333333333333,false,false,13611.6459295
ACCOUNTING,low_median,250,5,10,3,1,0.3333333333333333,false,false,13611.6459295
ACCOUNTING,low_median,250,6,10,3,1,0.3333333333333333,false,false,13611.6459295
ACCOUNTING,low_median,250,7,10,3,2,0.6666666666666666,false,false,13611.6459295
ACCOUNTING,low_median,250,8,10,3,2,0.6666666666666666,false,false,13611.6459295
ACCOUNTING,low_gold,250,4,10,3,0,0,false,true,13611.6459295
ACCOUNTING,low_gold,250,5,10,3,1,0.3333333333333333,false,false,13611.6459295
ACCOUNTING,low_gold,250,6,10,3,1,0.3333333333333333,false,false,13611.6459295
ACCOUNTING,low_gold,250,7,10,3,2,0.6666666666666666,false,false,13611.6459295
ACCOUNTING,low_gold,250,8,10,3,3,1,true,false,13611.6459295
ACCOUNTING,band_aware,250,4,10,3,2,0.6666666666666666,false,false,13611.6459295
ACCOUNTING,band_aware,250,5,10,3,3,1,true,false,13611.6459295
ACCOUNTING,band_aware,250,6,10,3,3,1,true,false,13611.6459295
ACCOUNTING,band_aware,250,7,10,3,3,1,true,false,13611.6459295
ACCOUNTING,band_aware,250,8,10,3,3,1,true,false,13611.6459295
ACCOUNTING,confidence_aware,250,4,10,3,2,0.6666666666666666,false,false,13611.6459295
ACCOUNTING,confidence_aware,250,5,10,3,3,1,true,false,13611.6459295
ACCOUNTING,confidence_aware,250,6,10,3,3,1,true,false,13611.6459295
ACCOUNTING,confidence_aware,250,7,10,3,3,1,true,false,13611.6459295
ACCOUNTING,confidence_aware,250,8,10,3,3,1,true,false,13611.6459295
ACCOUNTING,hybrid_regular_cheap,250,4,10,3,2,0.6666666666666666,false,false,13611.6459295
ACCOUNTING,hybrid_regular_cheap,250,5,10,3,3,1,true,false,13611.6459295
ACCOUNTING,hybrid_regular_cheap,250,6,10,3,3,1,true,false,13611.6459295
ACCOUNTING,hybrid_regular_cheap,250,7,10,3,3,1,true,false,13611.6459295
ACCOUNTING,hybrid_regular_cheap,250,8,10,3,3,1,true,false,13611.6459295
ACCOUNTING,low_mean_frontier,25,5,10,3,2,0.6666666666666666,false,false,1361.16459295
ACCOUNTING,low_mean_frontier,50,5,10,3,3,1,true,false,2722.3291859
ACCOUNTING,low_mean_frontier,75,5,10,3,2,0.6666666666666666,false,false,4083.49377885
ACCOUNTING,low_mean_frontier,100,5,10,3,2,0.6666666666666666,false,false,5444.6583718
ACCOUNTING,low_mean_frontier,150,5,10,3,2,0.6666666666666666,false,false,8166.9875577
ACCOUNTING,low_mean_frontier,250,5,10,3,3,1,true,false,13611.6459295
ADVENTURES,low_mean,25,4,10,3,0,0,false,true,1448.4355982
ADVENTURES,low_mean,25,5,10,3,0,0,false,true,1448.4355982
ADVENTURES,low_mean,25,6,10,3,1,0.3333333333333333,true,false,1448.4355982
ADVENTURES,low_mean,25,7,10,3,2,0.6666666666666666,true,false,1448.4355982
ADVENTURES,low_mean,25,8,10,3,3,1,true,false,1448.4355982
ADVENTURES,low_median,25,4,10,3,1,0.3333333333333333,false,false,1448.4355982
ADVENTURES,low_median,25,5,10,3,2,0.6666666666666666,false,false,1448.4355982
ADVENTURES,low_median,25,6,10,3,2,0.6666666666666666,false,false,1448.4355982
ADVENTURES,low_median,25,7,10,3,3,1,true,false,1448.4355982
ADVENTURES,low_median,25,8,10,3,3,1,true,false,1448.4355982
ADVENTURES,low_gold,25,4,10,3,2,0.6666666666666666,true,false,1448.4355982
ADVENTURES,low_gold,25,5,10,3,2,0.6666666666666666,true,false,1448.4355982
ADVENTURES,low_gold,25,6,10,3,2,0.6666666666666666,true,false,1448.4355982
ADVENTURES,low_gold,25,7,10,3,2,0.6666666666666666,true,false,1448.4355982
ADVENTURES,low_gold,25,8,10,3,2,0.6666666666666666,true,false,1448.4355982
ADVENTURES,band_aware,25,4,10,3,0,0,false,true,1448.4355982
ADVENTURES,band_aware,25,5,10,3,0,0,false,true,1448.4355982
ADVENTURES,band_aware,25,6,10,3,1,0.3333333333333333,true,false,1448.4355982
ADVENTURES,band_aware,25,7,10,3,2,0.6666666666666666,true,false,1448.4355982
ADVENTURES,band_aware,25,8,10,3,3,1,true,false,1448.4355982
ADVENTURES,confidence_aware,25,4,10,3,0,0,false,true,1448.4355982
ADVENTURES,confidence_aware,25,5,10,3,0,0,false,true,1448.4355982
ADVENTURES,confidence_aware,25,6,10,3,1,0.3333333333333333,true,false,1448.4355982
ADVENTURES,confidence_aware,25,7,10,3,2,0.6666666666666666,true,false,1448.4355982
ADVENTURES,confidence_aware,25,8,10,3,3,1,true,false,1448.4355982
ADVENTURES,hybrid_regular_cheap,25,4,10,3,0,0,false,true,1448.4355982
ADVENTURES,hybrid_regular_cheap,25,5,10,3,0,0,false,true,1448.4355982
ADVENTURES,hybrid_regular_cheap,25,6,10,3,1,0.3333333333333333,true,false,1448.4355982
ADVENTURES,hybrid_regular_cheap,25,7,10,3,2,0.6666666666666666,true,false,1448.4355982
ADVENTURES,hybrid_regular_cheap,25,8,10,3,3,1,true,false,1448.4355982
ADVENTURES,low_mean,50,4,10,3,1,0.3333333333333333,true,false,2896.8711964
ADVENTURES,low_mean,50,5,10,3,2,0.6666666666666666,true,false,2896.8711964
ADVENTURES,low_mean,50,6,10,3,2,0.6666666666666666,true,false,2896.8711964
ADVENTURES,low_mean,50,7,10,3,2,0.6666666666666666,true,false,2896.8711964
ADVENTURES,low_mean,50,8,10,3,3,1,true,false,2896.8711964
ADVENTURES,low_median,50,4,10,3,3,1,true,false,2896.8711964
ADVENTURES,low_median,50,5,10,3,3,1,true,false,2896.8711964
ADVENTURES,low_median,50,6,10,3,3,1,true,false,2896.8711964
ADVENTURES,low_median,50,7,10,3,3,1,true,false,2896.8711964
ADVENTURES,low_median,50,8,10,3,3,1,true,false,2896.8711964
ADVENTURES,low_gold,50,4,10,3,2,0.6666666666666666,true,false,2896.8711964
ADVENTURES,low_gold,50,5,10,3,2,0.6666666666666666,true,false,2896.8711964
ADVENTURES,low_gold,50,6,10,3,2,0.6666666666666666,true,false,2896.8711964
ADVENTURES,low_gold,50,7,10,3,2,0.6666666666666666,true,false,2896.8711964
ADVENTURES,low_gold,50,8,10,3,2,0.6666666666666666,true,false,2896.8711964
ADVENTURES,band_aware,50,4,10,3,1,0.3333333333333333,true,false,2896.8711964
ADVENTURES,band_aware,50,5,10,3,2,0.6666666666666666,true,false,2896.8711964
ADVENTURES,band_aware,50,6,10,3,2,0.6666666666666666,true,false,2896.8711964
ADVENTURES,band_aware,50,7,10,3,2,0.6666666666666666,true,false,2896.8711964
ADVENTURES,band_aware,50,8,10,3,3,1,true,false,2896.8711964
ADVENTURES,confidence_aware,50,4,10,3,1,0.3333333333333333,true,false,2896.8711964
ADVENTURES,confidence_aware,50,5,10,3,2,0.6666666666666666,true,false,2896.8711964
ADVENTURES,confidence_aware,50,6,10,3,2,0.6666666666666666,true,false,2896.8711964
ADVENTURES,confidence_aware,50,7,10,3,2,0.6666666666666666,true,false,2896.8711964
ADVENTURES,confidence_aware,50,8,10,3,3,1,true,false,2896.8711964
ADVENTURES,hybrid_regular_cheap,50,4,10,3,1,0.3333333333333333,true,false,2896.8711964
ADVENTURES,hybrid_regular_cheap,50,5,10,3,2,0.6666666666666666,true,false,2896.8711964
ADVENTURES,hybrid_regular_cheap,50,6,10,3,2,0.6666666666666666,true,false,2896.8711964
ADVENTURES,hybrid_regular_cheap,50,7,10,3,2,0.6666666666666666,true,false,2896.8711964
ADVENTURES,hybrid_regular_cheap,50,8,10,3,3,1,true,false,2896.8711964
ADVENTURES,low_mean,75,4,10,3,2,0.6666666666666666,true,false,4345.3067946
ADVENTURES,low_mean,75,5,10,3,2,0.6666666666666666,true,false,4345.3067946
ADVENTURES,low_mean,75,6,10,3,2,0.6666666666666666,true,false,4345.3067946
ADVENTURES,low_mean,75,7,10,3,2,0.6666666666666666,true,false,4345.3067946
ADVENTURES,low_mean,75,8,10,3,2,0.6666666666666666,true,false,4345.3067946
ADVENTURES,low_median,75,4,10,3,2,0.6666666666666666,false,false,4345.3067946
ADVENTURES,low_median,75,5,10,3,2,0.6666666666666666,false,false,4345.3067946
ADVENTURES,low_median,75,6,10,3,3,1,true,false,4345.3067946
ADVENTURES,low_median,75,7,10,3,3,1,true,false,4345.3067946
ADVENTURES,low_median,75,8,10,3,3,1,true,false,4345.3067946
ADVENTURES,low_gold,75,4,10,3,2,0.6666666666666666,true,false,4345.3067946
ADVENTURES,low_gold,75,5,10,3,2,0.6666666666666666,true,false,4345.3067946
ADVENTURES,low_gold,75,6,10,3,2,0.6666666666666666,true,false,4345.3067946
ADVENTURES,low_gold,75,7,10,3,2,0.6666666666666666,true,false,4345.3067946
ADVENTURES,low_gold,75,8,10,3,2,0.6666666666666666,true,false,4345.3067946
ADVENTURES,band_aware,75,4,10,3,2,0.6666666666666666,true,false,4345.3067946
ADVENTURES,band_aware,75,5,10,3,2,0.6666666666666666,true,false,4345.3067946
ADVENTURES,band_aware,75,6,10,3,2,0.6666666666666666,true,false,4345.3067946
ADVENTURES,band_aware,75,7,10,3,2,0.6666666666666666,true,false,4345.3067946
ADVENTURES,band_aware,75,8,10,3,2,0.6666666666666666,true,false,4345.3067946
ADVENTURES,confidence_aware,75,4,10,3,2,0.6666666666666666,true,false,4345.3067946
ADVENTURES,confidence_aware,75,5,10,3,2,0.6666666666666666,true,false,4345.3067946
ADVENTURES,confidence_aware,75,6,10,3,2,0.6666666666666666,true,false,4345.3067946
ADVENTURES,confidence_aware,75,7,10,3,2,0.6666666666666666,true,false,4345.3067946
ADVENTURES,confidence_aware,75,8,10,3,2,0.6666666666666666,true,false,4345.3067946
ADVENTURES,hybrid_regular_cheap,75,4,10,3,2,0.6666666666666666,true,false,4345.3067946
ADVENTURES,hybrid_regular_cheap,75,5,10,3,2,0.6666666666666666,true,false,4345.3067946
ADVENTURES,hybrid_regular_cheap,75,6,10,3,2,0.6666666666666666,true,false,4345.3067946
ADVENTURES,hybrid_regular_cheap,75,7,10,3,2,0.6666666666666666,true,false,4345.3067946
ADVENTURES,hybrid_regular_cheap,75,8,10,3,2,0.6666666666666666,true,false,4345.3067946
ADVENTURES,low_mean,100,4,10,3,3,1,true,false,5793.7423928
ADVENTURES,low_mean,100,5,10,3,3,1,true,false,5793.7423928
ADVENTURES,low_mean,100,6,10,3,3,1,true,false,5793.7423928
ADVENTURES,low_mean,100,7,10,3,3,1,true,false,5793.7423928
ADVENTURES,low_mean,100,8,10,3,3,1,true,false,5793.7423928
ADVENTURES,low_median,100,4,10,3,1,0.3333333333333333,false,false,5793.7423928
ADVENTURES,low_median,100,5,10,3,2,0.6666666666666666,false,false,5793.7423928
ADVENTURES,low_median,100,6,10,3,3,1,true,false,5793.7423928
ADVENTURES,low_median,100,7,10,3,3,1,true,false,5793.7423928
ADVENTURES,low_median,100,8,10,3,3,1,true,false,5793.7423928
ADVENTURES,low_gold,100,4,10,3,1,0.3333333333333333,true,false,5793.7423928
ADVENTURES,low_gold,100,5,10,3,2,0.6666666666666666,true,false,5793.7423928
ADVENTURES,low_gold,100,6,10,3,2,0.6666666666666666,true,false,5793.7423928
ADVENTURES,low_gold,100,7,10,3,2,0.6666666666666666,true,false,5793.7423928
ADVENTURES,low_gold,100,8,10,3,3,1,true,false,5793.7423928
ADVENTURES,band_aware,100,4,10,3,2,0.6666666666666666,true,false,5793.7423928
ADVENTURES,band_aware,100,5,10,3,3,1,true,false,5793.7423928
ADVENTURES,band_aware,100,6,10,3,3,1,true,false,5793.7423928
ADVENTURES,band_aware,100,7,10,3,3,1,true,false,5793.7423928
ADVENTURES,band_aware,100,8,10,3,3,1,true,false,5793.7423928
ADVENTURES,confidence_aware,100,4,10,3,3,1,true,false,5793.7423928
ADVENTURES,confidence_aware,100,5,10,3,3,1,true,false,5793.7423928
ADVENTURES,confidence_aware,100,6,10,3,3,1,true,false,5793.7423928
ADVENTURES,confidence_aware,100,7,10,3,3,1,true,false,5793.7423928
ADVENTURES,confidence_aware,100,8,10,3,3,1,true,false,5793.7423928
ADVENTURES,hybrid_regular_cheap,100,4,10,3,3,1,true,false,5793.7423928
ADVENTURES,hybrid_regular_cheap,100,5,10,3,3,1,true,false,5793.7423928
ADVENTURES,hybrid_regular_cheap,100,6,10,3,3,1,true,false,5793.7423928
ADVENTURES,hybrid_regular_cheap,100,7,10,3,3,1,true,false,5793.7423928
ADVENTURES,hybrid_regular_cheap,100,8,10,3,3,1,true,false,5793.7423928
ADVENTURES,low_mean,150,4,10,3,2,0.6666666666666666,true,false,8690.6135892
ADVENTURES,low_mean,150,5,10,3,3,1,true,false,8690.6135892
ADVENTURES,low_mean,150,6,10,3,3,1,true,false,8690.6135892
ADVENTURES,low_mean,150,7,10,3,3,1,true,false,8690.6135892
ADVENTURES,low_mean,150,8,10,3,3,1,true,false,8690.6135892
ADVENTURES,low_median,150,4,10,3,2,0.6666666666666666,false,false,8690.6135892
ADVENTURES,low_median,150,5,10,3,3,1,true,false,8690.6135892
ADVENTURES,low_median,150,6,10,3,3,1,true,false,8690.6135892
ADVENTURES,low_median,150,7,10,3,3,1,true,false,8690.6135892
ADVENTURES,low_median,150,8,10,3,3,1,true,false,8690.6135892
ADVENTURES,low_gold,150,4,10,3,2,0.6666666666666666,false,false,8690.6135892
ADVENTURES,low_gold,150,5,10,3,3,1,true,false,8690.6135892
ADVENTURES,low_gold,150,6,10,3,3,1,true,false,8690.6135892
ADVENTURES,low_gold,150,7,10,3,3,1,true,false,8690.6135892
ADVENTURES,low_gold,150,8,10,3,3,1,true,false,8690.6135892
ADVENTURES,band_aware,150,4,10,3,2,0.6666666666666666,true,false,8690.6135892
ADVENTURES,band_aware,150,5,10,3,3,1,true,false,8690.6135892
ADVENTURES,band_aware,150,6,10,3,3,1,true,false,8690.6135892
ADVENTURES,band_aware,150,7,10,3,3,1,true,false,8690.6135892
ADVENTURES,band_aware,150,8,10,3,3,1,true,false,8690.6135892
ADVENTURES,confidence_aware,150,4,10,3,2,0.6666666666666666,true,false,8690.6135892
ADVENTURES,confidence_aware,150,5,10,3,3,1,true,false,8690.6135892
ADVENTURES,confidence_aware,150,6,10,3,3,1,true,false,8690.6135892
ADVENTURES,confidence_aware,150,7,10,3,3,1,true,false,8690.6135892
ADVENTURES,confidence_aware,150,8,10,3,3,1,true,false,8690.6135892
ADVENTURES,hybrid_regular_cheap,150,4,10,3,2,0.6666666666666666,true,false,8690.6135892
ADVENTURES,hybrid_regular_cheap,150,5,10,3,3,1,true,false,8690.6135892
ADVENTURES,hybrid_regular_cheap,150,6,10,3,3,1,true,false,8690.6135892
ADVENTURES,hybrid_regular_cheap,150,7,10,3,3,1,true,false,8690.6135892
ADVENTURES,hybrid_regular_cheap,150,8,10,3,3,1,true,false,8690.6135892
ADVENTURES,low_mean,250,4,10,3,3,1,true,false,14484.355982
ADVENTURES,low_mean,250,5,10,3,3,1,true,false,14484.355982
ADVENTURES,low_mean,250,6,10,3,3,1,true,false,14484.355982
ADVENTURES,low_mean,250,7,10,3,3,1,true,false,14484.355982
ADVENTURES,low_mean,250,8,10,3,3,1,true,false,14484.355982
ADVENTURES,low_median,250,4,10,3,2,0.6666666666666666,false,false,14484.355982
ADVENTURES,low_median,250,5,10,3,3,1,true,false,14484.355982
ADVENTURES,low_median,250,6,10,3,3,1,true,false,14484.355982
ADVENTURES,low_median,250,7,10,3,3,1,true,false,14484.355982
ADVENTURES,low_median,250,8,10,3,3,1,true,false,14484.355982
ADVENTURES,low_gold,250,4,10,3,1,0.3333333333333333,true,false,14484.355982
ADVENTURES,low_gold,250,5,10,3,2,0.6666666666666666,true,false,14484.355982
ADVENTURES,low_gold,250,6,10,3,2,0.6666666666666666,true,false,14484.355982
ADVENTURES,low_gold,250,7,10,3,3,1,true,false,14484.355982
ADVENTURES,low_gold,250,8,10,3,3,1,true,false,14484.355982
ADVENTURES,band_aware,250,4,10,3,3,1,true,false,14484.355982
ADVENTURES,band_aware,250,5,10,3,3,1,true,false,14484.355982
ADVENTURES,band_aware,250,6,10,3,3,1,true,false,14484.355982
ADVENTURES,band_aware,250,7,10,3,3,1,true,false,14484.355982
ADVENTURES,band_aware,250,8,10,3,3,1,true,false,14484.355982
ADVENTURES,confidence_aware,250,4,10,3,3,1,true,false,14484.355982
ADVENTURES,confidence_aware,250,5,10,3,3,1,true,false,14484.355982
ADVENTURES,confidence_aware,250,6,10,3,3,1,true,false,14484.355982
ADVENTURES,confidence_aware,250,7,10,3,3,1,true,false,14484.355982
ADVENTURES,confidence_aware,250,8,10,3,3,1,true,false,14484.355982
ADVENTURES,hybrid_regular_cheap,250,4,10,3,3,1,true,false,14484.355982
ADVENTURES,hybrid_regular_cheap,250,5,10,3,3,1,true,false,14484.355982
ADVENTURES,hybrid_regular_cheap,250,6,10,3,3,1,true,false,14484.355982
ADVENTURES,hybrid_regular_cheap,250,7,10,3,3,1,true,false,14484.355982
ADVENTURES,hybrid_regular_cheap,250,8,10,3,3,1,true,false,14484.355982
ADVENTURES,low_mean_frontier,25,5,10,3,0,0,false,true,1448.4355982
ADVENTURES,low_mean_frontier,50,5,10,3,2,0.6666666666666666,true,false,2896.8711964
ADVENTURES,low_mean_frontier,75,5,10,3,2,0.6666666666666666,true,false,4345.3067946
ADVENTURES,low_mean_frontier,100,5,10,3,3,1,true,false,5793.7423928
ADVENTURES,low_mean_frontier,150,5,10,3,3,1,true,false,8690.6135892
ADVENTURES,low_mean_frontier,250,5,10,3,3,1,true,false,14484.355982
AGGRAVATED,low_mean,25,4,10,3,1,0.3333333333333333,false,false,1360.8509453
AGGRAVATED,low_mean,25,5,10,3,2,0.6666666666666666,false,false,1360.8509453
AGGRAVATED,low_mean,25,6,10,3,2,0.6666666666666666,false,false,1360.8509453
AGGRAVATED,low_mean,25,7,10,3,2,0.6666666666666666,false,false,1360.8509453
AGGRAVATED,low_mean,25,8,10,3,3,1,true,false,1360.8509453
AGGRAVATED,low_median,25,4,10,3,1,0.3333333333333333,true,false,1360.8509453
AGGRAVATED,low_median,25,5,10,3,1,0.3333333333333333,true,false,1360.8509453
AGGRAVATED,low_median,25,6,10,3,2,0.6666666666666666,true,false,1360.8509453
AGGRAVATED,low_median,25,7,10,3,3,1,true,false,1360.8509453
AGGRAVATED,low_median,25,8,10,3,3,1,true,false,1360.8509453
AGGRAVATED,low_gold,25,4,10,3,1,0.3333333333333333,false,false,1360.8509453
AGGRAVATED,low_gold,25,5,10,3,1,0.3333333333333333,false,false,1360.8509453
AGGRAVATED,low_gold,25,6,10,3,1,0.3333333333333333,false,false,1360.8509453
AGGRAVATED,low_gold,25,7,10,3,2,0.6666666666666666,false,false,1360.8509453
AGGRAVATED,low_gold,25,8,10,3,3,1,true,false,1360.8509453
AGGRAVATED,band_aware,25,4,10,3,1,0.3333333333333333,false,false,1360.8509453
AGGRAVATED,band_aware,25,5,10,3,2,0.6666666666666666,false,false,1360.8509453
AGGRAVATED,band_aware,25,6,10,3,2,0.6666666666666666,false,false,1360.8509453
AGGRAVATED,band_aware,25,7,10,3,2,0.6666666666666666,false,false,1360.8509453
AGGRAVATED,band_aware,25,8,10,3,3,1,true,false,1360.8509453
AGGRAVATED,confidence_aware,25,4,10,3,1,0.3333333333333333,false,false,1360.8509453
AGGRAVATED,confidence_aware,25,5,10,3,2,0.6666666666666666,false,false,1360.8509453
AGGRAVATED,confidence_aware,25,6,10,3,2,0.6666666666666666,false,false,1360.8509453
AGGRAVATED,confidence_aware,25,7,10,3,2,0.6666666666666666,false,false,1360.8509453
AGGRAVATED,confidence_aware,25,8,10,3,3,1,true,false,1360.8509453
AGGRAVATED,hybrid_regular_cheap,25,4,10,3,1,0.3333333333333333,false,false,1360.8509453
AGGRAVATED,hybrid_regular_cheap,25,5,10,3,2,0.6666666666666666,false,false,1360.8509453
AGGRAVATED,hybrid_regular_cheap,25,6,10,3,2,0.6666666666666666,false,false,1360.8509453
AGGRAVATED,hybrid_regular_cheap,25,7,10,3,2,0.6666666666666666,false,false,1360.8509453
AGGRAVATED,hybrid_regular_cheap,25,8,10,3,3,1,true,false,1360.8509453
AGGRAVATED,low_mean,50,4,10,3,1,0.3333333333333333,false,false,2721.7018906
AGGRAVATED,low_mean,50,5,10,3,1,0.3333333333333333,false,false,2721.7018906
AGGRAVATED,low_mean,50,6,10,3,2,0.6666666666666666,true,false,2721.7018906
AGGRAVATED,low_mean,50,7,10,3,3,1,true,false,2721.7018906
AGGRAVATED,low_mean,50,8,10,3,3,1,true,false,2721.7018906
AGGRAVATED,low_median,50,4,10,3,2,0.6666666666666666,true,false,2721.7018906
AGGRAVATED,low_median,50,5,10,3,2,0.6666666666666666,true,false,2721.7018906
AGGRAVATED,low_median,50,6,10,3,2,0.6666666666666666,true,false,2721.7018906
AGGRAVATED,low_median,50,7,10,3,2,0.6666666666666666,true,false,2721.7018906
AGGRAVATED,low_median,50,8,10,3,2,0.6666666666666666,true,false,2721.7018906
AGGRAVATED,low_gold,50,4,10,3,1,0.3333333333333333,true,false,2721.7018906
AGGRAVATED,low_gold,50,5,10,3,1,0.3333333333333333,true,false,2721.7018906
AGGRAVATED,low_gold,50,6,10,3,1,0.3333333333333333,true,false,2721.7018906
AGGRAVATED,low_gold,50,7,10,3,2,0.6666666666666666,true,false,2721.7018906
AGGRAVATED,low_gold,50,8,10,3,2,0.6666666666666666,true,false,2721.7018906
AGGRAVATED,band_aware,50,4,10,3,1,0.3333333333333333,false,false,2721.7018906
AGGRAVATED,band_aware,50,5,10,3,1,0.3333333333333333,false,false,2721.7018906
AGGRAVATED,band_aware,50,6,10,3,2,0.6666666666666666,true,false,2721.7018906
AGGRAVATED,band_aware,50,7,10,3,3,1,true,false,2721.7018906
AGGRAVATED,band_aware,50,8,10,3,3,1,true,false,2721.7018906
AGGRAVATED,confidence_aware,50,4,10,3,1,0.3333333333333333,false,false,2721.7018906
AGGRAVATED,confidence_aware,50,5,10,3,1,0.3333333333333333,false,false,2721.7018906
AGGRAVATED,confidence_aware,50,6,10,3,2,0.6666666666666666,true,false,2721.7018906
AGGRAVATED,confidence_aware,50,7,10,3,3,1,true,false,2721.7018906
AGGRAVATED,confidence_aware,50,8,10,3,3,1,true,false,2721.7018906
AGGRAVATED,hybrid_regular_cheap,50,4,10,3,1,0.3333333333333333,false,false,2721.7018906
AGGRAVATED,hybrid_regular_cheap,50,5,10,3,1,0.3333333333333333,false,false,2721.7018906
AGGRAVATED,hybrid_regular_cheap,50,6,10,3,2,0.6666666666666666,true,false,2721.7018906
AGGRAVATED,hybrid_regular_cheap,50,7,10,3,3,1,true,false,2721.7018906
AGGRAVATED,hybrid_regular_cheap,50,8,10,3,3,1,true,false,2721.7018906
AGGRAVATED,low_mean,75,4,10,3,1,0.3333333333333333,false,false,4082.5528359000004
AGGRAVATED,low_mean,75,5,10,3,1,0.3333333333333333,false,false,4082.5528359000004
AGGRAVATED,low_mean,75,6,10,3,2,0.6666666666666666,true,false,4082.5528359000004
AGGRAVATED,low_mean,75,7,10,3,2,0.6666666666666666,true,false,4082.5528359000004
AGGRAVATED,low_mean,75,8,10,3,3,1,true,false,4082.5528359000004
AGGRAVATED,low_median,75,4,10,3,1,0.3333333333333333,false,false,4082.5528359000004
AGGRAVATED,low_median,75,5,10,3,1,0.3333333333333333,false,false,4082.5528359000004
AGGRAVATED,low_median,75,6,10,3,2,0.6666666666666666,true,false,4082.5528359000004
AGGRAVATED,low_median,75,7,10,3,2,0.6666666666666666,true,false,4082.5528359000004
AGGRAVATED,low_median,75,8,10,3,2,0.6666666666666666,true,false,4082.5528359000004
AGGRAVATED,low_gold,75,4,10,3,1,0.3333333333333333,true,false,4082.5528359000004
AGGRAVATED,low_gold,75,5,10,3,1,0.3333333333333333,true,false,4082.5528359000004
AGGRAVATED,low_gold,75,6,10,3,1,0.3333333333333333,true,false,4082.5528359000004
AGGRAVATED,low_gold,75,7,10,3,1,0.3333333333333333,true,false,4082.5528359000004
AGGRAVATED,low_gold,75,8,10,3,2,0.6666666666666666,true,false,4082.5528359000004
AGGRAVATED,band_aware,75,4,10,3,1,0.3333333333333333,false,false,4082.5528359000004
AGGRAVATED,band_aware,75,5,10,3,1,0.3333333333333333,false,false,4082.5528359000004
AGGRAVATED,band_aware,75,6,10,3,2,0.6666666666666666,true,false,4082.5528359000004
AGGRAVATED,band_aware,75,7,10,3,2,0.6666666666666666,true,false,4082.5528359000004
AGGRAVATED,band_aware,75,8,10,3,3,1,true,false,4082.5528359000004
AGGRAVATED,confidence_aware,75,4,10,3,1,0.3333333333333333,false,false,4082.5528359000004
AGGRAVATED,confidence_aware,75,5,10,3,1,0.3333333333333333,false,false,4082.5528359000004
AGGRAVATED,confidence_aware,75,6,10,3,2,0.6666666666666666,true,false,4082.5528359000004
AGGRAVATED,confidence_aware,75,7,10,3,2,0.6666666666666666,true,false,4082.5528359000004
AGGRAVATED,confidence_aware,75,8,10,3,3,1,true,false,4082.5528359000004
AGGRAVATED,hybrid_regular_cheap,75,4,10,3,1,0.3333333333333333,false,false,4082.5528359000004
AGGRAVATED,hybrid_regular_cheap,75,5,10,3,1,0.3333333333333333,false,false,4082.5528359000004
AGGRAVATED,hybrid_regular_cheap,75,6,10,3,2,0.6666666666666666,true,false,4082.5528359000004
AGGRAVATED,hybrid_regular_cheap,75,7,10,3,2,0.6666666666666666,true,false,4082.5528359000004
AGGRAVATED,hybrid_regular_cheap,75,8,10,3,3,1,true,false,4082.5528359000004
AGGRAVATED,low_mean,100,4,10,3,2,0.6666666666666666,true,false,5443.4037812
AGGRAVATED,low_mean,100,5,10,3,3,1,true,false,5443.4037812
AGGRAVATED,low_mean,100,6,10,3,3,1,true,false,5443.4037812
AGGRAVATED,low_mean,100,7,10,3,3,1,true,false,5443.4037812
AGGRAVATED,low_mean,100,8,10,3,3,1,true,false,5443.4037812
AGGRAVATED,low_median,100,4,10,3,2,0.6666666666666666,false,false,5443.4037812
AGGRAVATED,low_median,100,5,10,3,3,1,true,false,5443.4037812
AGGRAVATED,low_median,100,6,10,3,3,1,true,false,5443.4037812
AGGRAVATED,low_median,100,7,10,3,3,1,true,false,5443.4037812
AGGRAVATED,low_median,100,8,10,3,3,1,true,false,5443.4037812
AGGRAVATED,low_gold,100,4,10,3,1,0.3333333333333333,true,false,5443.4037812
AGGRAVATED,low_gold,100,5,10,3,1,0.3333333333333333,true,false,5443.4037812
AGGRAVATED,low_gold,100,6,10,3,1,0.3333333333333333,true,false,5443.4037812
AGGRAVATED,low_gold,100,7,10,3,1,0.3333333333333333,true,false,5443.4037812
AGGRAVATED,low_gold,100,8,10,3,2,0.6666666666666666,true,false,5443.4037812
AGGRAVATED,band_aware,100,4,10,3,2,0.6666666666666666,true,false,5443.4037812
AGGRAVATED,band_aware,100,5,10,3,3,1,true,false,5443.4037812
AGGRAVATED,band_aware,100,6,10,3,3,1,true,false,5443.4037812
AGGRAVATED,band_aware,100,7,10,3,3,1,true,false,5443.4037812
AGGRAVATED,band_aware,100,8,10,3,3,1,true,false,5443.4037812
AGGRAVATED,confidence_aware,100,4,10,3,2,0.6666666666666666,true,false,5443.4037812
AGGRAVATED,confidence_aware,100,5,10,3,3,1,true,false,5443.4037812
AGGRAVATED,confidence_aware,100,6,10,3,3,1,true,false,5443.4037812
AGGRAVATED,confidence_aware,100,7,10,3,3,1,true,false,5443.4037812
AGGRAVATED,confidence_aware,100,8,10,3,3,1,true,false,5443.4037812
AGGRAVATED,hybrid_regular_cheap,100,4,10,3,2,0.6666666666666666,true,false,5443.4037812
AGGRAVATED,hybrid_regular_cheap,100,5,10,3,3,1,true,false,5443.4037812
AGGRAVATED,hybrid_regular_cheap,100,6,10,3,3,1,true,false,5443.4037812
AGGRAVATED,hybrid_regular_cheap,100,7,10,3,3,1,true,false,5443.4037812
AGGRAVATED,hybrid_regular_cheap,100,8,10,3,3,1,true,false,5443.4037812
AGGRAVATED,low_mean,150,4,10,3,1,0.3333333333333333,true,false,8165.105671800001
AGGRAVATED,low_mean,150,5,10,3,1,0.3333333333333333,true,false,8165.105671800001
AGGRAVATED,low_mean,150,6,10,3,2,0.6666666666666666,true,false,8165.105671800001
AGGRAVATED,low_mean,150,7,10,3,3,1,true,false,8165.105671800001
AGGRAVATED,low_mean,150,8,10,3,3,1,true,false,8165.105671800001
AGGRAVATED,low_median,150,4,10,3,1,0.3333333333333333,false,false,8165.105671800001
AGGRAVATED,low_median,150,5,10,3,2,0.6666666666666666,false,false,8165.105671800001
AGGRAVATED,low_median,150,6,10,3,3,1,true,false,8165.105671800001
AGGRAVATED,low_median,150,7,10,3,3,1,true,false,8165.105671800001
AGGRAVATED,low_median,150,8,10,3,3,1,true,false,8165.105671800001
AGGRAVATED,low_gold,150,4,10,3,2,0.6666666666666666,false,false,8165.105671800001
AGGRAVATED,low_gold,150,5,10,3,2,0.6666666666666666,false,false,8165.105671800001
AGGRAVATED,low_gold,150,6,10,3,3,1,true,false,8165.105671800001
AGGRAVATED,low_gold,150,7,10,3,3,1,true,false,8165.105671800001
AGGRAVATED,low_gold,150,8,10,3,3,1,true,false,8165.105671800001
AGGRAVATED,band_aware,150,4,10,3,1,0.3333333333333333,true,false,8165.105671800001
AGGRAVATED,band_aware,150,5,10,3,1,0.3333333333333333,true,false,8165.105671800001
AGGRAVATED,band_aware,150,6,10,3,2,0.6666666666666666,true,false,8165.105671800001
AGGRAVATED,band_aware,150,7,10,3,3,1,true,false,8165.105671800001
AGGRAVATED,band_aware,150,8,10,3,3,1,true,false,8165.105671800001
AGGRAVATED,confidence_aware,150,4,10,3,1,0.3333333333333333,true,false,8165.105671800001
AGGRAVATED,confidence_aware,150,5,10,3,1,0.3333333333333333,true,false,8165.105671800001
AGGRAVATED,confidence_aware,150,6,10,3,2,0.6666666666666666,true,false,8165.105671800001
AGGRAVATED,confidence_aware,150,7,10,3,3,1,true,false,8165.105671800001
AGGRAVATED,confidence_aware,150,8,10,3,3,1,true,false,8165.105671800001
AGGRAVATED,hybrid_regular_cheap,150,4,10,3,1,0.3333333333333333,true,false,8165.105671800001
AGGRAVATED,hybrid_regular_cheap,150,5,10,3,1,0.3333333333333333,true,false,8165.105671800001
AGGRAVATED,hybrid_regular_cheap,150,6,10,3,2,0.6666666666666666,true,false,8165.105671800001
AGGRAVATED,hybrid_regular_cheap,150,7,10,3,3,1,true,false,8165.105671800001
AGGRAVATED,hybrid_regular_cheap,150,8,10,3,3,1,true,false,8165.105671800001
AGGRAVATED,low_mean,250,4,10,3,3,1,true,false,13608.509453
AGGRAVATED,low_mean,250,5,10,3,3,1,true,false,13608.509453
AGGRAVATED,low_mean,250,6,10,3,3,1,true,false,13608.509453
AGGRAVATED,low_mean,250,7,10,3,3,1,true,false,13608.509453
AGGRAVATED,low_mean,250,8,10,3,3,1,true,false,13608.509453
AGGRAVATED,low_median,250,4,10,3,2,0.6666666666666666,false,false,13608.509453
AGGRAVATED,low_median,250,5,10,3,2,0.6666666666666666,false,false,13608.509453
AGGRAVATED,low_median,250,6,10,3,2,0.6666666666666666,false,false,13608.509453
AGGRAVATED,low_median,250,7,10,3,3,1,true,false,13608.509453
AGGRAVATED,low_median,250,8,10,3,3,1,true,false,13608.509453
AGGRAVATED,low_gold,250,4,10,3,1,0.3333333333333333,false,false,13608.509453
AGGRAVATED,low_gold,250,5,10,3,1,0.3333333333333333,false,false,13608.509453
AGGRAVATED,low_gold,250,6,10,3,2,0.6666666666666666,true,false,13608.509453
AGGRAVATED,low_gold,250,7,10,3,3,1,true,false,13608.509453
AGGRAVATED,low_gold,250,8,10,3,3,1,true,false,13608.509453
AGGRAVATED,band_aware,250,4,10,3,3,1,true,false,13608.509453
AGGRAVATED,band_aware,250,5,10,3,3,1,true,false,13608.509453
AGGRAVATED,band_aware,250,6,10,3,3,1,true,false,13608.509453
AGGRAVATED,band_aware,250,7,10,3,3,1,true,false,13608.509453
AGGRAVATED,band_aware,250,8,10,3,3,1,true,false,13608.509453
AGGRAVATED,confidence_aware,250,4,10,3,3,1,true,false,13608.509453
AGGRAVATED,confidence_aware,250,5,10,3,3,1,true,false,13608.509453
AGGRAVATED,confidence_aware,250,6,10,3,3,1,true,false,13608.509453
AGGRAVATED,confidence_aware,250,7,10,3,3,1,true,false,13608.509453
AGGRAVATED,confidence_aware,250,8,10,3,3,1,true,false,13608.509453
AGGRAVATED,hybrid_regular_cheap,250,4,10,3,3,1,true,false,13608.509453
AGGRAVATED,hybrid_regular_cheap,250,5,10,3,3,1,true,false,13608.509453
AGGRAVATED,hybrid_regular_cheap,250,6,10,3,3,1,true,false,13608.509453
AGGRAVATED,hybrid_regular_cheap,250,7,10,3,3,1,true,false,13608.509453
AGGRAVATED,hybrid_regular_cheap,250,8,10,3,3,1,true,false,13608.509453
AGGRAVATED,low_mean_frontier,25,5,10,3,2,0.6666666666666666,false,false,1360.8509453
AGGRAVATED,low_mean_frontier,50,5,10,3,1,0.3333333333333333,false,false,2721.7018906
AGGRAVATED,low_mean_frontier,75,5,10,3,1,0.3333333333333333,false,false,4082.5528359000004
AGGRAVATED,low_mean_frontier,100,5,10,3,3,1,true,false,5443.4037812
AGGRAVATED,low_mean_frontier,150,5,10,3,1,0.3333333333333333,true,false,8165.105671800001
AGGRAVATED,low_mean_frontier,250,5,10,3,3,1,true,false,13608.509453
AFTERTASTE,low_mean,25,4,10,3,1,0.3333333333333333,true,false,1440.5399783
AFTERTASTE,low_mean,25,5,10,3,1,0.3333333333333333,true,false,1440.5399783
AFTERTASTE,low_mean,25,6,10,3,2,0.6666666666666666,true,false,1440.5399783
AFTERTASTE,low_mean,25,7,10,3,2,0.6666666666666666,true,false,1440.5399783
AFTERTASTE,low_mean,25,8,10,3,3,1,true,false,1440.5399783
AFTERTASTE,low_median,25,4,10,3,2,0.6666666666666666,true,false,1440.5399783
AFTERTASTE,low_median,25,5,10,3,2,0.6666666666666666,true,false,1440.5399783
AFTERTASTE,low_median,25,6,10,3,2,0.6666666666666666,true,false,1440.5399783
AFTERTASTE,low_median,25,7,10,3,3,1,true,false,1440.5399783
AFTERTASTE,low_median,25,8,10,3,3,1,true,false,1440.5399783
AFTERTASTE,low_gold,25,4,10,3,1,0.3333333333333333,true,false,1440.5399783
AFTERTASTE,low_gold,25,5,10,3,1,0.3333333333333333,true,false,1440.5399783
AFTERTASTE,low_gold,25,6,10,3,1,0.3333333333333333,true,false,1440.5399783
AFTERTASTE,low_gold,25,7,10,3,1,0.3333333333333333,true,false,1440.5399783
AFTERTASTE,low_gold,25,8,10,3,1,0.3333333333333333,true,false,1440.5399783
AFTERTASTE,band_aware,25,4,10,3,1,0.3333333333333333,true,false,1440.5399783
AFTERTASTE,band_aware,25,5,10,3,1,0.3333333333333333,true,false,1440.5399783
AFTERTASTE,band_aware,25,6,10,3,2,0.6666666666666666,true,false,1440.5399783
AFTERTASTE,band_aware,25,7,10,3,2,0.6666666666666666,true,false,1440.5399783
AFTERTASTE,band_aware,25,8,10,3,3,1,true,false,1440.5399783
AFTERTASTE,confidence_aware,25,4,10,3,1,0.3333333333333333,true,false,1440.5399783
AFTERTASTE,confidence_aware,25,5,10,3,1,0.3333333333333333,true,false,1440.5399783
AFTERTASTE,confidence_aware,25,6,10,3,2,0.6666666666666666,true,false,1440.5399783
AFTERTASTE,confidence_aware,25,7,10,3,2,0.6666666666666666,true,false,1440.5399783
AFTERTASTE,confidence_aware,25,8,10,3,3,1,true,false,1440.5399783
AFTERTASTE,hybrid_regular_cheap,25,4,10,3,1,0.3333333333333333,true,false,1440.5399783
AFTERTASTE,hybrid_regular_cheap,25,5,10,3,1,0.3333333333333333,true,false,1440.5399783
AFTERTASTE,hybrid_regular_cheap,25,6,10,3,2,0.6666666666666666,true,false,1440.5399783
AFTERTASTE,hybrid_regular_cheap,25,7,10,3,2,0.6666666666666666,true,false,1440.5399783
AFTERTASTE,hybrid_regular_cheap,25,8,10,3,3,1,true,false,1440.5399783
AFTERTASTE,low_mean,50,4,10,3,2,0.6666666666666666,true,false,2881.0799566
AFTERTASTE,low_mean,50,5,10,3,3,1,true,false,2881.0799566
AFTERTASTE,low_mean,50,6,10,3,3,1,true,false,2881.0799566
AFTERTASTE,low_mean,50,7,10,3,3,1,true,false,2881.0799566
AFTERTASTE,low_mean,50,8,10,3,3,1,true,false,2881.0799566
AFTERTASTE,low_median,50,4,10,3,3,1,true,false,2881.0799566
AFTERTASTE,low_median,50,5,10,3,3,1,true,false,2881.0799566
AFTERTASTE,low_median,50,6,10,3,3,1,true,false,2881.0799566
AFTERTASTE,low_median,50,7,10,3,3,1,true,false,2881.0799566
AFTERTASTE,low_median,50,8,10,3,3,1,true,false,2881.0799566
AFTERTASTE,low_gold,50,4,10,3,1,0.3333333333333333,true,false,2881.0799566
AFTERTASTE,low_gold,50,5,10,3,2,0.6666666666666666,true,false,2881.0799566
AFTERTASTE,low_gold,50,6,10,3,3,1,true,false,2881.0799566
AFTERTASTE,low_gold,50,7,10,3,3,1,true,false,2881.0799566
AFTERTASTE,low_gold,50,8,10,3,3,1,true,false,2881.0799566
AFTERTASTE,band_aware,50,4,10,3,2,0.6666666666666666,true,false,2881.0799566
AFTERTASTE,band_aware,50,5,10,3,3,1,true,false,2881.0799566
AFTERTASTE,band_aware,50,6,10,3,3,1,true,false,2881.0799566
AFTERTASTE,band_aware,50,7,10,3,3,1,true,false,2881.0799566
AFTERTASTE,band_aware,50,8,10,3,3,1,true,false,2881.0799566
AFTERTASTE,confidence_aware,50,4,10,3,2,0.6666666666666666,true,false,2881.0799566
AFTERTASTE,confidence_aware,50,5,10,3,3,1,true,false,2881.0799566
AFTERTASTE,confidence_aware,50,6,10,3,3,1,true,false,2881.0799566
AFTERTASTE,confidence_aware,50,7,10,3,3,1,true,false,2881.0799566
AFTERTASTE,confidence_aware,50,8,10,3,3,1,true,false,2881.0799566
AFTERTASTE,hybrid_regular_cheap,50,4,10,3,2,0.6666666666666666,true,false,2881.0799566
AFTERTASTE,hybrid_regular_cheap,50,5,10,3,3,1,true,false,2881.0799566
AFTERTASTE,hybrid_regular_cheap,50,6,10,3,3,1,true,false,2881.0799566
AFTERTASTE,hybrid_regular_cheap,50,7,10,3,3,1,true,false,2881.0799566
AFTERTASTE,hybrid_regular_cheap,50,8,10,3,3,1,true,false,2881.0799566
AFTERTASTE,low_mean,75,4,10,3,2,0.6666666666666666,true,false,4321.619934900001
AFTERTASTE,low_mean,75,5,10,3,3,1,true,false,4321.619934900001
AFTERTASTE,low_mean,75,6,10,3,3,1,true,false,4321.619934900001
AFTERTASTE,low_mean,75,7,10,3,3,1,true,false,4321.619934900001
AFTERTASTE,low_mean,75,8,10,3,3,1,true,false,4321.619934900001
AFTERTASTE,low_median,75,4,10,3,1,0.3333333333333333,true,false,4321.619934900001
AFTERTASTE,low_median,75,5,10,3,1,0.3333333333333333,true,false,4321.619934900001
AFTERTASTE,low_median,75,6,10,3,2,0.6666666666666666,true,false,4321.619934900001
AFTERTASTE,low_median,75,7,10,3,2,0.6666666666666666,true,false,4321.619934900001
AFTERTASTE,low_median,75,8,10,3,2,0.6666666666666666,true,false,4321.619934900001
AFTERTASTE,low_gold,75,4,10,3,2,0.6666666666666666,true,false,4321.619934900001
AFTERTASTE,low_gold,75,5,10,3,2,0.6666666666666666,true,false,4321.619934900001
AFTERTASTE,low_gold,75,6,10,3,3,1,true,false,4321.619934900001
AFTERTASTE,low_gold,75,7,10,3,3,1,true,false,4321.619934900001
AFTERTASTE,low_gold,75,8,10,3,3,1,true,false,4321.619934900001
AFTERTASTE,band_aware,75,4,10,3,3,1,true,false,4321.619934900001
AFTERTASTE,band_aware,75,5,10,3,3,1,true,false,4321.619934900001
AFTERTASTE,band_aware,75,6,10,3,3,1,true,false,4321.619934900001
AFTERTASTE,band_aware,75,7,10,3,3,1,true,false,4321.619934900001
AFTERTASTE,band_aware,75,8,10,3,3,1,true,false,4321.619934900001
AFTERTASTE,confidence_aware,75,4,10,3,2,0.6666666666666666,true,false,4321.619934900001
AFTERTASTE,confidence_aware,75,5,10,3,3,1,true,false,4321.619934900001
AFTERTASTE,confidence_aware,75,6,10,3,3,1,true,false,4321.619934900001
AFTERTASTE,confidence_aware,75,7,10,3,3,1,true,false,4321.619934900001
AFTERTASTE,confidence_aware,75,8,10,3,3,1,true,false,4321.619934900001
AFTERTASTE,hybrid_regular_cheap,75,4,10,3,2,0.6666666666666666,true,false,4321.619934900001
AFTERTASTE,hybrid_regular_cheap,75,5,10,3,3,1,true,false,4321.619934900001
AFTERTASTE,hybrid_regular_cheap,75,6,10,3,3,1,true,false,4321.619934900001
AFTERTASTE,hybrid_regular_cheap,75,7,10,3,3,1,true,false,4321.619934900001
AFTERTASTE,hybrid_regular_cheap,75,8,10,3,3,1,true,false,4321.619934900001
AFTERTASTE,low_mean,100,4,10,3,3,1,true,false,5762.1599132
AFTERTASTE,low_mean,100,5,10,3,3,1,true,false,5762.1599132
AFTERTASTE,low_mean,100,6,10,3,3,1,true,false,5762.1599132
AFTERTASTE,low_mean,100,7,10,3,3,1,true,false,5762.1599132
AFTERTASTE,low_mean,100,8,10,3,3,1,true,false,5762.1599132
AFTERTASTE,low_median,100,4,10,3,1,0.3333333333333333,false,false,5762.1599132
AFTERTASTE,low_median,100,5,10,3,1,0.3333333333333333,false,false,5762.1599132
AFTERTASTE,low_median,100,6,10,3,1,0.3333333333333333,false,false,5762.1599132
AFTERTASTE,low_median,100,7,10,3,2,0.6666666666666666,true,false,5762.1599132
AFTERTASTE,low_median,100,8,10,3,3,1,true,false,5762.1599132
AFTERTASTE,low_gold,100,4,10,3,1,0.3333333333333333,false,false,5762.1599132
AFTERTASTE,low_gold,100,5,10,3,1,0.3333333333333333,false,false,5762.1599132
AFTERTASTE,low_gold,100,6,10,3,2,0.6666666666666666,true,false,5762.1599132
AFTERTASTE,low_gold,100,7,10,3,2,0.6666666666666666,true,false,5762.1599132
AFTERTASTE,low_gold,100,8,10,3,3,1,true,false,5762.1599132
AFTERTASTE,band_aware,100,4,10,3,3,1,true,false,5762.1599132
AFTERTASTE,band_aware,100,5,10,3,3,1,true,false,5762.1599132
AFTERTASTE,band_aware,100,6,10,3,3,1,true,false,5762.1599132
AFTERTASTE,band_aware,100,7,10,3,3,1,true,false,5762.1599132
AFTERTASTE,band_aware,100,8,10,3,3,1,true,false,5762.1599132
AFTERTASTE,confidence_aware,100,4,10,3,3,1,true,false,5762.1599132
AFTERTASTE,confidence_aware,100,5,10,3,3,1,true,false,5762.1599132
AFTERTASTE,confidence_aware,100,6,10,3,3,1,true,false,5762.1599132
AFTERTASTE,confidence_aware,100,7,10,3,3,1,true,false,5762.1599132
AFTERTASTE,confidence_aware,100,8,10,3,3,1,true,false,5762.1599132
AFTERTASTE,hybrid_regular_cheap,100,4,10,3,3,1,true,false,5762.1599132
AFTERTASTE,hybrid_regular_cheap,100,5,10,3,3,1,true,false,5762.1599132
AFTERTASTE,hybrid_regular_cheap,100,6,10,3,3,1,true,false,5762.1599132
AFTERTASTE,hybrid_regular_cheap,100,7,10,3,3,1,true,false,5762.1599132
AFTERTASTE,hybrid_regular_cheap,100,8,10,3,3,1,true,false,5762.1599132
AFTERTASTE,low_mean,150,4,10,3,3,1,true,false,8643.239869800002
AFTERTASTE,low_mean,150,5,10,3,3,1,true,false,8643.239869800002
AFTERTASTE,low_mean,150,6,10,3,3,1,true,false,8643.239869800002
AFTERTASTE,low_mean,150,7,10,3,3,1,true,false,8643.239869800002
AFTERTASTE,low_mean,150,8,10,3,3,1,true,false,8643.239869800002
AFTERTASTE,low_median,150,4,10,3,1,0.3333333333333333,true,false,8643.239869800002
AFTERTASTE,low_median,150,5,10,3,1,0.3333333333333333,true,false,8643.239869800002
AFTERTASTE,low_median,150,6,10,3,2,0.6666666666666666,true,false,8643.239869800002
AFTERTASTE,low_median,150,7,10,3,2,0.6666666666666666,true,false,8643.239869800002
AFTERTASTE,low_median,150,8,10,3,3,1,true,false,8643.239869800002
AFTERTASTE,low_gold,150,4,10,3,1,0.3333333333333333,true,false,8643.239869800002
AFTERTASTE,low_gold,150,5,10,3,1,0.3333333333333333,true,false,8643.239869800002
AFTERTASTE,low_gold,150,6,10,3,2,0.6666666666666666,true,false,8643.239869800002
AFTERTASTE,low_gold,150,7,10,3,3,1,true,false,8643.239869800002
AFTERTASTE,low_gold,150,8,10,3,3,1,true,false,8643.239869800002
AFTERTASTE,band_aware,150,4,10,3,3,1,true,false,8643.239869800002
AFTERTASTE,band_aware,150,5,10,3,3,1,true,false,8643.239869800002
AFTERTASTE,band_aware,150,6,10,3,3,1,true,false,8643.239869800002
AFTERTASTE,band_aware,150,7,10,3,3,1,true,false,8643.239869800002
AFTERTASTE,band_aware,150,8,10,3,3,1,true,false,8643.239869800002
AFTERTASTE,confidence_aware,150,4,10,3,3,1,true,false,8643.239869800002
AFTERTASTE,confidence_aware,150,5,10,3,3,1,true,false,8643.239869800002
AFTERTASTE,confidence_aware,150,6,10,3,3,1,true,false,8643.239869800002
AFTERTASTE,confidence_aware,150,7,10,3,3,1,true,false,8643.239869800002
AFTERTASTE,confidence_aware,150,8,10,3,3,1,true,false,8643.239869800002
AFTERTASTE,hybrid_regular_cheap,150,4,10,3,3,1,true,false,8643.239869800002
AFTERTASTE,hybrid_regular_cheap,150,5,10,3,3,1,true,false,8643.239869800002
AFTERTASTE,hybrid_regular_cheap,150,6,10,3,3,1,true,false,8643.239869800002
AFTERTASTE,hybrid_regular_cheap,150,7,10,3,3,1,true,false,8643.239869800002
AFTERTASTE,hybrid_regular_cheap,150,8,10,3,3,1,true,false,8643.239869800002
AFTERTASTE,low_mean,250,4,10,3,3,1,true,false,14405.399782999999
AFTERTASTE,low_mean,250,5,10,3,3,1,true,false,14405.399782999999
AFTERTASTE,low_mean,250,6,10,3,3,1,true,false,14405.399782999999
AFTERTASTE,low_mean,250,7,10,3,3,1,true,false,14405.399782999999
AFTERTASTE,low_mean,250,8,10,3,3,1,true,false,14405.399782999999
AFTERTASTE,low_median,250,4,10,3,2,0.6666666666666666,true,false,14405.399782999999
AFTERTASTE,low_median,250,5,10,3,2,0.6666666666666666,true,false,14405.399782999999
AFTERTASTE,low_median,250,6,10,3,2,0.6666666666666666,true,false,14405.399782999999
AFTERTASTE,low_median,250,7,10,3,2,0.6666666666666666,true,false,14405.399782999999
AFTERTASTE,low_median,250,8,10,3,3,1,true,false,14405.399782999999
AFTERTASTE,low_gold,250,4,10,3,1,0.3333333333333333,false,false,14405.399782999999
AFTERTASTE,low_gold,250,5,10,3,2,0.6666666666666666,true,false,14405.399782999999
AFTERTASTE,low_gold,250,6,10,3,3,1,true,false,14405.399782999999
AFTERTASTE,low_gold,250,7,10,3,3,1,true,false,14405.399782999999
AFTERTASTE,low_gold,250,8,10,3,3,1,true,false,14405.399782999999
AFTERTASTE,band_aware,250,4,10,3,3,1,true,false,14405.399782999999
AFTERTASTE,band_aware,250,5,10,3,3,1,true,false,14405.399782999999
AFTERTASTE,band_aware,250,6,10,3,3,1,true,false,14405.399782999999
AFTERTASTE,band_aware,250,7,10,3,3,1,true,false,14405.399782999999
AFTERTASTE,band_aware,250,8,10,3,3,1,true,false,14405.399782999999
AFTERTASTE,confidence_aware,250,4,10,3,3,1,true,false,14405.399782999999
AFTERTASTE,confidence_aware,250,5,10,3,3,1,true,false,14405.399782999999
AFTERTASTE,confidence_aware,250,6,10,3,3,1,true,false,14405.399782999999
AFTERTASTE,confidence_aware,250,7,10,3,3,1,true,false,14405.399782999999
AFTERTASTE,confidence_aware,250,8,10,3,3,1,true,false,14405.399782999999
AFTERTASTE,hybrid_regular_cheap,250,4,10,3,3,1,true,false,14405.399782999999
AFTERTASTE,hybrid_regular_cheap,250,5,10,3,3,1,true,false,14405.399782999999
AFTERTASTE,hybrid_regular_cheap,250,6,10,3,3,1,true,false,14405.399782999999
AFTERTASTE,hybrid_regular_cheap,250,7,10,3,3,1,true,false,14405.399782999999
AFTERTASTE,hybrid_regular_cheap,250,8,10,3,3,1,true,false,14405.399782999999
AFTERTASTE,low_mean_frontier,25,5,10,3,1,0.3333333333333333,true,false,1440.5399783
AFTERTASTE,low_mean_frontier,50,5,10,3,3,1,true,false,2881.0799566
AFTERTASTE,low_mean_frontier,75,5,10,3,3,1,true,false,4321.619934900001
AFTERTASTE,low_mean_frontier,100,5,10,3,3,1,true,false,5762.1599132
AFTERTASTE,low_mean_frontier,150,5,10,3,3,1,true,false,8643.239869800002
AFTERTASTE,low_mean_frontier,250,5,10,3,3,1,true,false,14405.399782999999
AFFORDABLE,low_mean,25,4,10,3,1,0.3333333333333333,true,false,1424.3255483
AFFORDABLE,low_mean,25,5,10,3,2,0.6666666666666666,true,false,1424.3255483
AFFORDABLE,low_mean,25,6,10,3,2,0.6666666666666666,true,false,1424.3255483
AFFORDABLE,low_mean,25,7,10,3,2,0.6666666666666666,true,false,1424.3255483
AFFORDABLE,low_mean,25,8,10,3,2,0.6666666666666666,true,false,1424.3255483
AFFORDABLE,low_median,25,4,10,3,1,0.3333333333333333,false,false,1424.3255483
AFFORDABLE,low_median,25,5,10,3,1,0.3333333333333333,false,false,1424.3255483
AFFORDABLE,low_median,25,6,10,3,1,0.3333333333333333,false,false,1424.3255483
AFFORDABLE,low_median,25,7,10,3,2,0.6666666666666666,false,false,1424.3255483
AFFORDABLE,low_median,25,8,10,3,2,0.6666666666666666,false,false,1424.3255483
AFFORDABLE,low_gold,25,4,10,3,1,0.3333333333333333,false,false,1424.3255483
AFFORDABLE,low_gold,25,5,10,3,1,0.3333333333333333,false,false,1424.3255483
AFFORDABLE,low_gold,25,6,10,3,1,0.3333333333333333,false,false,1424.3255483
AFFORDABLE,low_gold,25,7,10,3,2,0.6666666666666666,false,false,1424.3255483
AFFORDABLE,low_gold,25,8,10,3,3,1,true,false,1424.3255483
AFFORDABLE,band_aware,25,4,10,3,1,0.3333333333333333,true,false,1424.3255483
AFFORDABLE,band_aware,25,5,10,3,2,0.6666666666666666,true,false,1424.3255483
AFFORDABLE,band_aware,25,6,10,3,2,0.6666666666666666,true,false,1424.3255483
AFFORDABLE,band_aware,25,7,10,3,2,0.6666666666666666,true,false,1424.3255483
AFFORDABLE,band_aware,25,8,10,3,2,0.6666666666666666,true,false,1424.3255483
AFFORDABLE,confidence_aware,25,4,10,3,1,0.3333333333333333,true,false,1424.3255483
AFFORDABLE,confidence_aware,25,5,10,3,2,0.6666666666666666,true,false,1424.3255483
AFFORDABLE,confidence_aware,25,6,10,3,2,0.6666666666666666,true,false,1424.3255483
AFFORDABLE,confidence_aware,25,7,10,3,2,0.6666666666666666,true,false,1424.3255483
AFFORDABLE,confidence_aware,25,8,10,3,2,0.6666666666666666,true,false,1424.3255483
AFFORDABLE,hybrid_regular_cheap,25,4,10,3,1,0.3333333333333333,true,false,1424.3255483
AFFORDABLE,hybrid_regular_cheap,25,5,10,3,2,0.6666666666666666,true,false,1424.3255483
AFFORDABLE,hybrid_regular_cheap,25,6,10,3,2,0.6666666666666666,true,false,1424.3255483
AFFORDABLE,hybrid_regular_cheap,25,7,10,3,2,0.6666666666666666,true,false,1424.3255483
AFFORDABLE,hybrid_regular_cheap,25,8,10,3,2,0.6666666666666666,true,false,1424.3255483
AFFORDABLE,low_mean,50,4,10,3,2,0.6666666666666666,true,false,2848.6510966
AFFORDABLE,low_mean,50,5,10,3,2,0.6666666666666666,true,false,2848.6510966
AFFORDABLE,low_mean,50,6,10,3,2,0.6666666666666666,true,false,2848.6510966
AFFORDABLE,low_mean,50,7,10,3,2,0.6666666666666666,true,false,2848.6510966
AFFORDABLE,low_mean,50,8,10,3,2,0.6666666666666666,true,false,2848.6510966
AFFORDABLE,low_median,50,4,10,3,1,0.3333333333333333,true,false,2848.6510966
AFFORDABLE,low_median,50,5,10,3,2,0.6666666666666666,true,false,2848.6510966
AFFORDABLE,low_median,50,6,10,3,3,1,true,false,2848.6510966
AFFORDABLE,low_median,50,7,10,3,3,1,true,false,2848.6510966
AFFORDABLE,low_median,50,8,10,3,3,1,true,false,2848.6510966
AFFORDABLE,low_gold,50,4,10,3,3,1,true,false,2848.6510966
AFFORDABLE,low_gold,50,5,10,3,3,1,true,false,2848.6510966
AFFORDABLE,low_gold,50,6,10,3,3,1,true,false,2848.6510966
AFFORDABLE,low_gold,50,7,10,3,3,1,true,false,2848.6510966
AFFORDABLE,low_gold,50,8,10,3,3,1,true,false,2848.6510966
AFFORDABLE,band_aware,50,4,10,3,2,0.6666666666666666,true,false,2848.6510966
AFFORDABLE,band_aware,50,5,10,3,2,0.6666666666666666,true,false,2848.6510966
AFFORDABLE,band_aware,50,6,10,3,2,0.6666666666666666,true,false,2848.6510966
AFFORDABLE,band_aware,50,7,10,3,2,0.6666666666666666,true,false,2848.6510966
AFFORDABLE,band_aware,50,8,10,3,2,0.6666666666666666,true,false,2848.6510966
AFFORDABLE,confidence_aware,50,4,10,3,2,0.6666666666666666,true,false,2848.6510966
AFFORDABLE,confidence_aware,50,5,10,3,2,0.6666666666666666,true,false,2848.6510966
AFFORDABLE,confidence_aware,50,6,10,3,2,0.6666666666666666,true,false,2848.6510966
AFFORDABLE,confidence_aware,50,7,10,3,2,0.6666666666666666,true,false,2848.6510966
AFFORDABLE,confidence_aware,50,8,10,3,2,0.6666666666666666,true,false,2848.6510966
AFFORDABLE,hybrid_regular_cheap,50,4,10,3,2,0.6666666666666666,true,false,2848.6510966
AFFORDABLE,hybrid_regular_cheap,50,5,10,3,2,0.6666666666666666,true,false,2848.6510966
AFFORDABLE,hybrid_regular_cheap,50,6,10,3,2,0.6666666666666666,true,false,2848.6510966
AFFORDABLE,hybrid_regular_cheap,50,7,10,3,2,0.6666666666666666,true,false,2848.6510966
AFFORDABLE,hybrid_regular_cheap,50,8,10,3,2,0.6666666666666666,true,false,2848.6510966
AFFORDABLE,low_mean,75,4,10,3,2,0.6666666666666666,true,false,4272.976644900001
AFFORDABLE,low_mean,75,5,10,3,2,0.6666666666666666,true,false,4272.976644900001
AFFORDABLE,low_mean,75,6,10,3,3,1,true,false,4272.976644900001
AFFORDABLE,low_mean,75,7,10,3,3,1,true,false,4272.976644900001
AFFORDABLE,low_mean,75,8,10,3,3,1,true,false,4272.976644900001
AFFORDABLE,low_median,75,4,10,3,3,1,true,false,4272.976644900001
AFFORDABLE,low_median,75,5,10,3,3,1,true,false,4272.976644900001
AFFORDABLE,low_median,75,6,10,3,3,1,true,false,4272.976644900001
AFFORDABLE,low_median,75,7,10,3,3,1,true,false,4272.976644900001
AFFORDABLE,low_median,75,8,10,3,3,1,true,false,4272.976644900001
AFFORDABLE,low_gold,75,4,10,3,2,0.6666666666666666,true,false,4272.976644900001
AFFORDABLE,low_gold,75,5,10,3,2,0.6666666666666666,true,false,4272.976644900001
AFFORDABLE,low_gold,75,6,10,3,2,0.6666666666666666,true,false,4272.976644900001
AFFORDABLE,low_gold,75,7,10,3,3,1,true,false,4272.976644900001
AFFORDABLE,low_gold,75,8,10,3,3,1,true,false,4272.976644900001
AFFORDABLE,band_aware,75,4,10,3,2,0.6666666666666666,true,false,4272.976644900001
AFFORDABLE,band_aware,75,5,10,3,2,0.6666666666666666,true,false,4272.976644900001
AFFORDABLE,band_aware,75,6,10,3,3,1,true,false,4272.976644900001
AFFORDABLE,band_aware,75,7,10,3,3,1,true,false,4272.976644900001
AFFORDABLE,band_aware,75,8,10,3,3,1,true,false,4272.976644900001
AFFORDABLE,confidence_aware,75,4,10,3,2,0.6666666666666666,true,false,4272.976644900001
AFFORDABLE,confidence_aware,75,5,10,3,2,0.6666666666666666,true,false,4272.976644900001
AFFORDABLE,confidence_aware,75,6,10,3,3,1,true,false,4272.976644900001
AFFORDABLE,confidence_aware,75,7,10,3,3,1,true,false,4272.976644900001
AFFORDABLE,confidence_aware,75,8,10,3,3,1,true,false,4272.976644900001
AFFORDABLE,hybrid_regular_cheap,75,4,10,3,2,0.6666666666666666,true,false,4272.976644900001
AFFORDABLE,hybrid_regular_cheap,75,5,10,3,2,0.6666666666666666,true,false,4272.976644900001
AFFORDABLE,hybrid_regular_cheap,75,6,10,3,3,1,true,false,4272.976644900001
AFFORDABLE,hybrid_regular_cheap,75,7,10,3,3,1,true,false,4272.976644900001
AFFORDABLE,hybrid_regular_cheap,75,8,10,3,3,1,true,false,4272.976644900001
AFFORDABLE,low_mean,100,4,10,3,3,1,true,false,5697.3021932
AFFORDABLE,low_mean,100,5,10,3,3,1,true,false,5697.3021932
AFFORDABLE,low_mean,100,6,10,3,3,1,true,false,5697.3021932
AFFORDABLE,low_mean,100,7,10,3,3,1,true,false,5697.3021932
AFFORDABLE,low_mean,100,8,10,3,3,1,true,false,5697.3021932
AFFORDABLE,low_median,100,4,10,3,3,1,true,false,5697.3021932
AFFORDABLE,low_median,100,5,10,3,3,1,true,false,5697.3021932
AFFORDABLE,low_median,100,6,10,3,3,1,true,false,5697.3021932
AFFORDABLE,low_median,100,7,10,3,3,1,true,false,5697.3021932
AFFORDABLE,low_median,100,8,10,3,3,1,true,false,5697.3021932
AFFORDABLE,low_gold,100,4,10,3,2,0.6666666666666666,false,false,5697.3021932
AFFORDABLE,low_gold,100,5,10,3,2,0.6666666666666666,false,false,5697.3021932
AFFORDABLE,low_gold,100,6,10,3,3,1,true,false,5697.3021932
AFFORDABLE,low_gold,100,7,10,3,3,1,true,false,5697.3021932
AFFORDABLE,low_gold,100,8,10,3,3,1,true,false,5697.3021932
AFFORDABLE,band_aware,100,4,10,3,3,1,true,false,5697.3021932
AFFORDABLE,band_aware,100,5,10,3,3,1,true,false,5697.3021932
AFFORDABLE,band_aware,100,6,10,3,3,1,true,false,5697.3021932
AFFORDABLE,band_aware,100,7,10,3,3,1,true,false,5697.3021932
AFFORDABLE,band_aware,100,8,10,3,3,1,true,false,5697.3021932
AFFORDABLE,confidence_aware,100,4,10,3,3,1,true,false,5697.3021932
AFFORDABLE,confidence_aware,100,5,10,3,3,1,true,false,5697.3021932
AFFORDABLE,confidence_aware,100,6,10,3,3,1,true,false,5697.3021932
AFFORDABLE,confidence_aware,100,7,10,3,3,1,true,false,5697.3021932
AFFORDABLE,confidence_aware,100,8,10,3,3,1,true,false,5697.3021932
AFFORDABLE,hybrid_regular_cheap,100,4,10,3,3,1,true,false,5697.3021932
AFFORDABLE,hybrid_regular_cheap,100,5,10,3,3,1,true,false,5697.3021932
AFFORDABLE,hybrid_regular_cheap,100,6,10,3,3,1,true,false,5697.3021932
AFFORDABLE,hybrid_regular_cheap,100,7,10,3,3,1,true,false,5697.3021932
AFFORDABLE,hybrid_regular_cheap,100,8,10,3,3,1,true,false,5697.3021932
AFFORDABLE,low_mean,150,4,10,3,2,0.6666666666666666,true,false,8545.953289800002
AFFORDABLE,low_mean,150,5,10,3,2,0.6666666666666666,true,false,8545.953289800002
AFFORDABLE,low_mean,150,6,10,3,3,1,true,false,8545.953289800002
AFFORDABLE,low_mean,150,7,10,3,3,1,true,false,8545.953289800002
AFFORDABLE,low_mean,150,8,10,3,3,1,true,false,8545.953289800002
AFFORDABLE,low_median,150,4,10,3,3,1,true,false,8545.953289800002
AFFORDABLE,low_median,150,5,10,3,3,1,true,false,8545.953289800002
AFFORDABLE,low_median,150,6,10,3,3,1,true,false,8545.953289800002
AFFORDABLE,low_median,150,7,10,3,3,1,true,false,8545.953289800002
AFFORDABLE,low_median,150,8,10,3,3,1,true,false,8545.953289800002
AFFORDABLE,low_gold,150,4,10,3,1,0.3333333333333333,false,false,8545.953289800002
AFFORDABLE,low_gold,150,5,10,3,2,0.6666666666666666,true,false,8545.953289800002
AFFORDABLE,low_gold,150,6,10,3,3,1,true,false,8545.953289800002
AFFORDABLE,low_gold,150,7,10,3,3,1,true,false,8545.953289800002
AFFORDABLE,low_gold,150,8,10,3,3,1,true,false,8545.953289800002
AFFORDABLE,band_aware,150,4,10,3,1,0.3333333333333333,true,false,8545.953289800002
AFFORDABLE,band_aware,150,5,10,3,2,0.6666666666666666,true,false,8545.953289800002
AFFORDABLE,band_aware,150,6,10,3,3,1,true,false,8545.953289800002
AFFORDABLE,band_aware,150,7,10,3,3,1,true,false,8545.953289800002
AFFORDABLE,band_aware,150,8,10,3,3,1,true,false,8545.953289800002
AFFORDABLE,confidence_aware,150,4,10,3,2,0.6666666666666666,true,false,8545.953289800002
AFFORDABLE,confidence_aware,150,5,10,3,2,0.6666666666666666,true,false,8545.953289800002
AFFORDABLE,confidence_aware,150,6,10,3,3,1,true,false,8545.953289800002
AFFORDABLE,confidence_aware,150,7,10,3,3,1,true,false,8545.953289800002
AFFORDABLE,confidence_aware,150,8,10,3,3,1,true,false,8545.953289800002
AFFORDABLE,hybrid_regular_cheap,150,4,10,3,2,0.6666666666666666,true,false,8545.953289800002
AFFORDABLE,hybrid_regular_cheap,150,5,10,3,2,0.6666666666666666,true,false,8545.953289800002
AFFORDABLE,hybrid_regular_cheap,150,6,10,3,3,1,true,false,8545.953289800002
AFFORDABLE,hybrid_regular_cheap,150,7,10,3,3,1,true,false,8545.953289800002
AFFORDABLE,hybrid_regular_cheap,150,8,10,3,3,1,true,false,8545.953289800002
AFFORDABLE,low_mean,250,4,10,3,3,1,true,false,14243.255483
AFFORDABLE,low_mean,250,5,10,3,3,1,true,false,14243.255483
AFFORDABLE,low_mean,250,6,10,3,3,1,true,false,14243.255483
AFFORDABLE,low_mean,250,7,10,3,3,1,true,false,14243.255483
AFFORDABLE,low_mean,250,8,10,3,3,1,true,false,14243.255483
AFFORDABLE,low_median,250,4,10,3,2,0.6666666666666666,true,false,14243.255483
AFFORDABLE,low_median,250,5,10,3,3,1,true,false,14243.255483
AFFORDABLE,low_median,250,6,10,3,3,1,true,false,14243.255483
AFFORDABLE,low_median,250,7,10,3,3,1,true,false,14243.255483
AFFORDABLE,low_median,250,8,10,3,3,1,true,false,14243.255483
AFFORDABLE,low_gold,250,4,10,3,2,0.6666666666666666,false,false,14243.255483
AFFORDABLE,low_gold,250,5,10,3,3,1,true,false,14243.255483
AFFORDABLE,low_gold,250,6,10,3,3,1,true,false,14243.255483
AFFORDABLE,low_gold,250,7,10,3,3,1,true,false,14243.255483
AFFORDABLE,low_gold,250,8,10,3,3,1,true,false,14243.255483
AFFORDABLE,band_aware,250,4,10,3,3,1,true,false,14243.255483
AFFORDABLE,band_aware,250,5,10,3,3,1,true,false,14243.255483
AFFORDABLE,band_aware,250,6,10,3,3,1,true,false,14243.255483
AFFORDABLE,band_aware,250,7,10,3,3,1,true,false,14243.255483
AFFORDABLE,band_aware,250,8,10,3,3,1,true,false,14243.255483
AFFORDABLE,confidence_aware,250,4,10,3,3,1,true,false,14243.255483
AFFORDABLE,confidence_aware,250,5,10,3,3,1,true,false,14243.255483
AFFORDABLE,confidence_aware,250,6,10,3,3,1,true,false,14243.255483
AFFORDABLE,confidence_aware,250,7,10,3,3,1,true,false,14243.255483
AFFORDABLE,confidence_aware,250,8,10,3,3,1,true,false,14243.255483
AFFORDABLE,hybrid_regular_cheap,250,4,10,3,3,1,true,false,14243.255483
AFFORDABLE,hybrid_regular_cheap,250,5,10,3,3,1,true,false,14243.255483
AFFORDABLE,hybrid_regular_cheap,250,6,10,3,3,1,true,false,14243.255483
AFFORDABLE,hybrid_regular_cheap,250,7,10,3,3,1,true,false,14243.255483
AFFORDABLE,hybrid_regular_cheap,250,8,10,3,3,1,true,false,14243.255483
AFFORDABLE,low_mean_frontier,25,5,10,3,2,0.6666666666666666,true,false,1424.3255483
AFFORDABLE,low_mean_frontier,50,5,10,3,2,0.6666666666666666,true,false,2848.6510966
AFFORDABLE,low_mean_frontier,75,5,10,3,2,0.6666666666666666,true,false,4272.976644900001
AFFORDABLE,low_mean_frontier,100,5,10,3,3,1,true,false,5697.3021932
AFFORDABLE,low_mean_frontier,150,5,10,3,2,0.6666666666666666,true,false,8545.953289800002
AFFORDABLE,low_mean_frontier,250,5,10,3,3,1,true,false,14243.255483
ABATEMENTS,low_mean,25,4,10,3,1,0.3333333333333333,true,false,734.4442762
ABATEMENTS,low_mean,25,5,10,3,1,0.3333333333333333,true,false,734.4442762
ABATEMENTS,low_mean,25,6,10,3,2,0.6666666666666666,true,false,734.4442762
ABATEMENTS,low_mean,25,7,10,3,2,0.6666666666666666,true,false,734.4442762
ABATEMENTS,low_mean,25,8,10,3,2,0.6666666666666666,true,false,734.4442762
ABATEMENTS,low_median,25,4,10,3,1,0.3333333333333333,true,false,734.4442762
ABATEMENTS,low_median,25,5,10,3,1,0.3333333333333333,true,false,734.4442762
ABATEMENTS,low_median,25,6,10,3,2,0.6666666666666666,true,false,734.4442762
ABATEMENTS,low_median,25,7,10,3,2,0.6666666666666666,true,false,734.4442762
ABATEMENTS,low_median,25,8,10,3,2,0.6666666666666666,true,false,734.4442762
ABATEMENTS,low_gold,25,4,10,3,1,0.3333333333333333,false,false,734.4442762
ABATEMENTS,low_gold,25,5,10,3,2,0.6666666666666666,true,false,734.4442762
ABATEMENTS,low_gold,25,6,10,3,2,0.6666666666666666,true,false,734.4442762
ABATEMENTS,low_gold,25,7,10,3,2,0.6666666666666666,true,false,734.4442762
ABATEMENTS,low_gold,25,8,10,3,2,0.6666666666666666,true,false,734.4442762
ABATEMENTS,band_aware,25,4,10,3,1,0.3333333333333333,true,false,734.4442762
ABATEMENTS,band_aware,25,5,10,3,1,0.3333333333333333,true,false,734.4442762
ABATEMENTS,band_aware,25,6,10,3,2,0.6666666666666666,true,false,734.4442762
ABATEMENTS,band_aware,25,7,10,3,2,0.6666666666666666,true,false,734.4442762
ABATEMENTS,band_aware,25,8,10,3,2,0.6666666666666666,true,false,734.4442762
ABATEMENTS,confidence_aware,25,4,10,3,1,0.3333333333333333,true,false,734.4442762
ABATEMENTS,confidence_aware,25,5,10,3,1,0.3333333333333333,true,false,734.4442762
ABATEMENTS,confidence_aware,25,6,10,3,2,0.6666666666666666,true,false,734.4442762
ABATEMENTS,confidence_aware,25,7,10,3,2,0.6666666666666666,true,false,734.4442762
ABATEMENTS,confidence_aware,25,8,10,3,2,0.6666666666666666,true,false,734.4442762
ABATEMENTS,hybrid_regular_cheap,25,4,10,3,1,0.3333333333333333,true,false,734.4442762
ABATEMENTS,hybrid_regular_cheap,25,5,10,3,1,0.3333333333333333,true,false,734.4442762
ABATEMENTS,hybrid_regular_cheap,25,6,10,3,2,0.6666666666666666,true,false,734.4442762
ABATEMENTS,hybrid_regular_cheap,25,7,10,3,2,0.6666666666666666,true,false,734.4442762
ABATEMENTS,hybrid_regular_cheap,25,8,10,3,2,0.6666666666666666,true,false,734.4442762
ABATEMENTS,low_mean,50,4,10,3,2,0.6666666666666666,true,false,1468.8885524
ABATEMENTS,low_mean,50,5,10,3,2,0.6666666666666666,true,false,1468.8885524
ABATEMENTS,low_mean,50,6,10,3,2,0.6666666666666666,true,false,1468.8885524
ABATEMENTS,low_mean,50,7,10,3,2,0.6666666666666666,true,false,1468.8885524
ABATEMENTS,low_mean,50,8,10,3,2,0.6666666666666666,true,false,1468.8885524
ABATEMENTS,low_median,50,4,10,3,1,0.3333333333333333,true,false,1468.8885524
ABATEMENTS,low_median,50,5,10,3,2,0.6666666666666666,true,false,1468.8885524
ABATEMENTS,low_median,50,6,10,3,2,0.6666666666666666,true,false,1468.8885524
ABATEMENTS,low_median,50,7,10,3,2,0.6666666666666666,true,false,1468.8885524
ABATEMENTS,low_median,50,8,10,3,2,0.6666666666666666,true,false,1468.8885524
ABATEMENTS,low_gold,50,4,10,3,2,0.6666666666666666,false,false,1468.8885524
ABATEMENTS,low_gold,50,5,10,3,2,0.6666666666666666,false,false,1468.8885524
ABATEMENTS,low_gold,50,6,10,3,2,0.6666666666666666,false,false,1468.8885524
ABATEMENTS,low_gold,50,7,10,3,2,0.6666666666666666,false,false,1468.8885524
ABATEMENTS,low_gold,50,8,10,3,3,1,true,false,1468.8885524
ABATEMENTS,band_aware,50,4,10,3,2,0.6666666666666666,true,false,1468.8885524
ABATEMENTS,band_aware,50,5,10,3,2,0.6666666666666666,true,false,1468.8885524
ABATEMENTS,band_aware,50,6,10,3,2,0.6666666666666666,true,false,1468.8885524
ABATEMENTS,band_aware,50,7,10,3,2,0.6666666666666666,true,false,1468.8885524
ABATEMENTS,band_aware,50,8,10,3,2,0.6666666666666666,true,false,1468.8885524
ABATEMENTS,confidence_aware,50,4,10,3,2,0.6666666666666666,true,false,1468.8885524
ABATEMENTS,confidence_aware,50,5,10,3,2,0.6666666666666666,true,false,1468.8885524
ABATEMENTS,confidence_aware,50,6,10,3,2,0.6666666666666666,true,false,1468.8885524
ABATEMENTS,confidence_aware,50,7,10,3,2,0.6666666666666666,true,false,1468.8885524
ABATEMENTS,confidence_aware,50,8,10,3,2,0.6666666666666666,true,false,1468.8885524
ABATEMENTS,hybrid_regular_cheap,50,4,10,3,2,0.6666666666666666,true,false,1468.8885524
ABATEMENTS,hybrid_regular_cheap,50,5,10,3,2,0.6666666666666666,true,false,1468.8885524
ABATEMENTS,hybrid_regular_cheap,50,6,10,3,2,0.6666666666666666,true,false,1468.8885524
ABATEMENTS,hybrid_regular_cheap,50,7,10,3,2,0.6666666666666666,true,false,1468.8885524
ABATEMENTS,hybrid_regular_cheap,50,8,10,3,2,0.6666666666666666,true,false,1468.8885524
ABATEMENTS,low_mean,75,4,10,3,2,0.6666666666666666,true,false,2203.3328286
ABATEMENTS,low_mean,75,5,10,3,2,0.6666666666666666,true,false,2203.3328286
ABATEMENTS,low_mean,75,6,10,3,2,0.6666666666666666,true,false,2203.3328286
ABATEMENTS,low_mean,75,7,10,3,2,0.6666666666666666,true,false,2203.3328286
ABATEMENTS,low_mean,75,8,10,3,2,0.6666666666666666,true,false,2203.3328286
ABATEMENTS,low_median,75,4,10,3,1,0.3333333333333333,false,false,2203.3328286
ABATEMENTS,low_median,75,5,10,3,1,0.3333333333333333,false,false,2203.3328286
ABATEMENTS,low_median,75,6,10,3,1,0.3333333333333333,false,false,2203.3328286
ABATEMENTS,low_median,75,7,10,3,2,0.6666666666666666,true,false,2203.3328286
ABATEMENTS,low_median,75,8,10,3,3,1,true,false,2203.3328286
ABATEMENTS,low_gold,75,4,10,3,2,0.6666666666666666,false,false,2203.3328286
ABATEMENTS,low_gold,75,5,10,3,3,1,true,false,2203.3328286
ABATEMENTS,low_gold,75,6,10,3,3,1,true,false,2203.3328286
ABATEMENTS,low_gold,75,7,10,3,3,1,true,false,2203.3328286
ABATEMENTS,low_gold,75,8,10,3,3,1,true,false,2203.3328286
ABATEMENTS,band_aware,75,4,10,3,2,0.6666666666666666,true,false,2203.3328286
ABATEMENTS,band_aware,75,5,10,3,2,0.6666666666666666,true,false,2203.3328286
ABATEMENTS,band_aware,75,6,10,3,2,0.6666666666666666,true,false,2203.3328286
ABATEMENTS,band_aware,75,7,10,3,2,0.6666666666666666,true,false,2203.3328286
ABATEMENTS,band_aware,75,8,10,3,2,0.6666666666666666,true,false,2203.3328286
ABATEMENTS,confidence_aware,75,4,10,3,2,0.6666666666666666,true,false,2203.3328286
ABATEMENTS,confidence_aware,75,5,10,3,2,0.6666666666666666,true,false,2203.3328286
ABATEMENTS,confidence_aware,75,6,10,3,2,0.6666666666666666,true,false,2203.3328286
ABATEMENTS,confidence_aware,75,7,10,3,2,0.6666666666666666,true,false,2203.3328286
ABATEMENTS,confidence_aware,75,8,10,3,2,0.6666666666666666,true,false,2203.3328286
ABATEMENTS,hybrid_regular_cheap,75,4,10,3,2,0.6666666666666666,true,false,2203.3328286
ABATEMENTS,hybrid_regular_cheap,75,5,10,3,2,0.6666666666666666,true,false,2203.3328286
ABATEMENTS,hybrid_regular_cheap,75,6,10,3,2,0.6666666666666666,true,false,2203.3328286
ABATEMENTS,hybrid_regular_cheap,75,7,10,3,2,0.6666666666666666,true,false,2203.3328286
ABATEMENTS,hybrid_regular_cheap,75,8,10,3,2,0.6666666666666666,true,false,2203.3328286
ABATEMENTS,low_mean,100,4,10,3,2,0.6666666666666666,true,false,2937.7771048
ABATEMENTS,low_mean,100,5,10,3,2,0.6666666666666666,true,false,2937.7771048
ABATEMENTS,low_mean,100,6,10,3,2,0.6666666666666666,true,false,2937.7771048
ABATEMENTS,low_mean,100,7,10,3,2,0.6666666666666666,true,false,2937.7771048
ABATEMENTS,low_mean,100,8,10,3,2,0.6666666666666666,true,false,2937.7771048
ABATEMENTS,low_median,100,4,10,3,2,0.6666666666666666,true,false,2937.7771048
ABATEMENTS,low_median,100,5,10,3,2,0.6666666666666666,true,false,2937.7771048
ABATEMENTS,low_median,100,6,10,3,2,0.6666666666666666,true,false,2937.7771048
ABATEMENTS,low_median,100,7,10,3,2,0.6666666666666666,true,false,2937.7771048
ABATEMENTS,low_median,100,8,10,3,2,0.6666666666666666,true,false,2937.7771048
ABATEMENTS,low_gold,100,4,10,3,2,0.6666666666666666,false,false,2937.7771048
ABATEMENTS,low_gold,100,5,10,3,3,1,true,false,2937.7771048
ABATEMENTS,low_gold,100,6,10,3,3,1,true,false,2937.7771048
ABATEMENTS,low_gold,100,7,10,3,3,1,true,false,2937.7771048
ABATEMENTS,low_gold,100,8,10,3,3,1,true,false,2937.7771048
ABATEMENTS,band_aware,100,4,10,3,2,0.6666666666666666,true,false,2937.7771048
ABATEMENTS,band_aware,100,5,10,3,2,0.6666666666666666,true,false,2937.7771048
ABATEMENTS,band_aware,100,6,10,3,2,0.6666666666666666,true,false,2937.7771048
ABATEMENTS,band_aware,100,7,10,3,2,0.6666666666666666,true,false,2937.7771048
ABATEMENTS,band_aware,100,8,10,3,2,0.6666666666666666,true,false,2937.7771048
ABATEMENTS,confidence_aware,100,4,10,3,2,0.6666666666666666,true,false,2937.7771048
ABATEMENTS,confidence_aware,100,5,10,3,2,0.6666666666666666,true,false,2937.7771048
ABATEMENTS,confidence_aware,100,6,10,3,2,0.6666666666666666,true,false,2937.7771048
ABATEMENTS,confidence_aware,100,7,10,3,2,0.6666666666666666,true,false,2937.7771048
ABATEMENTS,confidence_aware,100,8,10,3,2,0.6666666666666666,true,false,2937.7771048
ABATEMENTS,hybrid_regular_cheap,100,4,10,3,2,0.6666666666666666,true,false,2937.7771048
ABATEMENTS,hybrid_regular_cheap,100,5,10,3,2,0.6666666666666666,true,false,2937.7771048
ABATEMENTS,hybrid_regular_cheap,100,6,10,3,2,0.6666666666666666,true,false,2937.7771048
ABATEMENTS,hybrid_regular_cheap,100,7,10,3,2,0.6666666666666666,true,false,2937.7771048
ABATEMENTS,hybrid_regular_cheap,100,8,10,3,2,0.6666666666666666,true,false,2937.7771048
ABATEMENTS,low_mean,150,4,10,3,3,1,true,false,4406.6656572
ABATEMENTS,low_mean,150,5,10,3,3,1,true,false,4406.6656572
ABATEMENTS,low_mean,150,6,10,3,3,1,true,false,4406.6656572
ABATEMENTS,low_mean,150,7,10,3,3,1,true,false,4406.6656572
ABATEMENTS,low_mean,150,8,10,3,3,1,true,false,4406.6656572
ABATEMENTS,low_median,150,4,10,3,1,0.3333333333333333,true,false,4406.6656572
ABATEMENTS,low_median,150,5,10,3,2,0.6666666666666666,true,false,4406.6656572
ABATEMENTS,low_median,150,6,10,3,2,0.6666666666666666,true,false,4406.6656572
ABATEMENTS,low_median,150,7,10,3,3,1,true,false,4406.6656572
ABATEMENTS,low_median,150,8,10,3,3,1,true,false,4406.6656572
ABATEMENTS,low_gold,150,4,10,3,2,0.6666666666666666,false,false,4406.6656572
ABATEMENTS,low_gold,150,5,10,3,2,0.6666666666666666,false,false,4406.6656572
ABATEMENTS,low_gold,150,6,10,3,3,1,true,false,4406.6656572
ABATEMENTS,low_gold,150,7,10,3,3,1,true,false,4406.6656572
ABATEMENTS,low_gold,150,8,10,3,3,1,true,false,4406.6656572
ABATEMENTS,band_aware,150,4,10,3,3,1,true,false,4406.6656572
ABATEMENTS,band_aware,150,5,10,3,3,1,true,false,4406.6656572
ABATEMENTS,band_aware,150,6,10,3,3,1,true,false,4406.6656572
ABATEMENTS,band_aware,150,7,10,3,3,1,true,false,4406.6656572
ABATEMENTS,band_aware,150,8,10,3,3,1,true,false,4406.6656572
ABATEMENTS,confidence_aware,150,4,10,3,3,1,true,false,4406.6656572
ABATEMENTS,confidence_aware,150,5,10,3,3,1,true,false,4406.6656572
ABATEMENTS,confidence_aware,150,6,10,3,3,1,true,false,4406.6656572
ABATEMENTS,confidence_aware,150,7,10,3,3,1,true,false,4406.6656572
ABATEMENTS,confidence_aware,150,8,10,3,3,1,true,false,4406.6656572
ABATEMENTS,hybrid_regular_cheap,150,4,10,3,3,1,true,false,4406.6656572
ABATEMENTS,hybrid_regular_cheap,150,5,10,3,3,1,true,false,4406.6656572
ABATEMENTS,hybrid_regular_cheap,150,6,10,3,3,1,true,false,4406.6656572
ABATEMENTS,hybrid_regular_cheap,150,7,10,3,3,1,true,false,4406.6656572
ABATEMENTS,hybrid_regular_cheap,150,8,10,3,3,1,true,false,4406.6656572
ABATEMENTS,low_mean,250,4,10,3,2,0.6666666666666666,true,false,7344.442762
ABATEMENTS,low_mean,250,5,10,3,3,1,true,false,7344.442762
ABATEMENTS,low_mean,250,6,10,3,3,1,true,false,7344.442762
ABATEMENTS,low_mean,250,7,10,3,3,1,true,false,7344.442762
ABATEMENTS,low_mean,250,8,10,3,3,1,true,false,7344.442762
ABATEMENTS,low_median,250,4,10,3,2,0.6666666666666666,true,false,7344.442762
ABATEMENTS,low_median,250,5,10,3,2,0.6666666666666666,true,false,7344.442762
ABATEMENTS,low_median,250,6,10,3,2,0.6666666666666666,true,false,7344.442762
ABATEMENTS,low_median,250,7,10,3,2,0.6666666666666666,true,false,7344.442762
ABATEMENTS,low_median,250,8,10,3,2,0.6666666666666666,true,false,7344.442762
ABATEMENTS,low_gold,250,4,10,3,3,1,true,false,7344.442762
ABATEMENTS,low_gold,250,5,10,3,3,1,true,false,7344.442762
ABATEMENTS,low_gold,250,6,10,3,3,1,true,false,7344.442762
ABATEMENTS,low_gold,250,7,10,3,3,1,true,false,7344.442762
ABATEMENTS,low_gold,250,8,10,3,3,1,true,false,7344.442762
ABATEMENTS,band_aware,250,4,10,3,3,1,true,false,7344.442762
ABATEMENTS,band_aware,250,5,10,3,3,1,true,false,7344.442762
ABATEMENTS,band_aware,250,6,10,3,3,1,true,false,7344.442762
ABATEMENTS,band_aware,250,7,10,3,3,1,true,false,7344.442762
ABATEMENTS,band_aware,250,8,10,3,3,1,true,false,7344.442762
ABATEMENTS,confidence_aware,250,4,10,3,2,0.6666666666666666,true,false,7344.442762
ABATEMENTS,confidence_aware,250,5,10,3,3,1,true,false,7344.442762
ABATEMENTS,confidence_aware,250,6,10,3,3,1,true,false,7344.442762
ABATEMENTS,confidence_aware,250,7,10,3,3,1,true,false,7344.442762
ABATEMENTS,confidence_aware,250,8,10,3,3,1,true,false,7344.442762
ABATEMENTS,hybrid_regular_cheap,250,4,10,3,2,0.6666666666666666,true,false,7344.442762
ABATEMENTS,hybrid_regular_cheap,250,5,10,3,3,1,true,false,7344.442762
ABATEMENTS,hybrid_regular_cheap,250,6,10,3,3,1,true,false,7344.442762
ABATEMENTS,hybrid_regular_cheap,250,7,10,3,3,1,true,false,7344.442762
ABATEMENTS,hybrid_regular_cheap,250,8,10,3,3,1,true,false,7344.442762
ABATEMENTS,low_mean_frontier,25,5,10,3,1,0.3333333333333333,true,false,734.4442762
ABATEMENTS,low_mean_frontier,50,5,10,3,2,0.6666666666666666,true,false,1468.8885524
ABATEMENTS,low_mean_frontier,75,5,10,3,2,0.6666666666666666,true,false,2203.3328286
ABATEMENTS,low_mean_frontier,100,5,10,3,2,0.6666666666666666,true,false,2937.7771048
ABATEMENTS,low_mean_frontier,150,5,10,3,3,1,true,false,4406.6656572
ABATEMENTS,low_mean_frontier,250,5,10,3,3,1,true,false,7344.442762
ABDICATING,low_mean,25,4,10,3,1,0.3333333333333333,false,false,747.55777885
ABDICATING,low_mean,25,5,10,3,1,0.3333333333333333,false,false,747.55777885
ABDICATING,low_mean,25,6,10,3,1,0.3333333333333333,false,false,747.55777885
ABDICATING,low_mean,25,7,10,3,1,0.3333333333333333,false,false,747.55777885
ABDICATING,low_mean,25,8,10,3,2,0.6666666666666666,false,false,747.55777885
ABDICATING,low_median,25,4,10,3,0,0,false,true,747.55777885
ABDICATING,low_median,25,5,10,3,0,0,false,true,747.55777885
ABDICATING,low_median,25,6,10,3,0,0,false,true,747.55777885
ABDICATING,low_median,25,7,10,3,1,0.3333333333333333,false,false,747.55777885
ABDICATING,low_median,25,8,10,3,2,0.6666666666666666,true,false,747.55777885
ABDICATING,low_gold,25,4,10,3,0,0,false,true,747.55777885
ABDICATING,low_gold,25,5,10,3,1,0.3333333333333333,false,false,747.55777885
ABDICATING,low_gold,25,6,10,3,1,0.3333333333333333,false,false,747.55777885
ABDICATING,low_gold,25,7,10,3,1,0.3333333333333333,false,false,747.55777885
ABDICATING,low_gold,25,8,10,3,1,0.3333333333333333,false,false,747.55777885
ABDICATING,band_aware,25,4,10,3,1,0.3333333333333333,false,false,747.55777885
ABDICATING,band_aware,25,5,10,3,1,0.3333333333333333,false,false,747.55777885
ABDICATING,band_aware,25,6,10,3,1,0.3333333333333333,false,false,747.55777885
ABDICATING,band_aware,25,7,10,3,1,0.3333333333333333,false,false,747.55777885
ABDICATING,band_aware,25,8,10,3,2,0.6666666666666666,false,false,747.55777885
ABDICATING,confidence_aware,25,4,10,3,1,0.3333333333333333,false,false,747.55777885
ABDICATING,confidence_aware,25,5,10,3,1,0.3333333333333333,false,false,747.55777885
ABDICATING,confidence_aware,25,6,10,3,1,0.3333333333333333,false,false,747.55777885
ABDICATING,confidence_aware,25,7,10,3,1,0.3333333333333333,false,false,747.55777885
ABDICATING,confidence_aware,25,8,10,3,2,0.6666666666666666,false,false,747.55777885
ABDICATING,hybrid_regular_cheap,25,4,10,3,1,0.3333333333333333,false,false,747.55777885
ABDICATING,hybrid_regular_cheap,25,5,10,3,1,0.3333333333333333,false,false,747.55777885
ABDICATING,hybrid_regular_cheap,25,6,10,3,1,0.3333333333333333,false,false,747.55777885
ABDICATING,hybrid_regular_cheap,25,7,10,3,1,0.3333333333333333,false,false,747.55777885
ABDICATING,hybrid_regular_cheap,25,8,10,3,2,0.6666666666666666,false,false,747.55777885
ABDICATING,low_mean,50,4,10,3,1,0.3333333333333333,false,false,1495.1155577
ABDICATING,low_mean,50,5,10,3,2,0.6666666666666666,true,false,1495.1155577
ABDICATING,low_mean,50,6,10,3,2,0.6666666666666666,true,false,1495.1155577
ABDICATING,low_mean,50,7,10,3,2,0.6666666666666666,true,false,1495.1155577
ABDICATING,low_mean,50,8,10,3,3,1,true,false,1495.1155577
ABDICATING,low_median,50,4,10,3,2,0.6666666666666666,true,false,1495.1155577
ABDICATING,low_median,50,5,10,3,2,0.6666666666666666,true,false,1495.1155577
ABDICATING,low_median,50,6,10,3,3,1,true,false,1495.1155577
ABDICATING,low_median,50,7,10,3,3,1,true,false,1495.1155577
ABDICATING,low_median,50,8,10,3,3,1,true,false,1495.1155577
ABDICATING,low_gold,50,4,10,3,1,0.3333333333333333,false,false,1495.1155577
ABDICATING,low_gold,50,5,10,3,1,0.3333333333333333,false,false,1495.1155577
ABDICATING,low_gold,50,6,10,3,2,0.6666666666666666,true,false,1495.1155577
ABDICATING,low_gold,50,7,10,3,2,0.6666666666666666,true,false,1495.1155577
ABDICATING,low_gold,50,8,10,3,2,0.6666666666666666,true,false,1495.1155577
ABDICATING,band_aware,50,4,10,3,1,0.3333333333333333,false,false,1495.1155577
ABDICATING,band_aware,50,5,10,3,2,0.6666666666666666,true,false,1495.1155577
ABDICATING,band_aware,50,6,10,3,2,0.6666666666666666,true,false,1495.1155577
ABDICATING,band_aware,50,7,10,3,2,0.6666666666666666,true,false,1495.1155577
ABDICATING,band_aware,50,8,10,3,3,1,true,false,1495.1155577
ABDICATING,confidence_aware,50,4,10,3,1,0.3333333333333333,false,false,1495.1155577
ABDICATING,confidence_aware,50,5,10,3,2,0.6666666666666666,true,false,1495.1155577
ABDICATING,confidence_aware,50,6,10,3,2,0.6666666666666666,true,false,1495.1155577
ABDICATING,confidence_aware,50,7,10,3,2,0.6666666666666666,true,false,1495.1155577
ABDICATING,confidence_aware,50,8,10,3,3,1,true,false,1495.1155577
ABDICATING,hybrid_regular_cheap,50,4,10,3,1,0.3333333333333333,false,false,1495.1155577
ABDICATING,hybrid_regular_cheap,50,5,10,3,2,0.6666666666666666,true,false,1495.1155577
ABDICATING,hybrid_regular_cheap,50,6,10,3,2,0.6666666666666666,true,false,1495.1155577
ABDICATING,hybrid_regular_cheap,50,7,10,3,2,0.6666666666666666,true,false,1495.1155577
ABDICATING,hybrid_regular_cheap,50,8,10,3,3,1,true,false,1495.1155577
ABDICATING,low_mean,75,4,10,3,2,0.6666666666666666,false,false,2242.67333655
ABDICATING,low_mean,75,5,10,3,2,0.6666666666666666,false,false,2242.67333655
ABDICATING,low_mean,75,6,10,3,2,0.6666666666666666,false,false,2242.67333655
ABDICATING,low_mean,75,7,10,3,3,1,true,false,2242.67333655
ABDICATING,low_mean,75,8,10,3,3,1,true,false,2242.67333655
ABDICATING,low_median,75,4,10,3,2,0.6666666666666666,true,false,2242.67333655
ABDICATING,low_median,75,5,10,3,2,0.6666666666666666,true,false,2242.67333655
ABDICATING,low_median,75,6,10,3,3,1,true,false,2242.67333655
ABDICATING,low_median,75,7,10,3,3,1,true,false,2242.67333655
ABDICATING,low_median,75,8,10,3,3,1,true,false,2242.67333655
ABDICATING,low_gold,75,4,10,3,1,0.3333333333333333,false,false,2242.67333655
ABDICATING,low_gold,75,5,10,3,1,0.3333333333333333,false,false,2242.67333655
ABDICATING,low_gold,75,6,10,3,2,0.6666666666666666,false,false,2242.67333655
ABDICATING,low_gold,75,7,10,3,2,0.6666666666666666,false,false,2242.67333655
ABDICATING,low_gold,75,8,10,3,2,0.6666666666666666,false,false,2242.67333655
ABDICATING,band_aware,75,4,10,3,2,0.6666666666666666,false,false,2242.67333655
ABDICATING,band_aware,75,5,10,3,2,0.6666666666666666,false,false,2242.67333655
ABDICATING,band_aware,75,6,10,3,2,0.6666666666666666,false,false,2242.67333655
ABDICATING,band_aware,75,7,10,3,3,1,true,false,2242.67333655
ABDICATING,band_aware,75,8,10,3,3,1,true,false,2242.67333655
ABDICATING,confidence_aware,75,4,10,3,2,0.6666666666666666,false,false,2242.67333655
ABDICATING,confidence_aware,75,5,10,3,2,0.6666666666666666,false,false,2242.67333655
ABDICATING,confidence_aware,75,6,10,3,2,0.6666666666666666,false,false,2242.67333655
ABDICATING,confidence_aware,75,7,10,3,3,1,true,false,2242.67333655
ABDICATING,confidence_aware,75,8,10,3,3,1,true,false,2242.67333655
ABDICATING,hybrid_regular_cheap,75,4,10,3,2,0.6666666666666666,false,false,2242.67333655
ABDICATING,hybrid_regular_cheap,75,5,10,3,2,0.6666666666666666,false,false,2242.67333655
ABDICATING,hybrid_regular_cheap,75,6,10,3,2,0.6666666666666666,false,false,2242.67333655
ABDICATING,hybrid_regular_cheap,75,7,10,3,3,1,true,false,2242.67333655
ABDICATING,hybrid_regular_cheap,75,8,10,3,3,1,true,false,2242.67333655
ABDICATING,low_mean,100,4,10,3,2,0.6666666666666666,false,false,2990.2311154
ABDICATING,low_mean,100,5,10,3,2,0.6666666666666666,false,false,2990.2311154
ABDICATING,low_mean,100,6,10,3,2,0.6666666666666666,false,false,2990.2311154
ABDICATING,low_mean,100,7,10,3,3,1,true,false,2990.2311154
ABDICATING,low_mean,100,8,10,3,3,1,true,false,2990.2311154
ABDICATING,low_median,100,4,10,3,2,0.6666666666666666,true,false,2990.2311154
ABDICATING,low_median,100,5,10,3,3,1,true,false,2990.2311154
ABDICATING,low_median,100,6,10,3,3,1,true,false,2990.2311154
ABDICATING,low_median,100,7,10,3,3,1,true,false,2990.2311154
ABDICATING,low_median,100,8,10,3,3,1,true,false,2990.2311154
ABDICATING,low_gold,100,4,10,3,1,0.3333333333333333,false,false,2990.2311154
ABDICATING,low_gold,100,5,10,3,1,0.3333333333333333,false,false,2990.2311154
ABDICATING,low_gold,100,6,10,3,2,0.6666666666666666,false,false,2990.2311154
ABDICATING,low_gold,100,7,10,3,2,0.6666666666666666,false,false,2990.2311154
ABDICATING,low_gold,100,8,10,3,3,1,true,false,2990.2311154
ABDICATING,band_aware,100,4,10,3,2,0.6666666666666666,false,false,2990.2311154
ABDICATING,band_aware,100,5,10,3,2,0.6666666666666666,false,false,2990.2311154
ABDICATING,band_aware,100,6,10,3,2,0.6666666666666666,false,false,2990.2311154
ABDICATING,band_aware,100,7,10,3,3,1,true,false,2990.2311154
ABDICATING,band_aware,100,8,10,3,3,1,true,false,2990.2311154
ABDICATING,confidence_aware,100,4,10,3,2,0.6666666666666666,false,false,2990.2311154
ABDICATING,confidence_aware,100,5,10,3,2,0.6666666666666666,false,false,2990.2311154
ABDICATING,confidence_aware,100,6,10,3,2,0.6666666666666666,false,false,2990.2311154
ABDICATING,confidence_aware,100,7,10,3,3,1,true,false,2990.2311154
ABDICATING,confidence_aware,100,8,10,3,3,1,true,false,2990.2311154
ABDICATING,hybrid_regular_cheap,100,4,10,3,2,0.6666666666666666,false,false,2990.2311154
ABDICATING,hybrid_regular_cheap,100,5,10,3,2,0.6666666666666666,false,false,2990.2311154
ABDICATING,hybrid_regular_cheap,100,6,10,3,2,0.6666666666666666,false,false,2990.2311154
ABDICATING,hybrid_regular_cheap,100,7,10,3,3,1,true,false,2990.2311154
ABDICATING,hybrid_regular_cheap,100,8,10,3,3,1,true,false,2990.2311154
ABDICATING,low_mean,150,4,10,3,0,0,false,true,4485.3466731
ABDICATING,low_mean,150,5,10,3,1,0.3333333333333333,false,false,4485.3466731
ABDICATING,low_mean,150,6,10,3,2,0.6666666666666666,false,false,4485.3466731
ABDICATING,low_mean,150,7,10,3,3,1,true,false,4485.3466731
ABDICATING,low_mean,150,8,10,3,3,1,true,false,4485.3466731
ABDICATING,low_median,150,4,10,3,1,0.3333333333333333,false,false,4485.3466731
ABDICATING,low_median,150,5,10,3,2,0.6666666666666666,true,false,4485.3466731
ABDICATING,low_median,150,6,10,3,3,1,true,false,4485.3466731
ABDICATING,low_median,150,7,10,3,3,1,true,false,4485.3466731
ABDICATING,low_median,150,8,10,3,3,1,true,false,4485.3466731
ABDICATING,low_gold,150,4,10,3,1,0.3333333333333333,false,false,4485.3466731
ABDICATING,low_gold,150,5,10,3,1,0.3333333333333333,false,false,4485.3466731
ABDICATING,low_gold,150,6,10,3,2,0.6666666666666666,false,false,4485.3466731
ABDICATING,low_gold,150,7,10,3,2,0.6666666666666666,false,false,4485.3466731
ABDICATING,low_gold,150,8,10,3,2,0.6666666666666666,false,false,4485.3466731
ABDICATING,band_aware,150,4,10,3,0,0,false,true,4485.3466731
ABDICATING,band_aware,150,5,10,3,1,0.3333333333333333,false,false,4485.3466731
ABDICATING,band_aware,150,6,10,3,2,0.6666666666666666,false,false,4485.3466731
ABDICATING,band_aware,150,7,10,3,3,1,true,false,4485.3466731
ABDICATING,band_aware,150,8,10,3,3,1,true,false,4485.3466731
ABDICATING,confidence_aware,150,4,10,3,0,0,false,true,4485.3466731
ABDICATING,confidence_aware,150,5,10,3,1,0.3333333333333333,false,false,4485.3466731
ABDICATING,confidence_aware,150,6,10,3,2,0.6666666666666666,false,false,4485.3466731
ABDICATING,confidence_aware,150,7,10,3,3,1,true,false,4485.3466731
ABDICATING,confidence_aware,150,8,10,3,3,1,true,false,4485.3466731
ABDICATING,hybrid_regular_cheap,150,4,10,3,0,0,false,true,4485.3466731
ABDICATING,hybrid_regular_cheap,150,5,10,3,1,0.3333333333333333,false,false,4485.3466731
ABDICATING,hybrid_regular_cheap,150,6,10,3,2,0.6666666666666666,false,false,4485.3466731
ABDICATING,hybrid_regular_cheap,150,7,10,3,3,1,true,false,4485.3466731
ABDICATING,hybrid_regular_cheap,150,8,10,3,3,1,true,false,4485.3466731
ABDICATING,low_mean,250,4,10,3,1,0.3333333333333333,false,false,7475.5777885
ABDICATING,low_mean,250,5,10,3,2,0.6666666666666666,true,false,7475.5777885
ABDICATING,low_mean,250,6,10,3,2,0.6666666666666666,true,false,7475.5777885
ABDICATING,low_mean,250,7,10,3,3,1,true,false,7475.5777885
ABDICATING,low_mean,250,8,10,3,3,1,true,false,7475.5777885
ABDICATING,low_median,250,4,10,3,3,1,true,false,7475.5777885
ABDICATING,low_median,250,5,10,3,3,1,true,false,7475.5777885
ABDICATING,low_median,250,6,10,3,3,1,true,false,7475.5777885
ABDICATING,low_median,250,7,10,3,3,1,true,false,7475.5777885
ABDICATING,low_median,250,8,10,3,3,1,true,false,7475.5777885
ABDICATING,low_gold,250,4,10,3,1,0.3333333333333333,false,false,7475.5777885
ABDICATING,low_gold,250,5,10,3,1,0.3333333333333333,false,false,7475.5777885
ABDICATING,low_gold,250,6,10,3,2,0.6666666666666666,false,false,7475.5777885
ABDICATING,low_gold,250,7,10,3,2,0.6666666666666666,false,false,7475.5777885
ABDICATING,low_gold,250,8,10,3,2,0.6666666666666666,false,false,7475.5777885
ABDICATING,band_aware,250,4,10,3,1,0.3333333333333333,false,false,7475.5777885
ABDICATING,band_aware,250,5,10,3,2,0.6666666666666666,true,false,7475.5777885
ABDICATING,band_aware,250,6,10,3,2,0.6666666666666666,true,false,7475.5777885
ABDICATING,band_aware,250,7,10,3,3,1,true,false,7475.5777885
ABDICATING,band_aware,250,8,10,3,3,1,true,false,7475.5777885
ABDICATING,confidence_aware,250,4,10,3,1,0.3333333333333333,false,false,7475.5777885
ABDICATING,confidence_aware,250,5,10,3,2,0.6666666666666666,true,false,7475.5777885
ABDICATING,confidence_aware,250,6,10,3,2,0.6666666666666666,true,false,7475.5777885
ABDICATING,confidence_aware,250,7,10,3,3,1,true,false,7475.5777885
ABDICATING,confidence_aware,250,8,10,3,3,1,true,false,7475.5777885
ABDICATING,hybrid_regular_cheap,250,4,10,3,1,0.3333333333333333,false,false,7475.5777885
ABDICATING,hybrid_regular_cheap,250,5,10,3,2,0.6666666666666666,true,false,7475.5777885
ABDICATING,hybrid_regular_cheap,250,6,10,3,2,0.6666666666666666,true,false,7475.5777885
ABDICATING,hybrid_regular_cheap,250,7,10,3,3,1,true,false,7475.5777885
ABDICATING,hybrid_regular_cheap,250,8,10,3,3,1,true,false,7475.5777885
ABDICATING,low_mean_frontier,25,5,10,3,1,0.3333333333333333,false,false,747.55777885
ABDICATING,low_mean_frontier,50,5,10,3,2,0.6666666666666666,true,false,1495.1155577
ABDICATING,low_mean_frontier,75,5,10,3,2,0.6666666666666666,false,false,2242.67333655
ABDICATING,low_mean_frontier,100,5,10,3,2,0.6666666666666666,false,false,2990.2311154
ABDICATING,low_mean_frontier,150,5,10,3,1,0.3333333333333333,false,false,4485.3466731
ABDICATING,low_mean_frontier,250,5,10,3,2,0.6666666666666666,true,false,7475.5777885
ABDUCTIONS,low_mean,25,4,10,3,1,0.3333333333333333,false,false,740.38780355
ABDUCTIONS,low_mean,25,5,10,3,1,0.3333333333333333,false,false,740.38780355
ABDUCTIONS,low_mean,25,6,10,3,1,0.3333333333333333,false,false,740.38780355
ABDUCTIONS,low_mean,25,7,10,3,2,0.6666666666666666,false,false,740.38780355
ABDUCTIONS,low_mean,25,8,10,3,2,0.6666666666666666,false,false,740.38780355
ABDUCTIONS,low_median,25,4,10,3,1,0.3333333333333333,false,false,740.38780355
ABDUCTIONS,low_median,25,5,10,3,1,0.3333333333333333,false,false,740.38780355
ABDUCTIONS,low_median,25,6,10,3,2,0.6666666666666666,true,false,740.38780355
ABDUCTIONS,low_median,25,7,10,3,3,1,true,false,740.38780355
ABDUCTIONS,low_median,25,8,10,3,3,1,true,false,740.38780355
ABDUCTIONS,low_gold,25,4,10,3,1,0.3333333333333333,false,false,740.38780355
ABDUCTIONS,low_gold,25,5,10,3,1,0.3333333333333333,false,false,740.38780355
ABDUCTIONS,low_gold,25,6,10,3,2,0.6666666666666666,true,false,740.38780355
ABDUCTIONS,low_gold,25,7,10,3,3,1,true,false,740.38780355
ABDUCTIONS,low_gold,25,8,10,3,3,1,true,false,740.38780355
ABDUCTIONS,band_aware,25,4,10,3,1,0.3333333333333333,false,false,740.38780355
ABDUCTIONS,band_aware,25,5,10,3,1,0.3333333333333333,false,false,740.38780355
ABDUCTIONS,band_aware,25,6,10,3,1,0.3333333333333333,false,false,740.38780355
ABDUCTIONS,band_aware,25,7,10,3,2,0.6666666666666666,false,false,740.38780355
ABDUCTIONS,band_aware,25,8,10,3,2,0.6666666666666666,false,false,740.38780355
ABDUCTIONS,confidence_aware,25,4,10,3,1,0.3333333333333333,false,false,740.38780355
ABDUCTIONS,confidence_aware,25,5,10,3,1,0.3333333333333333,false,false,740.38780355
ABDUCTIONS,confidence_aware,25,6,10,3,1,0.3333333333333333,false,false,740.38780355
ABDUCTIONS,confidence_aware,25,7,10,3,2,0.6666666666666666,false,false,740.38780355
ABDUCTIONS,confidence_aware,25,8,10,3,2,0.6666666666666666,false,false,740.38780355
ABDUCTIONS,hybrid_regular_cheap,25,4,10,3,1,0.3333333333333333,false,false,740.38780355
ABDUCTIONS,hybrid_regular_cheap,25,5,10,3,1,0.3333333333333333,false,false,740.38780355
ABDUCTIONS,hybrid_regular_cheap,25,6,10,3,1,0.3333333333333333,false,false,740.38780355
ABDUCTIONS,hybrid_regular_cheap,25,7,10,3,2,0.6666666666666666,false,false,740.38780355
ABDUCTIONS,hybrid_regular_cheap,25,8,10,3,2,0.6666666666666666,false,false,740.38780355
ABDUCTIONS,low_mean,50,4,10,3,1,0.3333333333333333,false,false,1480.7756071
ABDUCTIONS,low_mean,50,5,10,3,2,0.6666666666666666,false,false,1480.7756071
ABDUCTIONS,low_mean,50,6,10,3,2,0.6666666666666666,false,false,1480.7756071
ABDUCTIONS,low_mean,50,7,10,3,2,0.6666666666666666,false,false,1480.7756071
ABDUCTIONS,low_mean,50,8,10,3,2,0.6666666666666666,false,false,1480.7756071
ABDUCTIONS,low_median,50,4,10,3,2,0.6666666666666666,false,false,1480.7756071
ABDUCTIONS,low_median,50,5,10,3,2,0.6666666666666666,false,false,1480.7756071
ABDUCTIONS,low_median,50,6,10,3,3,1,true,false,1480.7756071
ABDUCTIONS,low_median,50,7,10,3,3,1,true,false,1480.7756071
ABDUCTIONS,low_median,50,8,10,3,3,1,true,false,1480.7756071
ABDUCTIONS,low_gold,50,4,10,3,2,0.6666666666666666,false,false,1480.7756071
ABDUCTIONS,low_gold,50,5,10,3,3,1,true,false,1480.7756071
ABDUCTIONS,low_gold,50,6,10,3,3,1,true,false,1480.7756071
ABDUCTIONS,low_gold,50,7,10,3,3,1,true,false,1480.7756071
ABDUCTIONS,low_gold,50,8,10,3,3,1,true,false,1480.7756071
ABDUCTIONS,band_aware,50,4,10,3,2,0.6666666666666666,false,false,1480.7756071
ABDUCTIONS,band_aware,50,5,10,3,2,0.6666666666666666,false,false,1480.7756071
ABDUCTIONS,band_aware,50,6,10,3,2,0.6666666666666666,false,false,1480.7756071
ABDUCTIONS,band_aware,50,7,10,3,2,0.6666666666666666,false,false,1480.7756071
ABDUCTIONS,band_aware,50,8,10,3,2,0.6666666666666666,false,false,1480.7756071
ABDUCTIONS,confidence_aware,50,4,10,3,1,0.3333333333333333,false,false,1480.7756071
ABDUCTIONS,confidence_aware,50,5,10,3,2,0.6666666666666666,false,false,1480.7756071
ABDUCTIONS,confidence_aware,50,6,10,3,2,0.6666666666666666,false,false,1480.7756071
ABDUCTIONS,confidence_aware,50,7,10,3,2,0.6666666666666666,false,false,1480.7756071
ABDUCTIONS,confidence_aware,50,8,10,3,2,0.6666666666666666,false,false,1480.7756071
ABDUCTIONS,hybrid_regular_cheap,50,4,10,3,1,0.3333333333333333,false,false,1480.7756071
ABDUCTIONS,hybrid_regular_cheap,50,5,10,3,2,0.6666666666666666,false,false,1480.7756071
ABDUCTIONS,hybrid_regular_cheap,50,6,10,3,2,0.6666666666666666,false,false,1480.7756071
ABDUCTIONS,hybrid_regular_cheap,50,7,10,3,2,0.6666666666666666,false,false,1480.7756071
ABDUCTIONS,hybrid_regular_cheap,50,8,10,3,2,0.6666666666666666,false,false,1480.7756071
ABDUCTIONS,low_mean,75,4,10,3,3,1,true,false,2221.16341065
ABDUCTIONS,low_mean,75,5,10,3,3,1,true,false,2221.16341065
ABDUCTIONS,low_mean,75,6,10,3,3,1,true,false,2221.16341065
ABDUCTIONS,low_mean,75,7,10,3,3,1,true,false,2221.16341065
ABDUCTIONS,low_mean,75,8,10,3,3,1,true,false,2221.16341065
ABDUCTIONS,low_median,75,4,10,3,2,0.6666666666666666,false,false,2221.16341065
ABDUCTIONS,low_median,75,5,10,3,2,0.6666666666666666,false,false,2221.16341065
ABDUCTIONS,low_median,75,6,10,3,3,1,true,false,2221.16341065
ABDUCTIONS,low_median,75,7,10,3,3,1,true,false,2221.16341065
ABDUCTIONS,low_median,75,8,10,3,3,1,true,false,2221.16341065
ABDUCTIONS,low_gold,75,4,10,3,1,0.3333333333333333,true,false,2221.16341065
ABDUCTIONS,low_gold,75,5,10,3,2,0.6666666666666666,true,false,2221.16341065
ABDUCTIONS,low_gold,75,6,10,3,2,0.6666666666666666,true,false,2221.16341065
ABDUCTIONS,low_gold,75,7,10,3,2,0.6666666666666666,true,false,2221.16341065
ABDUCTIONS,low_gold,75,8,10,3,2,0.6666666666666666,true,false,2221.16341065
ABDUCTIONS,band_aware,75,4,10,3,3,1,true,false,2221.16341065
ABDUCTIONS,band_aware,75,5,10,3,3,1,true,false,2221.16341065
ABDUCTIONS,band_aware,75,6,10,3,3,1,true,false,2221.16341065
ABDUCTIONS,band_aware,75,7,10,3,3,1,true,false,2221.16341065
ABDUCTIONS,band_aware,75,8,10,3,3,1,true,false,2221.16341065
ABDUCTIONS,confidence_aware,75,4,10,3,3,1,true,false,2221.16341065
ABDUCTIONS,confidence_aware,75,5,10,3,3,1,true,false,2221.16341065
ABDUCTIONS,confidence_aware,75,6,10,3,3,1,true,false,2221.16341065
ABDUCTIONS,confidence_aware,75,7,10,3,3,1,true,false,2221.16341065
ABDUCTIONS,confidence_aware,75,8,10,3,3,1,true,false,2221.16341065
ABDUCTIONS,hybrid_regular_cheap,75,4,10,3,3,1,true,false,2221.16341065
ABDUCTIONS,hybrid_regular_cheap,75,5,10,3,3,1,true,false,2221.16341065
ABDUCTIONS,hybrid_regular_cheap,75,6,10,3,3,1,true,false,2221.16341065
ABDUCTIONS,hybrid_regular_cheap,75,7,10,3,3,1,true,false,2221.16341065
ABDUCTIONS,hybrid_regular_cheap,75,8,10,3,3,1,true,false,2221.16341065
ABDUCTIONS,low_mean,100,4,10,3,3,1,true,false,2961.5512142
ABDUCTIONS,low_mean,100,5,10,3,3,1,true,false,2961.5512142
ABDUCTIONS,low_mean,100,6,10,3,3,1,true,false,2961.5512142
ABDUCTIONS,low_mean,100,7,10,3,3,1,true,false,2961.5512142
ABDUCTIONS,low_mean,100,8,10,3,3,1,true,false,2961.5512142
ABDUCTIONS,low_median,100,4,10,3,2,0.6666666666666666,true,false,2961.5512142
ABDUCTIONS,low_median,100,5,10,3,3,1,true,false,2961.5512142
ABDUCTIONS,low_median,100,6,10,3,3,1,true,false,2961.5512142
ABDUCTIONS,low_median,100,7,10,3,3,1,true,false,2961.5512142
ABDUCTIONS,low_median,100,8,10,3,3,1,true,false,2961.5512142
ABDUCTIONS,low_gold,100,4,10,3,1,0.3333333333333333,false,false,2961.5512142
ABDUCTIONS,low_gold,100,5,10,3,1,0.3333333333333333,false,false,2961.5512142
ABDUCTIONS,low_gold,100,6,10,3,2,0.6666666666666666,true,false,2961.5512142
ABDUCTIONS,low_gold,100,7,10,3,2,0.6666666666666666,true,false,2961.5512142
ABDUCTIONS,low_gold,100,8,10,3,2,0.6666666666666666,true,false,2961.5512142
ABDUCTIONS,band_aware,100,4,10,3,3,1,true,false,2961.5512142
ABDUCTIONS,band_aware,100,5,10,3,3,1,true,false,2961.5512142
ABDUCTIONS,band_aware,100,6,10,3,3,1,true,false,2961.5512142
ABDUCTIONS,band_aware,100,7,10,3,3,1,true,false,2961.5512142
ABDUCTIONS,band_aware,100,8,10,3,3,1,true,false,2961.5512142
ABDUCTIONS,confidence_aware,100,4,10,3,3,1,true,false,2961.5512142
ABDUCTIONS,confidence_aware,100,5,10,3,3,1,true,false,2961.5512142
ABDUCTIONS,confidence_aware,100,6,10,3,3,1,true,false,2961.5512142
ABDUCTIONS,confidence_aware,100,7,10,3,3,1,true,false,2961.5512142
ABDUCTIONS,confidence_aware,100,8,10,3,3,1,true,false,2961.5512142
ABDUCTIONS,hybrid_regular_cheap,100,4,10,3,3,1,true,false,2961.5512142
ABDUCTIONS,hybrid_regular_cheap,100,5,10,3,3,1,true,false,2961.5512142
ABDUCTIONS,hybrid_regular_cheap,100,6,10,3,3,1,true,false,2961.5512142
ABDUCTIONS,hybrid_regular_cheap,100,7,10,3,3,1,true,false,2961.5512142
ABDUCTIONS,hybrid_regular_cheap,100,8,10,3,3,1,true,false,2961.5512142
ABDUCTIONS,low_mean,150,4,10,3,3,1,true,false,4442.3268213
ABDUCTIONS,low_mean,150,5,10,3,3,1,true,false,4442.3268213
ABDUCTIONS,low_mean,150,6,10,3,3,1,true,false,4442.3268213
ABDUCTIONS,low_mean,150,7,10,3,3,1,true,false,4442.3268213
ABDUCTIONS,low_mean,150,8,10,3,3,1,true,false,4442.3268213
ABDUCTIONS,low_median,150,4,10,3,2,0.6666666666666666,false,false,4442.3268213
ABDUCTIONS,low_median,150,5,10,3,3,1,true,false,4442.3268213
ABDUCTIONS,low_median,150,6,10,3,3,1,true,false,4442.3268213
ABDUCTIONS,low_median,150,7,10,3,3,1,true,false,4442.3268213
ABDUCTIONS,low_median,150,8,10,3,3,1,true,false,4442.3268213
ABDUCTIONS,low_gold,150,4,10,3,2,0.6666666666666666,true,false,4442.3268213
ABDUCTIONS,low_gold,150,5,10,3,2,0.6666666666666666,true,false,4442.3268213
ABDUCTIONS,low_gold,150,6,10,3,2,0.6666666666666666,true,false,4442.3268213
ABDUCTIONS,low_gold,150,7,10,3,2,0.6666666666666666,true,false,4442.3268213
ABDUCTIONS,low_gold,150,8,10,3,2,0.6666666666666666,true,false,4442.3268213
ABDUCTIONS,band_aware,150,4,10,3,3,1,true,false,4442.3268213
ABDUCTIONS,band_aware,150,5,10,3,3,1,true,false,4442.3268213
ABDUCTIONS,band_aware,150,6,10,3,3,1,true,false,4442.3268213
ABDUCTIONS,band_aware,150,7,10,3,3,1,true,false,4442.3268213
ABDUCTIONS,band_aware,150,8,10,3,3,1,true,false,4442.3268213
ABDUCTIONS,confidence_aware,150,4,10,3,3,1,true,false,4442.3268213
ABDUCTIONS,confidence_aware,150,5,10,3,3,1,true,false,4442.3268213
ABDUCTIONS,confidence_aware,150,6,10,3,3,1,true,false,4442.3268213
ABDUCTIONS,confidence_aware,150,7,10,3,3,1,true,false,4442.3268213
ABDUCTIONS,confidence_aware,150,8,10,3,3,1,true,false,4442.3268213
ABDUCTIONS,hybrid_regular_cheap,150,4,10,3,3,1,true,false,4442.3268213
ABDUCTIONS,hybrid_regular_cheap,150,5,10,3,3,1,true,false,4442.3268213
ABDUCTIONS,hybrid_regular_cheap,150,6,10,3,3,1,true,false,4442.3268213
ABDUCTIONS,hybrid_regular_cheap,150,7,10,3,3,1,true,false,4442.3268213
ABDUCTIONS,hybrid_regular_cheap,150,8,10,3,3,1,true,false,4442.3268213
ABDUCTIONS,low_mean,250,4,10,3,2,0.6666666666666666,false,false,7403.8780355
ABDUCTIONS,low_mean,250,5,10,3,3,1,true,false,7403.8780355
ABDUCTIONS,low_mean,250,6,10,3,3,1,true,false,7403.8780355
ABDUCTIONS,low_mean,250,7,10,3,3,1,true,false,7403.8780355
ABDUCTIONS,low_mean,250,8,10,3,3,1,true,false,7403.8780355
ABDUCTIONS,low_median,250,4,10,3,2,0.6666666666666666,true,false,7403.8780355
ABDUCTIONS,low_median,250,5,10,3,2,0.6666666666666666,true,false,7403.8780355
ABDUCTIONS,low_median,250,6,10,3,3,1,true,false,7403.8780355
ABDUCTIONS,low_median,250,7,10,3,3,1,true,false,7403.8780355
ABDUCTIONS,low_median,250,8,10,3,3,1,true,false,7403.8780355
ABDUCTIONS,low_gold,250,4,10,3,2,0.6666666666666666,true,false,7403.8780355
ABDUCTIONS,low_gold,250,5,10,3,2,0.6666666666666666,true,false,7403.8780355
ABDUCTIONS,low_gold,250,6,10,3,2,0.6666666666666666,true,false,7403.8780355
ABDUCTIONS,low_gold,250,7,10,3,2,0.6666666666666666,true,false,7403.8780355
ABDUCTIONS,low_gold,250,8,10,3,3,1,true,false,7403.8780355
ABDUCTIONS,band_aware,250,4,10,3,2,0.6666666666666666,false,false,7403.8780355
ABDUCTIONS,band_aware,250,5,10,3,3,1,true,false,7403.8780355
ABDUCTIONS,band_aware,250,6,10,3,3,1,true,false,7403.8780355
ABDUCTIONS,band_aware,250,7,10,3,3,1,true,false,7403.8780355
ABDUCTIONS,band_aware,250,8,10,3,3,1,true,false,7403.8780355
ABDUCTIONS,confidence_aware,250,4,10,3,2,0.6666666666666666,false,false,7403.8780355
ABDUCTIONS,confidence_aware,250,5,10,3,3,1,true,false,7403.8780355
ABDUCTIONS,confidence_aware,250,6,10,3,3,1,true,false,7403.8780355
ABDUCTIONS,confidence_aware,250,7,10,3,3,1,true,false,7403.8780355
ABDUCTIONS,confidence_aware,250,8,10,3,3,1,true,false,7403.8780355
ABDUCTIONS,hybrid_regular_cheap,250,4,10,3,2,0.6666666666666666,false,false,7403.8780355
ABDUCTIONS,hybrid_regular_cheap,250,5,10,3,3,1,true,false,7403.8780355
ABDUCTIONS,hybrid_regular_cheap,250,6,10,3,3,1,true,false,7403.8780355
ABDUCTIONS,hybrid_regular_cheap,250,7,10,3,3,1,true,false,7403.8780355
ABDUCTIONS,hybrid_regular_cheap,250,8,10,3,3,1,true,false,7403.8780355
ABDUCTIONS,low_mean_frontier,25,5,10,3,1,0.3333333333333333,false,false,740.38780355
ABDUCTIONS,low_mean_frontier,50,5,10,3,2,0.6666666666666666,false,false,1480.7756071
ABDUCTIONS,low_mean_frontier,75,5,10,3,3,1,true,false,2221.16341065
ABDUCTIONS,low_mean_frontier,100,5,10,3,3,1,true,false,2961.5512142
ABDUCTIONS,low_mean_frontier,150,5,10,3,3,1,true,false,4442.3268213
ABDUCTIONS,low_mean_frontier,250,5,10,3,3,1,true,false,7403.8780355
ABHORRENCE,low_mean,25,4,10,3,3,1,true,false,710.3689999000001
ABHORRENCE,low_mean,25,5,10,3,3,1,true,false,710.3689999000001
ABHORRENCE,low_mean,25,6,10,3,3,1,true,false,710.3689999000001
ABHORRENCE,low_mean,25,7,10,3,3,1,true,false,710.3689999000001
ABHORRENCE,low_mean,25,8,10,3,3,1,true,false,710.3689999000001
ABHORRENCE,low_median,25,4,10,3,2,0.6666666666666666,false,false,710.3689999000001
ABHORRENCE,low_median,25,5,10,3,3,1,true,false,710.3689999000001
ABHORRENCE,low_median,25,6,10,3,3,1,true,false,710.3689999000001
ABHORRENCE,low_median,25,7,10,3,3,1,true,false,710.3689999000001
ABHORRENCE,low_median,25,8,10,3,3,1,true,false,710.3689999000001
ABHORRENCE,low_gold,25,4,10,3,1,0.3333333333333333,false,false,710.3689999000001
ABHORRENCE,low_gold,25,5,10,3,1,0.3333333333333333,false,false,710.3689999000001
ABHORRENCE,low_gold,25,6,10,3,1,0.3333333333333333,false,false,710.3689999000001
ABHORRENCE,low_gold,25,7,10,3,2,0.6666666666666666,false,false,710.3689999000001
ABHORRENCE,low_gold,25,8,10,3,3,1,true,false,710.3689999000001
ABHORRENCE,band_aware,25,4,10,3,3,1,true,false,710.3689999000001
ABHORRENCE,band_aware,25,5,10,3,3,1,true,false,710.3689999000001
ABHORRENCE,band_aware,25,6,10,3,3,1,true,false,710.3689999000001
ABHORRENCE,band_aware,25,7,10,3,3,1,true,false,710.3689999000001
ABHORRENCE,band_aware,25,8,10,3,3,1,true,false,710.3689999000001
ABHORRENCE,confidence_aware,25,4,10,3,3,1,true,false,710.3689999000001
ABHORRENCE,confidence_aware,25,5,10,3,3,1,true,false,710.3689999000001
ABHORRENCE,confidence_aware,25,6,10,3,3,1,true,false,710.3689999000001
ABHORRENCE,confidence_aware,25,7,10,3,3,1,true,false,710.3689999000001
ABHORRENCE,confidence_aware,25,8,10,3,3,1,true,false,710.3689999000001
ABHORRENCE,hybrid_regular_cheap,25,4,10,3,3,1,true,false,710.3689999000001
ABHORRENCE,hybrid_regular_cheap,25,5,10,3,3,1,true,false,710.3689999000001
ABHORRENCE,hybrid_regular_cheap,25,6,10,3,3,1,true,false,710.3689999000001
ABHORRENCE,hybrid_regular_cheap,25,7,10,3,3,1,true,false,710.3689999000001
ABHORRENCE,hybrid_regular_cheap,25,8,10,3,3,1,true,false,710.3689999000001
ABHORRENCE,low_mean,50,4,10,3,1,0.3333333333333333,true,false,1420.7379998000001
ABHORRENCE,low_mean,50,5,10,3,1,0.3333333333333333,true,false,1420.7379998000001
ABHORRENCE,low_mean,50,6,10,3,2,0.6666666666666666,true,false,1420.7379998000001
ABHORRENCE,low_mean,50,7,10,3,3,1,true,false,1420.7379998000001
ABHORRENCE,low_mean,50,8,10,3,3,1,true,false,1420.7379998000001
ABHORRENCE,low_median,50,4,10,3,1,0.3333333333333333,false,false,1420.7379998000001
ABHORRENCE,low_median,50,5,10,3,2,0.6666666666666666,false,false,1420.7379998000001
ABHORRENCE,low_median,50,6,10,3,3,1,true,false,1420.7379998000001
ABHORRENCE,low_median,50,7,10,3,3,1,true,false,1420.7379998000001
ABHORRENCE,low_median,50,8,10,3,3,1,true,false,1420.7379998000001
ABHORRENCE,low_gold,50,4,10,3,1,0.3333333333333333,false,false,1420.7379998000001
ABHORRENCE,low_gold,50,5,10,3,1,0.3333333333333333,false,false,1420.7379998000001
ABHORRENCE,low_gold,50,6,10,3,2,0.6666666666666666,false,false,1420.7379998000001
ABHORRENCE,low_gold,50,7,10,3,2,0.6666666666666666,false,false,1420.7379998000001
ABHORRENCE,low_gold,50,8,10,3,3,1,true,false,1420.7379998000001
ABHORRENCE,band_aware,50,4,10,3,1,0.3333333333333333,true,false,1420.7379998000001
ABHORRENCE,band_aware,50,5,10,3,1,0.3333333333333333,true,false,1420.7379998000001
ABHORRENCE,band_aware,50,6,10,3,2,0.6666666666666666,true,false,1420.7379998000001
ABHORRENCE,band_aware,50,7,10,3,3,1,true,false,1420.7379998000001
ABHORRENCE,band_aware,50,8,10,3,3,1,true,false,1420.7379998000001
ABHORRENCE,confidence_aware,50,4,10,3,1,0.3333333333333333,true,false,1420.7379998000001
ABHORRENCE,confidence_aware,50,5,10,3,1,0.3333333333333333,true,false,1420.7379998000001
ABHORRENCE,confidence_aware,50,6,10,3,2,0.6666666666666666,true,false,1420.7379998000001
ABHORRENCE,confidence_aware,50,7,10,3,3,1,true,false,1420.7379998000001
ABHORRENCE,confidence_aware,50,8,10,3,3,1,true,false,1420.7379998000001
ABHORRENCE,hybrid_regular_cheap,50,4,10,3,1,0.3333333333333333,true,false,1420.7379998000001
ABHORRENCE,hybrid_regular_cheap,50,5,10,3,1,0.3333333333333333,true,false,1420.7379998000001
ABHORRENCE,hybrid_regular_cheap,50,6,10,3,2,0.6666666666666666,true,false,1420.7379998000001
ABHORRENCE,hybrid_regular_cheap,50,7,10,3,3,1,true,false,1420.7379998000001
ABHORRENCE,hybrid_regular_cheap,50,8,10,3,3,1,true,false,1420.7379998000001
ABHORRENCE,low_mean,75,4,10,3,2,0.6666666666666666,true,false,2131.1069997
ABHORRENCE,low_mean,75,5,10,3,3,1,true,false,2131.1069997
ABHORRENCE,low_mean,75,6,10,3,3,1,true,false,2131.1069997
ABHORRENCE,low_mean,75,7,10,3,3,1,true,false,2131.1069997
ABHORRENCE,low_mean,75,8,10,3,3,1,true,false,2131.1069997
ABHORRENCE,low_median,75,4,10,3,1,0.3333333333333333,false,false,2131.1069997
ABHORRENCE,low_median,75,5,10,3,2,0.6666666666666666,true,false,2131.1069997
ABHORRENCE,low_median,75,6,10,3,3,1,true,false,2131.1069997
ABHORRENCE,low_median,75,7,10,3,3,1,true,false,2131.1069997
ABHORRENCE,low_median,75,8,10,3,3,1,true,false,2131.1069997
ABHORRENCE,low_gold,75,4,10,3,2,0.6666666666666666,false,false,2131.1069997
ABHORRENCE,low_gold,75,5,10,3,2,0.6666666666666666,false,false,2131.1069997
ABHORRENCE,low_gold,75,6,10,3,3,1,true,false,2131.1069997
ABHORRENCE,low_gold,75,7,10,3,3,1,true,false,2131.1069997
ABHORRENCE,low_gold,75,8,10,3,3,1,true,false,2131.1069997
ABHORRENCE,band_aware,75,4,10,3,2,0.6666666666666666,true,false,2131.1069997
ABHORRENCE,band_aware,75,5,10,3,3,1,true,false,2131.1069997
ABHORRENCE,band_aware,75,6,10,3,3,1,true,false,2131.1069997
ABHORRENCE,band_aware,75,7,10,3,3,1,true,false,2131.1069997
ABHORRENCE,band_aware,75,8,10,3,3,1,true,false,2131.1069997
ABHORRENCE,confidence_aware,75,4,10,3,2,0.6666666666666666,true,false,2131.1069997
ABHORRENCE,confidence_aware,75,5,10,3,3,1,true,false,2131.1069997
ABHORRENCE,confidence_aware,75,6,10,3,3,1,true,false,2131.1069997
ABHORRENCE,confidence_aware,75,7,10,3,3,1,true,false,2131.1069997
ABHORRENCE,confidence_aware,75,8,10,3,3,1,true,false,2131.1069997
ABHORRENCE,hybrid_regular_cheap,75,4,10,3,2,0.6666666666666666,true,false,2131.1069997
ABHORRENCE,hybrid_regular_cheap,75,5,10,3,3,1,true,false,2131.1069997
ABHORRENCE,hybrid_regular_cheap,75,6,10,3,3,1,true,false,2131.1069997
ABHORRENCE,hybrid_regular_cheap,75,7,10,3,3,1,true,false,2131.1069997
ABHORRENCE,hybrid_regular_cheap,75,8,10,3,3,1,true,false,2131.1069997
ABHORRENCE,low_mean,100,4,10,3,3,1,true,false,2841.4759996000003
ABHORRENCE,low_mean,100,5,10,3,3,1,true,false,2841.4759996000003
ABHORRENCE,low_mean,100,6,10,3,3,1,true,false,2841.4759996000003
ABHORRENCE,low_mean,100,7,10,3,3,1,true,false,2841.4759996000003
ABHORRENCE,low_mean,100,8,10,3,3,1,true,false,2841.4759996000003
ABHORRENCE,low_median,100,4,10,3,1,0.3333333333333333,false,false,2841.4759996000003
ABHORRENCE,low_median,100,5,10,3,2,0.6666666666666666,true,false,2841.4759996000003
ABHORRENCE,low_median,100,6,10,3,3,1,true,false,2841.4759996000003
ABHORRENCE,low_median,100,7,10,3,3,1,true,false,2841.4759996000003
ABHORRENCE,low_median,100,8,10,3,3,1,true,false,2841.4759996000003
ABHORRENCE,low_gold,100,4,10,3,3,1,true,false,2841.4759996000003
ABHORRENCE,low_gold,100,5,10,3,3,1,true,false,2841.4759996000003
ABHORRENCE,low_gold,100,6,10,3,3,1,true,false,2841.4759996000003
ABHORRENCE,low_gold,100,7,10,3,3,1,true,false,2841.4759996000003
ABHORRENCE,low_gold,100,8,10,3,3,1,true,false,2841.4759996000003
ABHORRENCE,band_aware,100,4,10,3,3,1,true,false,2841.4759996000003
ABHORRENCE,band_aware,100,5,10,3,3,1,true,false,2841.4759996000003
ABHORRENCE,band_aware,100,6,10,3,3,1,true,false,2841.4759996000003
ABHORRENCE,band_aware,100,7,10,3,3,1,true,false,2841.4759996000003
ABHORRENCE,band_aware,100,8,10,3,3,1,true,false,2841.4759996000003
ABHORRENCE,confidence_aware,100,4,10,3,3,1,true,false,2841.4759996000003
ABHORRENCE,confidence_aware,100,5,10,3,3,1,true,false,2841.4759996000003
ABHORRENCE,confidence_aware,100,6,10,3,3,1,true,false,2841.4759996000003
ABHORRENCE,confidence_aware,100,7,10,3,3,1,true,false,2841.4759996000003
ABHORRENCE,confidence_aware,100,8,10,3,3,1,true,false,2841.4759996000003
ABHORRENCE,hybrid_regular_cheap,100,4,10,3,3,1,true,false,2841.4759996000003
ABHORRENCE,hybrid_regular_cheap,100,5,10,3,3,1,true,false,2841.4759996000003
ABHORRENCE,hybrid_regular_cheap,100,6,10,3,3,1,true,false,2841.4759996000003
ABHORRENCE,hybrid_regular_cheap,100,7,10,3,3,1,true,false,2841.4759996000003
ABHORRENCE,hybrid_regular_cheap,100,8,10,3,3,1,true,false,2841.4759996000003
ABHORRENCE,low_mean,150,4,10,3,3,1,true,false,4262.2139994
ABHORRENCE,low_mean,150,5,10,3,3,1,true,false,4262.2139994
ABHORRENCE,low_mean,150,6,10,3,3,1,true,false,4262.2139994
ABHORRENCE,low_mean,150,7,10,3,3,1,true,false,4262.2139994
ABHORRENCE,low_mean,150,8,10,3,3,1,true,false,4262.2139994
ABHORRENCE,low_median,150,4,10,3,1,0.3333333333333333,false,false,4262.2139994
ABHORRENCE,low_median,150,5,10,3,2,0.6666666666666666,true,false,4262.2139994
ABHORRENCE,low_median,150,6,10,3,3,1,true,false,4262.2139994
ABHORRENCE,low_median,150,7,10,3,3,1,true,false,4262.2139994
ABHORRENCE,low_median,150,8,10,3,3,1,true,false,4262.2139994
ABHORRENCE,low_gold,150,4,10,3,2,0.6666666666666666,true,false,4262.2139994
ABHORRENCE,low_gold,150,5,10,3,2,0.6666666666666666,true,false,4262.2139994
ABHORRENCE,low_gold,150,6,10,3,3,1,true,false,4262.2139994
ABHORRENCE,low_gold,150,7,10,3,3,1,true,false,4262.2139994
ABHORRENCE,low_gold,150,8,10,3,3,1,true,false,4262.2139994
ABHORRENCE,band_aware,150,4,10,3,3,1,true,false,4262.2139994
ABHORRENCE,band_aware,150,5,10,3,3,1,true,false,4262.2139994
ABHORRENCE,band_aware,150,6,10,3,3,1,true,false,4262.2139994
ABHORRENCE,band_aware,150,7,10,3,3,1,true,false,4262.2139994
ABHORRENCE,band_aware,150,8,10,3,3,1,true,false,4262.2139994
ABHORRENCE,confidence_aware,150,4,10,3,3,1,true,false,4262.2139994
ABHORRENCE,confidence_aware,150,5,10,3,3,1,true,false,4262.2139994
ABHORRENCE,confidence_aware,150,6,10,3,3,1,true,false,4262.2139994
ABHORRENCE,confidence_aware,150,7,10,3,3,1,true,false,4262.2139994
ABHORRENCE,confidence_aware,150,8,10,3,3,1,true,false,4262.2139994
ABHORRENCE,hybrid_regular_cheap,150,4,10,3,3,1,true,false,4262.2139994
ABHORRENCE,hybrid_regular_cheap,150,5,10,3,3,1,true,false,4262.2139994
ABHORRENCE,hybrid_regular_cheap,150,6,10,3,3,1,true,false,4262.2139994
ABHORRENCE,hybrid_regular_cheap,150,7,10,3,3,1,true,false,4262.2139994
ABHORRENCE,hybrid_regular_cheap,150,8,10,3,3,1,true,false,4262.2139994
ABHORRENCE,low_mean,250,4,10,3,3,1,true,false,7103.689999
ABHORRENCE,low_mean,250,5,10,3,3,1,true,false,7103.689999
ABHORRENCE,low_mean,250,6,10,3,3,1,true,false,7103.689999
ABHORRENCE,low_mean,250,7,10,3,3,1,true,false,7103.689999
ABHORRENCE,low_mean,250,8,10,3,3,1,true,false,7103.689999
ABHORRENCE,low_median,250,4,10,3,2,0.6666666666666666,false,false,7103.689999
ABHORRENCE,low_median,250,5,10,3,2,0.6666666666666666,false,false,7103.689999
ABHORRENCE,low_median,250,6,10,3,3,1,true,false,7103.689999
ABHORRENCE,low_median,250,7,10,3,3,1,true,false,7103.689999
ABHORRENCE,low_median,250,8,10,3,3,1,true,false,7103.689999
ABHORRENCE,low_gold,250,4,10,3,2,0.6666666666666666,false,false,7103.689999
ABHORRENCE,low_gold,250,5,10,3,2,0.6666666666666666,false,false,7103.689999
ABHORRENCE,low_gold,250,6,10,3,3,1,true,false,7103.689999
ABHORRENCE,low_gold,250,7,10,3,3,1,true,false,7103.689999
ABHORRENCE,low_gold,250,8,10,3,3,1,true,false,7103.689999
ABHORRENCE,band_aware,250,4,10,3,3,1,true,false,7103.689999
ABHORRENCE,band_aware,250,5,10,3,3,1,true,false,7103.689999
ABHORRENCE,band_aware,250,6,10,3,3,1,true,false,7103.689999
ABHORRENCE,band_aware,250,7,10,3,3,1,true,false,7103.689999
ABHORRENCE,band_aware,250,8,10,3,3,1,true,false,7103.689999
ABHORRENCE,confidence_aware,250,4,10,3,3,1,true,false,7103.689999
ABHORRENCE,confidence_aware,250,5,10,3,3,1,true,false,7103.689999
ABHORRENCE,confidence_aware,250,6,10,3,3,1,true,false,7103.689999
ABHORRENCE,confidence_aware,250,7,10,3,3,1,true,false,7103.689999
ABHORRENCE,confidence_aware,250,8,10,3,3,1,true,false,7103.689999
ABHORRENCE,hybrid_regular_cheap,250,4,10,3,3,1,true,false,7103.689999
ABHORRENCE,hybrid_regular_cheap,250,5,10,3,3,1,true,false,7103.689999
ABHORRENCE,hybrid_regular_cheap,250,6,10,3,3,1,true,false,7103.689999
ABHORRENCE,hybrid_regular_cheap,250,7,10,3,3,1,true,false,7103.689999
ABHORRENCE,hybrid_regular_cheap,250,8,10,3,3,1,true,false,7103.689999
ABHORRENCE,low_mean_frontier,25,5,10,3,3,1,true,false,710.3689999000001
ABHORRENCE,low_mean_frontier,50,5,10,3,1,0.3333333333333333,true,false,1420.7379998000001
ABHORRENCE,low_mean_frontier,75,5,10,3,3,1,true,false,2131.1069997
ABHORRENCE,low_mean_frontier,100,5,10,3,3,1,true,false,2841.4759996000003
ABHORRENCE,low_mean_frontier,150,5,10,3,3,1,true,false,4262.2139994
ABHORRENCE,low_mean_frontier,250,5,10,3,3,1,true,false,7103.689999
ABOLISHING,low_mean,25,4,10,3,1,0.3333333333333333,true,false,745.5174885
ABOLISHING,low_mean,25,5,10,3,1,0.3333333333333333,true,false,745.5174885
ABOLISHING,low_mean,25,6,10,3,1,0.3333333333333333,true,false,745.5174885
ABOLISHING,low_mean,25,7,10,3,2,0.6666666666666666,true,false,745.5174885
ABOLISHING,low_mean,25,8,10,3,3,1,true,false,745.5174885
ABOLISHING,low_median,25,4,10,3,1,0.3333333333333333,true,false,745.5174885
ABOLISHING,low_median,25,5,10,3,1,0.3333333333333333,true,false,745.5174885
ABOLISHING,low_median,25,6,10,3,1,0.3333333333333333,true,false,745.5174885
ABOLISHING,low_median,25,7,10,3,2,0.6666666666666666,true,false,745.5174885
ABOLISHING,low_median,25,8,10,3,2,0.6666666666666666,true,false,745.5174885
ABOLISHING,low_gold,25,4,10,3,1,0.3333333333333333,false,false,745.5174885
ABOLISHING,low_gold,25,5,10,3,1,0.3333333333333333,false,false,745.5174885
ABOLISHING,low_gold,25,6,10,3,2,0.6666666666666666,true,false,745.5174885
ABOLISHING,low_gold,25,7,10,3,2,0.6666666666666666,true,false,745.5174885
ABOLISHING,low_gold,25,8,10,3,3,1,true,false,745.5174885
ABOLISHING,band_aware,25,4,10,3,1,0.3333333333333333,true,false,745.5174885
ABOLISHING,band_aware,25,5,10,3,1,0.3333333333333333,true,false,745.5174885
ABOLISHING,band_aware,25,6,10,3,1,0.3333333333333333,true,false,745.5174885
ABOLISHING,band_aware,25,7,10,3,2,0.6666666666666666,true,false,745.5174885
ABOLISHING,band_aware,25,8,10,3,3,1,true,false,745.5174885
ABOLISHING,confidence_aware,25,4,10,3,1,0.3333333333333333,true,false,745.5174885
ABOLISHING,confidence_aware,25,5,10,3,1,0.3333333333333333,true,false,745.5174885
ABOLISHING,confidence_aware,25,6,10,3,1,0.3333333333333333,true,false,745.5174885
ABOLISHING,confidence_aware,25,7,10,3,2,0.6666666666666666,true,false,745.5174885
ABOLISHING,confidence_aware,25,8,10,3,3,1,true,false,745.5174885
ABOLISHING,hybrid_regular_cheap,25,4,10,3,1,0.3333333333333333,true,false,745.5174885
ABOLISHING,hybrid_regular_cheap,25,5,10,3,1,0.3333333333333333,true,false,745.5174885
ABOLISHING,hybrid_regular_cheap,25,6,10,3,1,0.3333333333333333,true,false,745.5174885
ABOLISHING,hybrid_regular_cheap,25,7,10,3,2,0.6666666666666666,true,false,745.5174885
ABOLISHING,hybrid_regular_cheap,25,8,10,3,3,1,true,false,745.5174885
ABOLISHING,low_mean,50,4,10,3,2,0.6666666666666666,true,false,1491.034977
ABOLISHING,low_mean,50,5,10,3,2,0.6666666666666666,true,false,1491.034977
ABOLISHING,low_mean,50,6,10,3,2,0.6666666666666666,true,false,1491.034977
ABOLISHING,low_mean,50,7,10,3,3,1,true,false,1491.034977
ABOLISHING,low_mean,50,8,10,3,3,1,true,false,1491.034977
ABOLISHING,low_median,50,4,10,3,2,0.6666666666666666,true,false,1491.034977
ABOLISHING,low_median,50,5,10,3,2,0.6666666666666666,true,false,1491.034977
ABOLISHING,low_median,50,6,10,3,2,0.6666666666666666,true,false,1491.034977
ABOLISHING,low_median,50,7,10,3,2,0.6666666666666666,true,false,1491.034977
ABOLISHING,low_median,50,8,10,3,3,1,true,false,1491.034977
ABOLISHING,low_gold,50,4,10,3,2,0.6666666666666666,true,false,1491.034977
ABOLISHING,low_gold,50,5,10,3,2,0.6666666666666666,true,false,1491.034977
ABOLISHING,low_gold,50,6,10,3,2,0.6666666666666666,true,false,1491.034977
ABOLISHING,low_gold,50,7,10,3,2,0.6666666666666666,true,false,1491.034977
ABOLISHING,low_gold,50,8,10,3,2,0.6666666666666666,true,false,1491.034977
ABOLISHING,band_aware,50,4,10,3,2,0.6666666666666666,true,false,1491.034977
ABOLISHING,band_aware,50,5,10,3,2,0.6666666666666666,true,false,1491.034977
ABOLISHING,band_aware,50,6,10,3,2,0.6666666666666666,true,false,1491.034977
ABOLISHING,band_aware,50,7,10,3,3,1,true,false,1491.034977
ABOLISHING,band_aware,50,8,10,3,3,1,true,false,1491.034977
ABOLISHING,confidence_aware,50,4,10,3,2,0.6666666666666666,true,false,1491.034977
ABOLISHING,confidence_aware,50,5,10,3,2,0.6666666666666666,true,false,1491.034977
ABOLISHING,confidence_aware,50,6,10,3,2,0.6666666666666666,true,false,1491.034977
ABOLISHING,confidence_aware,50,7,10,3,3,1,true,false,1491.034977
ABOLISHING,confidence_aware,50,8,10,3,3,1,true,false,1491.034977
ABOLISHING,hybrid_regular_cheap,50,4,10,3,2,0.6666666666666666,true,false,1491.034977
ABOLISHING,hybrid_regular_cheap,50,5,10,3,2,0.6666666666666666,true,false,1491.034977
ABOLISHING,hybrid_regular_cheap,50,6,10,3,2,0.6666666666666666,true,false,1491.034977
ABOLISHING,hybrid_regular_cheap,50,7,10,3,3,1,true,false,1491.034977
ABOLISHING,hybrid_regular_cheap,50,8,10,3,3,1,true,false,1491.034977
ABOLISHING,low_mean,75,4,10,3,2,0.6666666666666666,true,false,2236.5524655
ABOLISHING,low_mean,75,5,10,3,2,0.6666666666666666,true,false,2236.5524655
ABOLISHING,low_mean,75,6,10,3,2,0.6666666666666666,true,false,2236.5524655
ABOLISHING,low_mean,75,7,10,3,3,1,true,false,2236.5524655
ABOLISHING,low_mean,75,8,10,3,3,1,true,false,2236.5524655
ABOLISHING,low_median,75,4,10,3,1,0.3333333333333333,false,false,2236.5524655
ABOLISHING,low_median,75,5,10,3,1,0.3333333333333333,false,false,2236.5524655
ABOLISHING,low_median,75,6,10,3,2,0.6666666666666666,true,false,2236.5524655
ABOLISHING,low_median,75,7,10,3,2,0.6666666666666666,true,false,2236.5524655
ABOLISHING,low_median,75,8,10,3,2,0.6666666666666666,true,false,2236.5524655
ABOLISHING,low_gold,75,4,10,3,2,0.6666666666666666,true,false,2236.5524655
ABOLISHING,low_gold,75,5,10,3,2,0.6666666666666666,true,false,2236.5524655
ABOLISHING,low_gold,75,6,10,3,2,0.6666666666666666,true,false,2236.5524655
ABOLISHING,low_gold,75,7,10,3,2,0.6666666666666666,true,false,2236.5524655
ABOLISHING,low_gold,75,8,10,3,2,0.6666666666666666,true,false,2236.5524655
ABOLISHING,band_aware,75,4,10,3,2,0.6666666666666666,true,false,2236.5524655
ABOLISHING,band_aware,75,5,10,3,2,0.6666666666666666,true,false,2236.5524655
ABOLISHING,band_aware,75,6,10,3,2,0.6666666666666666,true,false,2236.5524655
ABOLISHING,band_aware,75,7,10,3,3,1,true,false,2236.5524655
ABOLISHING,band_aware,75,8,10,3,3,1,true,false,2236.5524655
ABOLISHING,confidence_aware,75,4,10,3,2,0.6666666666666666,true,false,2236.5524655
ABOLISHING,confidence_aware,75,5,10,3,2,0.6666666666666666,true,false,2236.5524655
ABOLISHING,confidence_aware,75,6,10,3,2,0.6666666666666666,true,false,2236.5524655
ABOLISHING,confidence_aware,75,7,10,3,3,1,true,false,2236.5524655
ABOLISHING,confidence_aware,75,8,10,3,3,1,true,false,2236.5524655
ABOLISHING,hybrid_regular_cheap,75,4,10,3,2,0.6666666666666666,true,false,2236.5524655
ABOLISHING,hybrid_regular_cheap,75,5,10,3,2,0.6666666666666666,true,false,2236.5524655
ABOLISHING,hybrid_regular_cheap,75,6,10,3,2,0.6666666666666666,true,false,2236.5524655
ABOLISHING,hybrid_regular_cheap,75,7,10,3,3,1,true,false,2236.5524655
ABOLISHING,hybrid_regular_cheap,75,8,10,3,3,1,true,false,2236.5524655
ABOLISHING,low_mean,100,4,10,3,1,0.3333333333333333,false,false,2982.069954
ABOLISHING,low_mean,100,5,10,3,2,0.6666666666666666,true,false,2982.069954
ABOLISHING,low_mean,100,6,10,3,2,0.6666666666666666,true,false,2982.069954
ABOLISHING,low_mean,100,7,10,3,2,0.6666666666666666,true,false,2982.069954
ABOLISHING,low_mean,100,8,10,3,3,1,true,false,2982.069954
ABOLISHING,low_median,100,4,10,3,2,0.6666666666666666,true,false,2982.069954
ABOLISHING,low_median,100,5,10,3,2,0.6666666666666666,true,false,2982.069954
ABOLISHING,low_median,100,6,10,3,2,0.6666666666666666,true,false,2982.069954
ABOLISHING,low_median,100,7,10,3,2,0.6666666666666666,true,false,2982.069954
ABOLISHING,low_median,100,8,10,3,3,1,true,false,2982.069954
ABOLISHING,low_gold,100,4,10,3,1,0.3333333333333333,true,false,2982.069954
ABOLISHING,low_gold,100,5,10,3,1,0.3333333333333333,true,false,2982.069954
ABOLISHING,low_gold,100,6,10,3,2,0.6666666666666666,true,false,2982.069954
ABOLISHING,low_gold,100,7,10,3,2,0.6666666666666666,true,false,2982.069954
ABOLISHING,low_gold,100,8,10,3,2,0.6666666666666666,true,false,2982.069954
ABOLISHING,band_aware,100,4,10,3,1,0.3333333333333333,false,false,2982.069954
ABOLISHING,band_aware,100,5,10,3,2,0.6666666666666666,true,false,2982.069954
ABOLISHING,band_aware,100,6,10,3,2,0.6666666666666666,true,false,2982.069954
ABOLISHING,band_aware,100,7,10,3,2,0.6666666666666666,true,false,2982.069954
ABOLISHING,band_aware,100,8,10,3,3,1,true,false,2982.069954
ABOLISHING,confidence_aware,100,4,10,3,1,0.3333333333333333,false,false,2982.069954
ABOLISHING,confidence_aware,100,5,10,3,2,0.6666666666666666,true,false,2982.069954
ABOLISHING,confidence_aware,100,6,10,3,2,0.6666666666666666,true,false,2982.069954
ABOLISHING,confidence_aware,100,7,10,3,2,0.6666666666666666,true,false,2982.069954
ABOLISHING,confidence_aware,100,8,10,3,3,1,true,false,2982.069954
ABOLISHING,hybrid_regular_cheap,100,4,10,3,1,0.3333333333333333,false,false,2982.069954
ABOLISHING,hybrid_regular_cheap,100,5,10,3,2,0.6666666666666666,true,false,2982.069954
ABOLISHING,hybrid_regular_cheap,100,6,10,3,2,0.6666666666666666,true,false,2982.069954
ABOLISHING,hybrid_regular_cheap,100,7,10,3,2,0.6666666666666666,true,false,2982.069954
ABOLISHING,hybrid_regular_cheap,100,8,10,3,3,1,true,false,2982.069954
ABOLISHING,low_mean,150,4,10,3,2,0.6666666666666666,true,false,4473.104931
ABOLISHING,low_mean,150,5,10,3,2,0.6666666666666666,true,false,4473.104931
ABOLISHING,low_mean,150,6,10,3,3,1,true,false,4473.104931
ABOLISHING,low_mean,150,7,10,3,3,1,true,false,4473.104931
ABOLISHING,low_mean,150,8,10,3,3,1,true,false,4473.104931
ABOLISHING,low_median,150,4,10,3,1,0.3333333333333333,true,false,4473.104931
ABOLISHING,low_median,150,5,10,3,2,0.6666666666666666,true,false,4473.104931
ABOLISHING,low_median,150,6,10,3,2,0.6666666666666666,true,false,4473.104931
ABOLISHING,low_median,150,7,10,3,2,0.6666666666666666,true,false,4473.104931
ABOLISHING,low_median,150,8,10,3,3,1,true,false,4473.104931
ABOLISHING,low_gold,150,4,10,3,1,0.3333333333333333,true,false,4473.104931
ABOLISHING,low_gold,150,5,10,3,2,0.6666666666666666,true,false,4473.104931
ABOLISHING,low_gold,150,6,10,3,2,0.6666666666666666,true,false,4473.104931
ABOLISHING,low_gold,150,7,10,3,2,0.6666666666666666,true,false,4473.104931
ABOLISHING,low_gold,150,8,10,3,2,0.6666666666666666,true,false,4473.104931
ABOLISHING,band_aware,150,4,10,3,2,0.6666666666666666,true,false,4473.104931
ABOLISHING,band_aware,150,5,10,3,2,0.6666666666666666,true,false,4473.104931
ABOLISHING,band_aware,150,6,10,3,3,1,true,false,4473.104931
ABOLISHING,band_aware,150,7,10,3,3,1,true,false,4473.104931
ABOLISHING,band_aware,150,8,10,3,3,1,true,false,4473.104931
ABOLISHING,confidence_aware,150,4,10,3,2,0.6666666666666666,true,false,4473.104931
ABOLISHING,confidence_aware,150,5,10,3,2,0.6666666666666666,true,false,4473.104931
ABOLISHING,confidence_aware,150,6,10,3,3,1,true,false,4473.104931
ABOLISHING,confidence_aware,150,7,10,3,3,1,true,false,4473.104931
ABOLISHING,confidence_aware,150,8,10,3,3,1,true,false,4473.104931
ABOLISHING,hybrid_regular_cheap,150,4,10,3,2,0.6666666666666666,true,false,4473.104931
ABOLISHING,hybrid_regular_cheap,150,5,10,3,2,0.6666666666666666,true,false,4473.104931
ABOLISHING,hybrid_regular_cheap,150,6,10,3,3,1,true,false,4473.104931
ABOLISHING,hybrid_regular_cheap,150,7,10,3,3,1,true,false,4473.104931
ABOLISHING,hybrid_regular_cheap,150,8,10,3,3,1,true,false,4473.104931
ABOLISHING,low_mean,250,4,10,3,1,0.3333333333333333,false,false,7455.174885
ABOLISHING,low_mean,250,5,10,3,2,0.6666666666666666,true,false,7455.174885
ABOLISHING,low_mean,250,6,10,3,3,1,true,false,7455.174885
ABOLISHING,low_mean,250,7,10,3,3,1,true,false,7455.174885
ABOLISHING,low_mean,250,8,10,3,3,1,true,false,7455.174885
ABOLISHING,low_median,250,4,10,3,1,0.3333333333333333,false,false,7455.174885
ABOLISHING,low_median,250,5,10,3,2,0.6666666666666666,true,false,7455.174885
ABOLISHING,low_median,250,6,10,3,3,1,true,false,7455.174885
ABOLISHING,low_median,250,7,10,3,3,1,true,false,7455.174885
ABOLISHING,low_median,250,8,10,3,3,1,true,false,7455.174885
ABOLISHING,low_gold,250,4,10,3,2,0.6666666666666666,true,false,7455.174885
ABOLISHING,low_gold,250,5,10,3,2,0.6666666666666666,true,false,7455.174885
ABOLISHING,low_gold,250,6,10,3,2,0.6666666666666666,true,false,7455.174885
ABOLISHING,low_gold,250,7,10,3,2,0.6666666666666666,true,false,7455.174885
ABOLISHING,low_gold,250,8,10,3,2,0.6666666666666666,true,false,7455.174885
ABOLISHING,band_aware,250,4,10,3,2,0.6666666666666666,true,false,7455.174885
ABOLISHING,band_aware,250,5,10,3,2,0.6666666666666666,true,false,7455.174885
ABOLISHING,band_aware,250,6,10,3,3,1,true,false,7455.174885
ABOLISHING,band_aware,250,7,10,3,3,1,true,false,7455.174885
ABOLISHING,band_aware,250,8,10,3,3,1,true,false,7455.174885
ABOLISHING,confidence_aware,250,4,10,3,1,0.3333333333333333,false,false,7455.174885
ABOLISHING,confidence_aware,250,5,10,3,2,0.6666666666666666,true,false,7455.174885
ABOLISHING,confidence_aware,250,6,10,3,3,1,true,false,7455.174885
ABOLISHING,confidence_aware,250,7,10,3,3,1,true,false,7455.174885
ABOLISHING,confidence_aware,250,8,10,3,3,1,true,false,7455.174885
ABOLISHING,hybrid_regular_cheap,250,4,10,3,1,0.3333333333333333,false,false,7455.174885
ABOLISHING,hybrid_regular_cheap,250,5,10,3,2,0.6666666666666666,true,false,7455.174885
ABOLISHING,hybrid_regular_cheap,250,6,10,3,3,1,true,false,7455.174885
ABOLISHING,hybrid_regular_cheap,250,7,10,3,3,1,true,false,7455.174885
ABOLISHING,hybrid_regular_cheap,250,8,10,3,3,1,true,false,7455.174885
ABOLISHING,low_mean_frontier,25,5,10,3,1,0.3333333333333333,true,false,745.5174885
ABOLISHING,low_mean_frontier,50,5,10,3,2,0.6666666666666666,true,false,1491.034977
ABOLISHING,low_mean_frontier,75,5,10,3,2,0.6666666666666666,true,false,2236.5524655
ABOLISHING,low_mean_frontier,100,5,10,3,2,0.6666666666666666,true,false,2982.069954
ABOLISHING,low_mean_frontier,150,5,10,3,2,0.6666666666666666,true,false,4473.104931
ABOLISHING,low_mean_frontier,250,5,10,3,2,0.6666666666666666,true,false,7455.174885
ABROGATING,low_mean,25,4,10,3,1,0.3333333333333333,false,false,740.1440936
ABROGATING,low_mean,25,5,10,3,1,0.3333333333333333,false,false,740.1440936
ABROGATING,low_mean,25,6,10,3,1,0.3333333333333333,false,false,740.1440936
ABROGATING,low_mean,25,7,10,3,2,0.6666666666666666,true,false,740.1440936
ABROGATING,low_mean,25,8,10,3,3,1,true,false,740.1440936
ABROGATING,low_median,25,4,10,3,2,0.6666666666666666,true,false,740.1440936
ABROGATING,low_median,25,5,10,3,2,0.6666666666666666,true,false,740.1440936
ABROGATING,low_median,25,6,10,3,2,0.6666666666666666,true,false,740.1440936
ABROGATING,low_median,25,7,10,3,3,1,true,false,740.1440936
ABROGATING,low_median,25,8,10,3,3,1,true,false,740.1440936
ABROGATING,low_gold,25,4,10,3,2,0.6666666666666666,true,false,740.1440936
ABROGATING,low_gold,25,5,10,3,3,1,true,false,740.1440936
ABROGATING,low_gold,25,6,10,3,3,1,true,false,740.1440936
ABROGATING,low_gold,25,7,10,3,3,1,true,false,740.1440936
ABROGATING,low_gold,25,8,10,3,3,1,true,false,740.1440936
ABROGATING,band_aware,25,4,10,3,1,0.3333333333333333,false,false,740.1440936
ABROGATING,band_aware,25,5,10,3,1,0.3333333333333333,false,false,740.1440936
ABROGATING,band_aware,25,6,10,3,1,0.3333333333333333,false,false,740.1440936
ABROGATING,band_aware,25,7,10,3,2,0.6666666666666666,true,false,740.1440936
ABROGATING,band_aware,25,8,10,3,3,1,true,false,740.1440936
ABROGATING,confidence_aware,25,4,10,3,1,0.3333333333333333,false,false,740.1440936
ABROGATING,confidence_aware,25,5,10,3,1,0.3333333333333333,false,false,740.1440936
ABROGATING,confidence_aware,25,6,10,3,1,0.3333333333333333,false,false,740.1440936
ABROGATING,confidence_aware,25,7,10,3,2,0.6666666666666666,true,false,740.1440936
ABROGATING,confidence_aware,25,8,10,3,3,1,true,false,740.1440936
ABROGATING,hybrid_regular_cheap,25,4,10,3,1,0.3333333333333333,false,false,740.1440936
ABROGATING,hybrid_regular_cheap,25,5,10,3,1,0.3333333333333333,false,false,740.1440936
ABROGATING,hybrid_regular_cheap,25,6,10,3,1,0.3333333333333333,false,false,740.1440936
ABROGATING,hybrid_regular_cheap,25,7,10,3,2,0.6666666666666666,true,false,740.1440936
ABROGATING,hybrid_regular_cheap,25,8,10,3,3,1,true,false,740.1440936
ABROGATING,low_mean,50,4,10,3,2,0.6666666666666666,true,false,1480.2881872
ABROGATING,low_mean,50,5,10,3,2,0.6666666666666666,true,false,1480.2881872
ABROGATING,low_mean,50,6,10,3,3,1,true,false,1480.2881872
ABROGATING,low_mean,50,7,10,3,3,1,true,false,1480.2881872
ABROGATING,low_mean,50,8,10,3,3,1,true,false,1480.2881872
ABROGATING,low_median,50,4,10,3,2,0.6666666666666666,true,false,1480.2881872
ABROGATING,low_median,50,5,10,3,3,1,true,false,1480.2881872
ABROGATING,low_median,50,6,10,3,3,1,true,false,1480.2881872
ABROGATING,low_median,50,7,10,3,3,1,true,false,1480.2881872
ABROGATING,low_median,50,8,10,3,3,1,true,false,1480.2881872
ABROGATING,low_gold,50,4,10,3,2,0.6666666666666666,true,false,1480.2881872
ABROGATING,low_gold,50,5,10,3,2,0.6666666666666666,true,false,1480.2881872
ABROGATING,low_gold,50,6,10,3,2,0.6666666666666666,true,false,1480.2881872
ABROGATING,low_gold,50,7,10,3,3,1,true,false,1480.2881872
ABROGATING,low_gold,50,8,10,3,3,1,true,false,1480.2881872
ABROGATING,band_aware,50,4,10,3,2,0.6666666666666666,true,false,1480.2881872
ABROGATING,band_aware,50,5,10,3,2,0.6666666666666666,true,false,1480.2881872
ABROGATING,band_aware,50,6,10,3,3,1,true,false,1480.2881872
ABROGATING,band_aware,50,7,10,3,3,1,true,false,1480.2881872
ABROGATING,band_aware,50,8,10,3,3,1,true,false,1480.2881872
ABROGATING,confidence_aware,50,4,10,3,2,0.6666666666666666,true,false,1480.2881872
ABROGATING,confidence_aware,50,5,10,3,2,0.6666666666666666,true,false,1480.2881872
ABROGATING,confidence_aware,50,6,10,3,3,1,true,false,1480.2881872
ABROGATING,confidence_aware,50,7,10,3,3,1,true,false,1480.2881872
ABROGATING,confidence_aware,50,8,10,3,3,1,true,false,1480.2881872
ABROGATING,hybrid_regular_cheap,50,4,10,3,2,0.6666666666666666,true,false,1480.2881872
ABROGATING,hybrid_regular_cheap,50,5,10,3,2,0.6666666666666666,true,false,1480.2881872
ABROGATING,hybrid_regular_cheap,50,6,10,3,3,1,true,false,1480.2881872
ABROGATING,hybrid_regular_cheap,50,7,10,3,3,1,true,false,1480.2881872
ABROGATING,hybrid_regular_cheap,50,8,10,3,3,1,true,false,1480.2881872
ABROGATING,low_mean,75,4,10,3,3,1,true,false,2220.4322807999997
ABROGATING,low_mean,75,5,10,3,3,1,true,false,2220.4322807999997
ABROGATING,low_mean,75,6,10,3,3,1,true,false,2220.4322807999997
ABROGATING,low_mean,75,7,10,3,3,1,true,false,2220.4322807999997
ABROGATING,low_mean,75,8,10,3,3,1,true,false,2220.4322807999997
ABROGATING,low_median,75,4,10,3,3,1,true,false,2220.4322807999997
ABROGATING,low_median,75,5,10,3,3,1,true,false,2220.4322807999997
ABROGATING,low_median,75,6,10,3,3,1,true,false,2220.4322807999997
ABROGATING,low_median,75,7,10,3,3,1,true,false,2220.4322807999997
ABROGATING,low_median,75,8,10,3,3,1,true,false,2220.4322807999997
ABROGATING,low_gold,75,4,10,3,2,0.6666666666666666,true,false,2220.4322807999997
ABROGATING,low_gold,75,5,10,3,3,1,true,false,2220.4322807999997
ABROGATING,low_gold,75,6,10,3,3,1,true,false,2220.4322807999997
ABROGATING,low_gold,75,7,10,3,3,1,true,false,2220.4322807999997
ABROGATING,low_gold,75,8,10,3,3,1,true,false,2220.4322807999997
ABROGATING,band_aware,75,4,10,3,2,0.6666666666666666,true,false,2220.4322807999997
ABROGATING,band_aware,75,5,10,3,3,1,true,false,2220.4322807999997
ABROGATING,band_aware,75,6,10,3,3,1,true,false,2220.4322807999997
ABROGATING,band_aware,75,7,10,3,3,1,true,false,2220.4322807999997
ABROGATING,band_aware,75,8,10,3,3,1,true,false,2220.4322807999997
ABROGATING,confidence_aware,75,4,10,3,3,1,true,false,2220.4322807999997
ABROGATING,confidence_aware,75,5,10,3,3,1,true,false,2220.4322807999997
ABROGATING,confidence_aware,75,6,10,3,3,1,true,false,2220.4322807999997
ABROGATING,confidence_aware,75,7,10,3,3,1,true,false,2220.4322807999997
ABROGATING,confidence_aware,75,8,10,3,3,1,true,false,2220.4322807999997
ABROGATING,hybrid_regular_cheap,75,4,10,3,3,1,true,false,2220.4322807999997
ABROGATING,hybrid_regular_cheap,75,5,10,3,3,1,true,false,2220.4322807999997
ABROGATING,hybrid_regular_cheap,75,6,10,3,3,1,true,false,2220.4322807999997
ABROGATING,hybrid_regular_cheap,75,7,10,3,3,1,true,false,2220.4322807999997
ABROGATING,hybrid_regular_cheap,75,8,10,3,3,1,true,false,2220.4322807999997
ABROGATING,low_mean,100,4,10,3,3,1,true,false,2960.5763744
ABROGATING,low_mean,100,5,10,3,3,1,true,false,2960.5763744
ABROGATING,low_mean,100,6,10,3,3,1,true,false,2960.5763744
ABROGATING,low_mean,100,7,10,3,3,1,true,false,2960.5763744
ABROGATING,low_mean,100,8,10,3,3,1,true,false,2960.5763744
ABROGATING,low_median,100,4,10,3,3,1,true,false,2960.5763744
ABROGATING,low_median,100,5,10,3,3,1,true,false,2960.5763744
ABROGATING,low_median,100,6,10,3,3,1,true,false,2960.5763744
ABROGATING,low_median,100,7,10,3,3,1,true,false,2960.5763744
ABROGATING,low_median,100,8,10,3,3,1,true,false,2960.5763744
ABROGATING,low_gold,100,4,10,3,1,0.3333333333333333,true,false,2960.5763744
ABROGATING,low_gold,100,5,10,3,2,0.6666666666666666,true,false,2960.5763744
ABROGATING,low_gold,100,6,10,3,2,0.6666666666666666,true,false,2960.5763744
ABROGATING,low_gold,100,7,10,3,2,0.6666666666666666,true,false,2960.5763744
ABROGATING,low_gold,100,8,10,3,3,1,true,false,2960.5763744
ABROGATING,band_aware,100,4,10,3,2,0.6666666666666666,false,false,2960.5763744
ABROGATING,band_aware,100,5,10,3,3,1,true,false,2960.5763744
ABROGATING,band_aware,100,6,10,3,3,1,true,false,2960.5763744
ABROGATING,band_aware,100,7,10,3,3,1,true,false,2960.5763744
ABROGATING,band_aware,100,8,10,3,3,1,true,false,2960.5763744
ABROGATING,confidence_aware,100,4,10,3,3,1,true,false,2960.5763744
ABROGATING,confidence_aware,100,5,10,3,3,1,true,false,2960.5763744
ABROGATING,confidence_aware,100,6,10,3,3,1,true,false,2960.5763744
ABROGATING,confidence_aware,100,7,10,3,3,1,true,false,2960.5763744
ABROGATING,confidence_aware,100,8,10,3,3,1,true,false,2960.5763744
ABROGATING,hybrid_regular_cheap,100,4,10,3,3,1,true,false,2960.5763744
ABROGATING,hybrid_regular_cheap,100,5,10,3,3,1,true,false,2960.5763744
ABROGATING,hybrid_regular_cheap,100,6,10,3,3,1,true,false,2960.5763744
ABROGATING,hybrid_regular_cheap,100,7,10,3,3,1,true,false,2960.5763744
ABROGATING,hybrid_regular_cheap,100,8,10,3,3,1,true,false,2960.5763744
ABROGATING,low_mean,150,4,10,3,3,1,true,false,4440.864561599999
ABROGATING,low_mean,150,5,10,3,3,1,true,false,4440.864561599999
ABROGATING,low_mean,150,6,10,3,3,1,true,false,4440.864561599999
ABROGATING,low_mean,150,7,10,3,3,1,true,false,4440.864561599999
ABROGATING,low_mean,150,8,10,3,3,1,true,false,4440.864561599999
ABROGATING,low_median,150,4,10,3,3,1,true,false,4440.864561599999
ABROGATING,low_median,150,5,10,3,3,1,true,false,4440.864561599999
ABROGATING,low_median,150,6,10,3,3,1,true,false,4440.864561599999
ABROGATING,low_median,150,7,10,3,3,1,true,false,4440.864561599999
ABROGATING,low_median,150,8,10,3,3,1,true,false,4440.864561599999
ABROGATING,low_gold,150,4,10,3,1,0.3333333333333333,true,false,4440.864561599999
ABROGATING,low_gold,150,5,10,3,2,0.6666666666666666,true,false,4440.864561599999
ABROGATING,low_gold,150,6,10,3,2,0.6666666666666666,true,false,4440.864561599999
ABROGATING,low_gold,150,7,10,3,3,1,true,false,4440.864561599999
ABROGATING,low_gold,150,8,10,3,3,1,true,false,4440.864561599999
ABROGATING,band_aware,150,4,10,3,3,1,true,false,4440.864561599999
ABROGATING,band_aware,150,5,10,3,3,1,true,false,4440.864561599999
ABROGATING,band_aware,150,6,10,3,3,1,true,false,4440.864561599999
ABROGATING,band_aware,150,7,10,3,3,1,true,false,4440.864561599999
ABROGATING,band_aware,150,8,10,3,3,1,true,false,4440.864561599999
ABROGATING,confidence_aware,150,4,10,3,3,1,true,false,4440.864561599999
ABROGATING,confidence_aware,150,5,10,3,3,1,true,false,4440.864561599999
ABROGATING,confidence_aware,150,6,10,3,3,1,true,false,4440.864561599999
ABROGATING,confidence_aware,150,7,10,3,3,1,true,false,4440.864561599999
ABROGATING,confidence_aware,150,8,10,3,3,1,true,false,4440.864561599999
ABROGATING,hybrid_regular_cheap,150,4,10,3,3,1,true,false,4440.864561599999
ABROGATING,hybrid_regular_cheap,150,5,10,3,3,1,true,false,4440.864561599999
ABROGATING,hybrid_regular_cheap,150,6,10,3,3,1,true,false,4440.864561599999
ABROGATING,hybrid_regular_cheap,150,7,10,3,3,1,true,false,4440.864561599999
ABROGATING,hybrid_regular_cheap,150,8,10,3,3,1,true,false,4440.864561599999
ABROGATING,low_mean,250,4,10,3,3,1,true,false,7401.440936
ABROGATING,low_mean,250,5,10,3,3,1,true,false,7401.440936
ABROGATING,low_mean,250,6,10,3,3,1,true,false,7401.440936
ABROGATING,low_mean,250,7,10,3,3,1,true,false,7401.440936
ABROGATING,low_mean,250,8,10,3,3,1,true,false,7401.440936
ABROGATING,low_median,250,4,10,3,3,1,true,false,7401.440936
ABROGATING,low_median,250,5,10,3,3,1,true,false,7401.440936
ABROGATING,low_median,250,6,10,3,3,1,true,false,7401.440936
ABROGATING,low_median,250,7,10,3,3,1,true,false,7401.440936
ABROGATING,low_median,250,8,10,3,3,1,true,false,7401.440936
ABROGATING,low_gold,250,4,10,3,1,0.3333333333333333,false,false,7401.440936
ABROGATING,low_gold,250,5,10,3,2,0.6666666666666666,false,false,7401.440936
ABROGATING,low_gold,250,6,10,3,2,0.6666666666666666,false,false,7401.440936
ABROGATING,low_gold,250,7,10,3,3,1,true,false,7401.440936
ABROGATING,low_gold,250,8,10,3,3,1,true,false,7401.440936
ABROGATING,band_aware,250,4,10,3,3,1,true,false,7401.440936
ABROGATING,band_aware,250,5,10,3,3,1,true,false,7401.440936
ABROGATING,band_aware,250,6,10,3,3,1,true,false,7401.440936
ABROGATING,band_aware,250,7,10,3,3,1,true,false,7401.440936
ABROGATING,band_aware,250,8,10,3,3,1,true,false,7401.440936
ABROGATING,confidence_aware,250,4,10,3,3,1,true,false,7401.440936
ABROGATING,confidence_aware,250,5,10,3,3,1,true,false,7401.440936
ABROGATING,confidence_aware,250,6,10,3,3,1,true,false,7401.440936
ABROGATING,confidence_aware,250,7,10,3,3,1,true,false,7401.440936
ABROGATING,confidence_aware,250,8,10,3,3,1,true,false,7401.440936
ABROGATING,hybrid_regular_cheap,250,4,10,3,3,1,true,false,7401.440936
ABROGATING,hybrid_regular_cheap,250,5,10,3,3,1,true,false,7401.440936
ABROGATING,hybrid_regular_cheap,250,6,10,3,3,1,true,false,7401.440936
ABROGATING,hybrid_regular_cheap,250,7,10,3,3,1,true,false,7401.440936
ABROGATING,hybrid_regular_cheap,250,8,10,3,3,1,true,false,7401.440936
ABROGATING,low_mean_frontier,25,5,10,3,1,0.3333333333333333,false,false,740.1440936
ABROGATING,low_mean_frontier,50,5,10,3,2,0.6666666666666666,true,false,1480.2881872
ABROGATING,low_mean_frontier,75,5,10,3,3,1,true,false,2220.4322807999997
ABROGATING,low_mean_frontier,100,5,10,3,3,1,true,false,2960.5763744
ABROGATING,low_mean_frontier,150,5,10,3,3,1,true,false,4440.864561599999
ABROGATING,low_mean_frontier,250,5,10,3,3,1,true,false,7401.440936
ABSOLUTISM,low_mean,25,4,10,3,1,0.3333333333333333,true,false,734.2818779999999
ABSOLUTISM,low_mean,25,5,10,3,1,0.3333333333333333,true,false,734.2818779999999
ABSOLUTISM,low_mean,25,6,10,3,2,0.6666666666666666,true,false,734.2818779999999
ABSOLUTISM,low_mean,25,7,10,3,2,0.6666666666666666,true,false,734.2818779999999
ABSOLUTISM,low_mean,25,8,10,3,2,0.6666666666666666,true,false,734.2818779999999
ABSOLUTISM,low_median,25,4,10,3,1,0.3333333333333333,false,false,734.2818779999999
ABSOLUTISM,low_median,25,5,10,3,1,0.3333333333333333,false,false,734.2818779999999
ABSOLUTISM,low_median,25,6,10,3,2,0.6666666666666666,false,false,734.2818779999999
ABSOLUTISM,low_median,25,7,10,3,2,0.6666666666666666,false,false,734.2818779999999
ABSOLUTISM,low_median,25,8,10,3,3,1,true,false,734.2818779999999
ABSOLUTISM,low_gold,25,4,10,3,1,0.3333333333333333,false,false,734.2818779999999
ABSOLUTISM,low_gold,25,5,10,3,2,0.6666666666666666,false,false,734.2818779999999
ABSOLUTISM,low_gold,25,6,10,3,2,0.6666666666666666,false,false,734.2818779999999
ABSOLUTISM,low_gold,25,7,10,3,2,0.6666666666666666,false,false,734.2818779999999
ABSOLUTISM,low_gold,25,8,10,3,2,0.6666666666666666,false,false,734.2818779999999
ABSOLUTISM,band_aware,25,4,10,3,2,0.6666666666666666,true,false,734.2818779999999
ABSOLUTISM,band_aware,25,5,10,3,2,0.6666666666666666,true,false,734.2818779999999
ABSOLUTISM,band_aware,25,6,10,3,2,0.6666666666666666,true,false,734.2818779999999
ABSOLUTISM,band_aware,25,7,10,3,2,0.6666666666666666,true,false,734.2818779999999
ABSOLUTISM,band_aware,25,8,10,3,2,0.6666666666666666,true,false,734.2818779999999
ABSOLUTISM,confidence_aware,25,4,10,3,1,0.3333333333333333,true,false,734.2818779999999
ABSOLUTISM,confidence_aware,25,5,10,3,1,0.3333333333333333,true,false,734.2818779999999
ABSOLUTISM,confidence_aware,25,6,10,3,2,0.6666666666666666,true,false,734.2818779999999
ABSOLUTISM,confidence_aware,25,7,10,3,2,0.6666666666666666,true,false,734.2818779999999
ABSOLUTISM,confidence_aware,25,8,10,3,2,0.6666666666666666,true,false,734.2818779999999
ABSOLUTISM,hybrid_regular_cheap,25,4,10,3,1,0.3333333333333333,true,false,734.2818779999999
ABSOLUTISM,hybrid_regular_cheap,25,5,10,3,1,0.3333333333333333,true,false,734.2818779999999
ABSOLUTISM,hybrid_regular_cheap,25,6,10,3,1,0.3333333333333333,true,false,734.2818779999999
ABSOLUTISM,hybrid_regular_cheap,25,7,10,3,2,0.6666666666666666,true,false,734.2818779999999
ABSOLUTISM,hybrid_regular_cheap,25,8,10,3,2,0.6666666666666666,true,false,734.2818779999999
ABSOLUTISM,low_mean,50,4,10,3,2,0.6666666666666666,true,false,1468.5637559999998
ABSOLUTISM,low_mean,50,5,10,3,2,0.6666666666666666,true,false,1468.5637559999998
ABSOLUTISM,low_mean,50,6,10,3,2,0.6666666666666666,true,false,1468.5637559999998
ABSOLUTISM,low_mean,50,7,10,3,2,0.6666666666666666,true,false,1468.5637559999998
ABSOLUTISM,low_mean,50,8,10,3,3,1,true,false,1468.5637559999998
ABSOLUTISM,low_median,50,4,10,3,1,0.3333333333333333,false,false,1468.5637559999998
ABSOLUTISM,low_median,50,5,10,3,1,0.3333333333333333,false,false,1468.5637559999998
ABSOLUTISM,low_median,50,6,10,3,2,0.6666666666666666,true,false,1468.5637559999998
ABSOLUTISM,low_median,50,7,10,3,2,0.6666666666666666,true,false,1468.5637559999998
ABSOLUTISM,low_median,50,8,10,3,2,0.6666666666666666,true,false,1468.5637559999998
ABSOLUTISM,low_gold,50,4,10,3,3,1,true,false,1468.5637559999998
ABSOLUTISM,low_gold,50,5,10,3,3,1,true,false,1468.5637559999998
ABSOLUTISM,low_gold,50,6,10,3,3,1,true,false,1468.5637559999998
ABSOLUTISM,low_gold,50,7,10,3,3,1,true,false,1468.5637559999998
ABSOLUTISM,low_gold,50,8,10,3,3,1,true,false,1468.5637559999998
ABSOLUTISM,band_aware,50,4,10,3,2,0.6666666666666666,true,false,1468.5637559999998
ABSOLUTISM,band_aware,50,5,10,3,2,0.6666666666666666,true,false,1468.5637559999998
ABSOLUTISM,band_aware,50,6,10,3,2,0.6666666666666666,true,false,1468.5637559999998
ABSOLUTISM,band_aware,50,7,10,3,2,0.6666666666666666,true,false,1468.5637559999998
ABSOLUTISM,band_aware,50,8,10,3,3,1,true,false,1468.5637559999998
ABSOLUTISM,confidence_aware,50,4,10,3,2,0.6666666666666666,true,false,1468.5637559999998
ABSOLUTISM,confidence_aware,50,5,10,3,2,0.6666666666666666,true,false,1468.5637559999998
ABSOLUTISM,confidence_aware,50,6,10,3,2,0.6666666666666666,true,false,1468.5637559999998
ABSOLUTISM,confidence_aware,50,7,10,3,2,0.6666666666666666,true,false,1468.5637559999998
ABSOLUTISM,confidence_aware,50,8,10,3,3,1,true,false,1468.5637559999998
ABSOLUTISM,hybrid_regular_cheap,50,4,10,3,2,0.6666666666666666,true,false,1468.5637559999998
ABSOLUTISM,hybrid_regular_cheap,50,5,10,3,2,0.6666666666666666,true,false,1468.5637559999998
ABSOLUTISM,hybrid_regular_cheap,50,6,10,3,2,0.6666666666666666,true,false,1468.5637559999998
ABSOLUTISM,hybrid_regular_cheap,50,7,10,3,2,0.6666666666666666,true,false,1468.5637559999998
ABSOLUTISM,hybrid_regular_cheap,50,8,10,3,3,1,true,false,1468.5637559999998
ABSOLUTISM,low_mean,75,4,10,3,3,1,true,false,2202.8456340000002
ABSOLUTISM,low_mean,75,5,10,3,3,1,true,false,2202.8456340000002
ABSOLUTISM,low_mean,75,6,10,3,3,1,true,false,2202.8456340000002
ABSOLUTISM,low_mean,75,7,10,3,3,1,true,false,2202.8456340000002
ABSOLUTISM,low_mean,75,8,10,3,3,1,true,false,2202.8456340000002
ABSOLUTISM,low_median,75,4,10,3,2,0.6666666666666666,true,false,2202.8456340000002
ABSOLUTISM,low_median,75,5,10,3,2,0.6666666666666666,true,false,2202.8456340000002
ABSOLUTISM,low_median,75,6,10,3,2,0.6666666666666666,true,false,2202.8456340000002
ABSOLUTISM,low_median,75,7,10,3,2,0.6666666666666666,true,false,2202.8456340000002
ABSOLUTISM,low_median,75,8,10,3,2,0.6666666666666666,true,false,2202.8456340000002
ABSOLUTISM,low_gold,75,4,10,3,3,1,true,false,2202.8456340000002
ABSOLUTISM,low_gold,75,5,10,3,3,1,true,false,2202.8456340000002
ABSOLUTISM,low_gold,75,6,10,3,3,1,true,false,2202.8456340000002
ABSOLUTISM,low_gold,75,7,10,3,3,1,true,false,2202.8456340000002
ABSOLUTISM,low_gold,75,8,10,3,3,1,true,false,2202.8456340000002
ABSOLUTISM,band_aware,75,4,10,3,3,1,true,false,2202.8456340000002
ABSOLUTISM,band_aware,75,5,10,3,3,1,true,false,2202.8456340000002
ABSOLUTISM,band_aware,75,6,10,3,3,1,true,false,2202.8456340000002
ABSOLUTISM,band_aware,75,7,10,3,3,1,true,false,2202.8456340000002
ABSOLUTISM,band_aware,75,8,10,3,3,1,true,false,2202.8456340000002
ABSOLUTISM,confidence_aware,75,4,10,3,3,1,true,false,2202.8456340000002
ABSOLUTISM,confidence_aware,75,5,10,3,3,1,true,false,2202.8456340000002
ABSOLUTISM,confidence_aware,75,6,10,3,3,1,true,false,2202.8456340000002
ABSOLUTISM,confidence_aware,75,7,10,3,3,1,true,false,2202.8456340000002
ABSOLUTISM,confidence_aware,75,8,10,3,3,1,true,false,2202.8456340000002
ABSOLUTISM,hybrid_regular_cheap,75,4,10,3,3,1,true,false,2202.8456340000002
ABSOLUTISM,hybrid_regular_cheap,75,5,10,3,3,1,true,false,2202.8456340000002
ABSOLUTISM,hybrid_regular_cheap,75,6,10,3,3,1,true,false,2202.8456340000002
ABSOLUTISM,hybrid_regular_cheap,75,7,10,3,3,1,true,false,2202.8456340000002
ABSOLUTISM,hybrid_regular_cheap,75,8,10,3,3,1,true,false,2202.8456340000002
ABSOLUTISM,low_mean,100,4,10,3,2,0.6666666666666666,true,false,2937.1275119999996
ABSOLUTISM,low_mean,100,5,10,3,3,1,true,false,2937.1275119999996
ABSOLUTISM,low_mean,100,6,10,3,3,1,true,false,2937.1275119999996
ABSOLUTISM,low_mean,100,7,10,3,3,1,true,false,2937.1275119999996
ABSOLUTISM,low_mean,100,8,10,3,3,1,true,false,2937.1275119999996
ABSOLUTISM,low_median,100,4,10,3,2,0.6666666666666666,true,false,2937.1275119999996
ABSOLUTISM,low_median,100,5,10,3,2,0.6666666666666666,true,false,2937.1275119999996
ABSOLUTISM,low_median,100,6,10,3,2,0.6666666666666666,true,false,2937.1275119999996
ABSOLUTISM,low_median,100,7,10,3,2,0.6666666666666666,true,false,2937.1275119999996
ABSOLUTISM,low_median,100,8,10,3,2,0.6666666666666666,true,false,2937.1275119999996
ABSOLUTISM,low_gold,100,4,10,3,3,1,true,false,2937.1275119999996
ABSOLUTISM,low_gold,100,5,10,3,3,1,true,false,2937.1275119999996
ABSOLUTISM,low_gold,100,6,10,3,3,1,true,false,2937.1275119999996
ABSOLUTISM,low_gold,100,7,10,3,3,1,true,false,2937.1275119999996
ABSOLUTISM,low_gold,100,8,10,3,3,1,true,false,2937.1275119999996
ABSOLUTISM,band_aware,100,4,10,3,2,0.6666666666666666,true,false,2937.1275119999996
ABSOLUTISM,band_aware,100,5,10,3,3,1,true,false,2937.1275119999996
ABSOLUTISM,band_aware,100,6,10,3,3,1,true,false,2937.1275119999996
ABSOLUTISM,band_aware,100,7,10,3,3,1,true,false,2937.1275119999996
ABSOLUTISM,band_aware,100,8,10,3,3,1,true,false,2937.1275119999996
ABSOLUTISM,confidence_aware,100,4,10,3,2,0.6666666666666666,true,false,2937.1275119999996
ABSOLUTISM,confidence_aware,100,5,10,3,3,1,true,false,2937.1275119999996
ABSOLUTISM,confidence_aware,100,6,10,3,3,1,true,false,2937.1275119999996
ABSOLUTISM,confidence_aware,100,7,10,3,3,1,true,false,2937.1275119999996
ABSOLUTISM,confidence_aware,100,8,10,3,3,1,true,false,2937.1275119999996
ABSOLUTISM,hybrid_regular_cheap,100,4,10,3,2,0.6666666666666666,true,false,2937.1275119999996
ABSOLUTISM,hybrid_regular_cheap,100,5,10,3,3,1,true,false,2937.1275119999996
ABSOLUTISM,hybrid_regular_cheap,100,6,10,3,3,1,true,false,2937.1275119999996
ABSOLUTISM,hybrid_regular_cheap,100,7,10,3,3,1,true,false,2937.1275119999996
ABSOLUTISM,hybrid_regular_cheap,100,8,10,3,3,1,true,false,2937.1275119999996
ABSOLUTISM,low_mean,150,4,10,3,2,0.6666666666666666,true,false,4405.6912680000005
ABSOLUTISM,low_mean,150,5,10,3,2,0.6666666666666666,true,false,4405.6912680000005
ABSOLUTISM,low_mean,150,6,10,3,3,1,true,false,4405.6912680000005
ABSOLUTISM,low_mean,150,7,10,3,3,1,true,false,4405.6912680000005
ABSOLUTISM,low_mean,150,8,10,3,3,1,true,false,4405.6912680000005
ABSOLUTISM,low_median,150,4,10,3,1,0.3333333333333333,false,false,4405.6912680000005
ABSOLUTISM,low_median,150,5,10,3,1,0.3333333333333333,false,false,4405.6912680000005
ABSOLUTISM,low_median,150,6,10,3,2,0.6666666666666666,true,false,4405.6912680000005
ABSOLUTISM,low_median,150,7,10,3,2,0.6666666666666666,true,false,4405.6912680000005
ABSOLUTISM,low_median,150,8,10,3,2,0.6666666666666666,true,false,4405.6912680000005
ABSOLUTISM,low_gold,150,4,10,3,3,1,true,false,4405.6912680000005
ABSOLUTISM,low_gold,150,5,10,3,3,1,true,false,4405.6912680000005
ABSOLUTISM,low_gold,150,6,10,3,3,1,true,false,4405.6912680000005
ABSOLUTISM,low_gold,150,7,10,3,3,1,true,false,4405.6912680000005
ABSOLUTISM,low_gold,150,8,10,3,3,1,true,false,4405.6912680000005
ABSOLUTISM,band_aware,150,4,10,3,2,0.6666666666666666,true,false,4405.6912680000005
ABSOLUTISM,band_aware,150,5,10,3,2,0.6666666666666666,true,false,4405.6912680000005
ABSOLUTISM,band_aware,150,6,10,3,3,1,true,false,4405.6912680000005
ABSOLUTISM,band_aware,150,7,10,3,3,1,true,false,4405.6912680000005
ABSOLUTISM,band_aware,150,8,10,3,3,1,true,false,4405.6912680000005
ABSOLUTISM,confidence_aware,150,4,10,3,2,0.6666666666666666,true,false,4405.6912680000005
ABSOLUTISM,confidence_aware,150,5,10,3,2,0.6666666666666666,true,false,4405.6912680000005
ABSOLUTISM,confidence_aware,150,6,10,3,3,1,true,false,4405.6912680000005
ABSOLUTISM,confidence_aware,150,7,10,3,3,1,true,false,4405.6912680000005
ABSOLUTISM,confidence_aware,150,8,10,3,3,1,true,false,4405.6912680000005
ABSOLUTISM,hybrid_regular_cheap,150,4,10,3,2,0.6666666666666666,true,false,4405.6912680000005
ABSOLUTISM,hybrid_regular_cheap,150,5,10,3,2,0.6666666666666666,true,false,4405.6912680000005
ABSOLUTISM,hybrid_regular_cheap,150,6,10,3,3,1,true,false,4405.6912680000005
ABSOLUTISM,hybrid_regular_cheap,150,7,10,3,3,1,true,false,4405.6912680000005
ABSOLUTISM,hybrid_regular_cheap,150,8,10,3,3,1,true,false,4405.6912680000005
ABSOLUTISM,low_mean,250,4,10,3,3,1,true,false,7342.81878
ABSOLUTISM,low_mean,250,5,10,3,3,1,true,false,7342.81878
ABSOLUTISM,low_mean,250,6,10,3,3,1,true,false,7342.81878
ABSOLUTISM,low_mean,250,7,10,3,3,1,true,false,7342.81878
ABSOLUTISM,low_mean,250,8,10,3,3,1,true,false,7342.81878
ABSOLUTISM,low_median,250,4,10,3,2,0.6666666666666666,true,false,7342.81878
ABSOLUTISM,low_median,250,5,10,3,3,1,true,false,7342.81878
ABSOLUTISM,low_median,250,6,10,3,3,1,true,false,7342.81878
ABSOLUTISM,low_median,250,7,10,3,3,1,true,false,7342.81878
ABSOLUTISM,low_median,250,8,10,3,3,1,true,false,7342.81878
ABSOLUTISM,low_gold,250,4,10,3,2,0.6666666666666666,true,false,7342.81878
ABSOLUTISM,low_gold,250,5,10,3,2,0.6666666666666666,true,false,7342.81878
ABSOLUTISM,low_gold,250,6,10,3,3,1,true,false,7342.81878
ABSOLUTISM,low_gold,250,7,10,3,3,1,true,false,7342.81878
ABSOLUTISM,low_gold,250,8,10,3,3,1,true,false,7342.81878
ABSOLUTISM,band_aware,250,4,10,3,3,1,true,false,7342.81878
ABSOLUTISM,band_aware,250,5,10,3,3,1,true,false,7342.81878
ABSOLUTISM,band_aware,250,6,10,3,3,1,true,false,7342.81878
ABSOLUTISM,band_aware,250,7,10,3,3,1,true,false,7342.81878
ABSOLUTISM,band_aware,250,8,10,3,3,1,true,false,7342.81878
ABSOLUTISM,confidence_aware,250,4,10,3,3,1,true,false,7342.81878
ABSOLUTISM,confidence_aware,250,5,10,3,3,1,true,false,7342.81878
ABSOLUTISM,confidence_aware,250,6,10,3,3,1,true,false,7342.81878
ABSOLUTISM,confidence_aware,250,7,10,3,3,1,true,false,7342.81878
ABSOLUTISM,confidence_aware,250,8,10,3,3,1,true,false,7342.81878
ABSOLUTISM,hybrid_regular_cheap,250,4,10,3,3,1,true,false,7342.81878
ABSOLUTISM,hybrid_regular_cheap,250,5,10,3,3,1,true,false,7342.81878
ABSOLUTISM,hybrid_regular_cheap,250,6,10,3,3,1,true,false,7342.81878
ABSOLUTISM,hybrid_regular_cheap,250,7,10,3,3,1,true,false,7342.81878
ABSOLUTISM,hybrid_regular_cheap,250,8,10,3,3,1,true,false,7342.81878
ABSOLUTISM,low_mean_frontier,25,5,10,3,1,0.3333333333333333,true,false,734.2818779999999
ABSOLUTISM,low_mean_frontier,50,5,10,3,2,0.6666666666666666,true,false,1468.5637559999998
ABSOLUTISM,low_mean_frontier,75,5,10,3,3,1,true,false,2202.8456340000002
ABSOLUTISM,low_mean_frontier,100,5,10,3,3,1,true,false,2937.1275119999996
ABSOLUTISM,low_mean_frontier,150,5,10,3,2,0.6666666666666666,true,false,4405.6912680000005
ABSOLUTISM,low_mean_frontier,250,5,10,3,3,1,true,false,7342.81878
ABSOLUTIST,low_mean,25,4,10,3,2,0.6666666666666666,false,false,739.29002325
ABSOLUTIST,low_mean,25,5,10,3,2,0.6666666666666666,false,false,739.29002325
ABSOLUTIST,low_mean,25,6,10,3,3,1,true,false,739.29002325
ABSOLUTIST,low_mean,25,7,10,3,3,1,true,false,739.29002325
ABSOLUTIST,low_mean,25,8,10,3,3,1,true,false,739.29002325
ABSOLUTIST,low_median,25,4,10,3,2,0.6666666666666666,true,false,739.29002325
ABSOLUTIST,low_median,25,5,10,3,2,0.6666666666666666,true,false,739.29002325
ABSOLUTIST,low_median,25,6,10,3,3,1,true,false,739.29002325
ABSOLUTIST,low_median,25,7,10,3,3,1,true,false,739.29002325
ABSOLUTIST,low_median,25,8,10,3,3,1,true,false,739.29002325
ABSOLUTIST,low_gold,25,4,10,3,0,0,false,true,739.29002325
ABSOLUTIST,low_gold,25,5,10,3,1,0.3333333333333333,false,false,739.29002325
ABSOLUTIST,low_gold,25,6,10,3,1,0.3333333333333333,false,false,739.29002325
ABSOLUTIST,low_gold,25,7,10,3,2,0.6666666666666666,true,false,739.29002325
ABSOLUTIST,low_gold,25,8,10,3,3,1,true,false,739.29002325
ABSOLUTIST,band_aware,25,4,10,3,2,0.6666666666666666,false,false,739.29002325
ABSOLUTIST,band_aware,25,5,10,3,2,0.6666666666666666,false,false,739.29002325
ABSOLUTIST,band_aware,25,6,10,3,3,1,true,false,739.29002325
ABSOLUTIST,band_aware,25,7,10,3,3,1,true,false,739.29002325
ABSOLUTIST,band_aware,25,8,10,3,3,1,true,false,739.29002325
ABSOLUTIST,confidence_aware,25,4,10,3,2,0.6666666666666666,false,false,739.29002325
ABSOLUTIST,confidence_aware,25,5,10,3,2,0.6666666666666666,false,false,739.29002325
ABSOLUTIST,confidence_aware,25,6,10,3,3,1,true,false,739.29002325
ABSOLUTIST,confidence_aware,25,7,10,3,3,1,true,false,739.29002325
ABSOLUTIST,confidence_aware,25,8,10,3,3,1,true,false,739.29002325
ABSOLUTIST,hybrid_regular_cheap,25,4,10,3,2,0.6666666666666666,false,false,739.29002325
ABSOLUTIST,hybrid_regular_cheap,25,5,10,3,2,0.6666666666666666,false,false,739.29002325
ABSOLUTIST,hybrid_regular_cheap,25,6,10,3,3,1,true,false,739.29002325
ABSOLUTIST,hybrid_regular_cheap,25,7,10,3,3,1,true,false,739.29002325
ABSOLUTIST,hybrid_regular_cheap,25,8,10,3,3,1,true,false,739.29002325
ABSOLUTIST,low_mean,50,4,10,3,2,0.6666666666666666,true,false,1478.5800465
ABSOLUTIST,low_mean,50,5,10,3,2,0.6666666666666666,true,false,1478.5800465
ABSOLUTIST,low_mean,50,6,10,3,2,0.6666666666666666,true,false,1478.5800465
ABSOLUTIST,low_mean,50,7,10,3,2,0.6666666666666666,true,false,1478.5800465
ABSOLUTIST,low_mean,50,8,10,3,3,1,true,false,1478.5800465
ABSOLUTIST,low_median,50,4,10,3,1,0.3333333333333333,true,false,1478.5800465
ABSOLUTIST,low_median,50,5,10,3,1,0.3333333333333333,true,false,1478.5800465
ABSOLUTIST,low_median,50,6,10,3,2,0.6666666666666666,true,false,1478.5800465
ABSOLUTIST,low_median,50,7,10,3,2,0.6666666666666666,true,false,1478.5800465
ABSOLUTIST,low_median,50,8,10,3,2,0.6666666666666666,true,false,1478.5800465
ABSOLUTIST,low_gold,50,4,10,3,2,0.6666666666666666,true,false,1478.5800465
ABSOLUTIST,low_gold,50,5,10,3,2,0.6666666666666666,true,false,1478.5800465
ABSOLUTIST,low_gold,50,6,10,3,2,0.6666666666666666,true,false,1478.5800465
ABSOLUTIST,low_gold,50,7,10,3,2,0.6666666666666666,true,false,1478.5800465
ABSOLUTIST,low_gold,50,8,10,3,2,0.6666666666666666,true,false,1478.5800465
ABSOLUTIST,band_aware,50,4,10,3,2,0.6666666666666666,true,false,1478.5800465
ABSOLUTIST,band_aware,50,5,10,3,2,0.6666666666666666,true,false,1478.5800465
ABSOLUTIST,band_aware,50,6,10,3,2,0.6666666666666666,true,false,1478.5800465
ABSOLUTIST,band_aware,50,7,10,3,2,0.6666666666666666,true,false,1478.5800465
ABSOLUTIST,band_aware,50,8,10,3,3,1,true,false,1478.5800465
ABSOLUTIST,confidence_aware,50,4,10,3,2,0.6666666666666666,true,false,1478.5800465
ABSOLUTIST,confidence_aware,50,5,10,3,2,0.6666666666666666,true,false,1478.5800465
ABSOLUTIST,confidence_aware,50,6,10,3,2,0.6666666666666666,true,false,1478.5800465
ABSOLUTIST,confidence_aware,50,7,10,3,2,0.6666666666666666,true,false,1478.5800465
ABSOLUTIST,confidence_aware,50,8,10,3,3,1,true,false,1478.5800465
ABSOLUTIST,hybrid_regular_cheap,50,4,10,3,2,0.6666666666666666,true,false,1478.5800465
ABSOLUTIST,hybrid_regular_cheap,50,5,10,3,2,0.6666666666666666,true,false,1478.5800465
ABSOLUTIST,hybrid_regular_cheap,50,6,10,3,2,0.6666666666666666,true,false,1478.5800465
ABSOLUTIST,hybrid_regular_cheap,50,7,10,3,2,0.6666666666666666,true,false,1478.5800465
ABSOLUTIST,hybrid_regular_cheap,50,8,10,3,3,1,true,false,1478.5800465
ABSOLUTIST,low_mean,75,4,10,3,2,0.6666666666666666,true,false,2217.8700697500003
ABSOLUTIST,low_mean,75,5,10,3,2,0.6666666666666666,true,false,2217.8700697500003
ABSOLUTIST,low_mean,75,6,10,3,2,0.6666666666666666,true,false,2217.8700697500003
ABSOLUTIST,low_mean,75,7,10,3,2,0.6666666666666666,true,false,2217.8700697500003
ABSOLUTIST,low_mean,75,8,10,3,3,1,true,false,2217.8700697500003
ABSOLUTIST,low_median,75,4,10,3,1,0.3333333333333333,false,false,2217.8700697500003
ABSOLUTIST,low_median,75,5,10,3,2,0.6666666666666666,true,false,2217.8700697500003
ABSOLUTIST,low_median,75,6,10,3,2,0.6666666666666666,true,false,2217.8700697500003
ABSOLUTIST,low_median,75,7,10,3,2,0.6666666666666666,true,false,2217.8700697500003
ABSOLUTIST,low_median,75,8,10,3,3,1,true,false,2217.8700697500003
ABSOLUTIST,low_gold,75,4,10,3,2,0.6666666666666666,true,false,2217.8700697500003
ABSOLUTIST,low_gold,75,5,10,3,2,0.6666666666666666,true,false,2217.8700697500003
ABSOLUTIST,low_gold,75,6,10,3,2,0.6666666666666666,true,false,2217.8700697500003
ABSOLUTIST,low_gold,75,7,10,3,2,0.6666666666666666,true,false,2217.8700697500003
ABSOLUTIST,low_gold,75,8,10,3,3,1,true,false,2217.8700697500003
ABSOLUTIST,band_aware,75,4,10,3,2,0.6666666666666666,true,false,2217.8700697500003
ABSOLUTIST,band_aware,75,5,10,3,2,0.6666666666666666,true,false,2217.8700697500003
ABSOLUTIST,band_aware,75,6,10,3,2,0.6666666666666666,true,false,2217.8700697500003
ABSOLUTIST,band_aware,75,7,10,3,2,0.6666666666666666,true,false,2217.8700697500003
ABSOLUTIST,band_aware,75,8,10,3,3,1,true,false,2217.8700697500003
ABSOLUTIST,confidence_aware,75,4,10,3,2,0.6666666666666666,true,false,2217.8700697500003
ABSOLUTIST,confidence_aware,75,5,10,3,2,0.6666666666666666,true,false,2217.8700697500003
ABSOLUTIST,confidence_aware,75,6,10,3,2,0.6666666666666666,true,false,2217.8700697500003
ABSOLUTIST,confidence_aware,75,7,10,3,2,0.6666666666666666,true,false,2217.8700697500003
ABSOLUTIST,confidence_aware,75,8,10,3,3,1,true,false,2217.8700697500003
ABSOLUTIST,hybrid_regular_cheap,75,4,10,3,2,0.6666666666666666,true,false,2217.8700697500003
ABSOLUTIST,hybrid_regular_cheap,75,5,10,3,2,0.6666666666666666,true,false,2217.8700697500003
ABSOLUTIST,hybrid_regular_cheap,75,6,10,3,2,0.6666666666666666,true,false,2217.8700697500003
ABSOLUTIST,hybrid_regular_cheap,75,7,10,3,2,0.6666666666666666,true,false,2217.8700697500003
ABSOLUTIST,hybrid_regular_cheap,75,8,10,3,3,1,true,false,2217.8700697500003
ABSOLUTIST,low_mean,100,4,10,3,2,0.6666666666666666,true,false,2957.160093
ABSOLUTIST,low_mean,100,5,10,3,3,1,true,false,2957.160093
ABSOLUTIST,low_mean,100,6,10,3,3,1,true,false,2957.160093
ABSOLUTIST,low_mean,100,7,10,3,3,1,true,false,2957.160093
ABSOLUTIST,low_mean,100,8,10,3,3,1,true,false,2957.160093
ABSOLUTIST,low_median,100,4,10,3,1,0.3333333333333333,false,false,2957.160093
ABSOLUTIST,low_median,100,5,10,3,2,0.6666666666666666,false,false,2957.160093
ABSOLUTIST,low_median,100,6,10,3,2,0.6666666666666666,false,false,2957.160093
ABSOLUTIST,low_median,100,7,10,3,3,1,true,false,2957.160093
ABSOLUTIST,low_median,100,8,10,3,3,1,true,false,2957.160093
ABSOLUTIST,low_gold,100,4,10,3,1,0.3333333333333333,false,false,2957.160093
ABSOLUTIST,low_gold,100,5,10,3,2,0.6666666666666666,true,false,2957.160093
ABSOLUTIST,low_gold,100,6,10,3,3,1,true,false,2957.160093
ABSOLUTIST,low_gold,100,7,10,3,3,1,true,false,2957.160093
ABSOLUTIST,low_gold,100,8,10,3,3,1,true,false,2957.160093
ABSOLUTIST,band_aware,100,4,10,3,3,1,true,false,2957.160093
ABSOLUTIST,band_aware,100,5,10,3,3,1,true,false,2957.160093
ABSOLUTIST,band_aware,100,6,10,3,3,1,true,false,2957.160093
ABSOLUTIST,band_aware,100,7,10,3,3,1,true,false,2957.160093
ABSOLUTIST,band_aware,100,8,10,3,3,1,true,false,2957.160093
ABSOLUTIST,confidence_aware,100,4,10,3,2,0.6666666666666666,true,false,2957.160093
ABSOLUTIST,confidence_aware,100,5,10,3,3,1,true,false,2957.160093
ABSOLUTIST,confidence_aware,100,6,10,3,3,1,true,false,2957.160093
ABSOLUTIST,confidence_aware,100,7,10,3,3,1,true,false,2957.160093
ABSOLUTIST,confidence_aware,100,8,10,3,3,1,true,false,2957.160093
ABSOLUTIST,hybrid_regular_cheap,100,4,10,3,2,0.6666666666666666,true,false,2957.160093
ABSOLUTIST,hybrid_regular_cheap,100,5,10,3,3,1,true,false,2957.160093
ABSOLUTIST,hybrid_regular_cheap,100,6,10,3,3,1,true,false,2957.160093
ABSOLUTIST,hybrid_regular_cheap,100,7,10,3,3,1,true,false,2957.160093
ABSOLUTIST,hybrid_regular_cheap,100,8,10,3,3,1,true,false,2957.160093
ABSOLUTIST,low_mean,150,4,10,3,3,1,true,false,4435.740139500001
ABSOLUTIST,low_mean,150,5,10,3,3,1,true,false,4435.740139500001
ABSOLUTIST,low_mean,150,6,10,3,3,1,true,false,4435.740139500001
ABSOLUTIST,low_mean,150,7,10,3,3,1,true,false,4435.740139500001
ABSOLUTIST,low_mean,150,8,10,3,3,1,true,false,4435.740139500001
ABSOLUTIST,low_median,150,4,10,3,3,1,true,false,4435.740139500001
ABSOLUTIST,low_median,150,5,10,3,3,1,true,false,4435.740139500001
ABSOLUTIST,low_median,150,6,10,3,3,1,true,false,4435.740139500001
ABSOLUTIST,low_median,150,7,10,3,3,1,true,false,4435.740139500001
ABSOLUTIST,low_median,150,8,10,3,3,1,true,false,4435.740139500001
ABSOLUTIST,low_gold,150,4,10,3,2,0.6666666666666666,true,false,4435.740139500001
ABSOLUTIST,low_gold,150,5,10,3,2,0.6666666666666666,true,false,4435.740139500001
ABSOLUTIST,low_gold,150,6,10,3,2,0.6666666666666666,true,false,4435.740139500001
ABSOLUTIST,low_gold,150,7,10,3,3,1,true,false,4435.740139500001
ABSOLUTIST,low_gold,150,8,10,3,3,1,true,false,4435.740139500001
ABSOLUTIST,band_aware,150,4,10,3,3,1,true,false,4435.740139500001
ABSOLUTIST,band_aware,150,5,10,3,3,1,true,false,4435.740139500001
ABSOLUTIST,band_aware,150,6,10,3,3,1,true,false,4435.740139500001
ABSOLUTIST,band_aware,150,7,10,3,3,1,true,false,4435.740139500001
ABSOLUTIST,band_aware,150,8,10,3,3,1,true,false,4435.740139500001
ABSOLUTIST,confidence_aware,150,4,10,3,3,1,true,false,4435.740139500001
ABSOLUTIST,confidence_aware,150,5,10,3,3,1,true,false,4435.740139500001
ABSOLUTIST,confidence_aware,150,6,10,3,3,1,true,false,4435.740139500001
ABSOLUTIST,confidence_aware,150,7,10,3,3,1,true,false,4435.740139500001
ABSOLUTIST,confidence_aware,150,8,10,3,3,1,true,false,4435.740139500001
ABSOLUTIST,hybrid_regular_cheap,150,4,10,3,3,1,true,false,4435.740139500001
ABSOLUTIST,hybrid_regular_cheap,150,5,10,3,3,1,true,false,4435.740139500001
ABSOLUTIST,hybrid_regular_cheap,150,6,10,3,3,1,true,false,4435.740139500001
ABSOLUTIST,hybrid_regular_cheap,150,7,10,3,3,1,true,false,4435.740139500001
ABSOLUTIST,hybrid_regular_cheap,150,8,10,3,3,1,true,false,4435.740139500001
ABSOLUTIST,low_mean,250,4,10,3,2,0.6666666666666666,true,false,7392.9002325
ABSOLUTIST,low_mean,250,5,10,3,3,1,true,false,7392.9002325
ABSOLUTIST,low_mean,250,6,10,3,3,1,true,false,7392.9002325
ABSOLUTIST,low_mean,250,7,10,3,3,1,true,false,7392.9002325
ABSOLUTIST,low_mean,250,8,10,3,3,1,true,false,7392.9002325
ABSOLUTIST,low_median,250,4,10,3,0,0,false,true,7392.9002325
ABSOLUTIST,low_median,250,5,10,3,1,0.3333333333333333,false,false,7392.9002325
ABSOLUTIST,low_median,250,6,10,3,2,0.6666666666666666,false,false,7392.9002325
ABSOLUTIST,low_median,250,7,10,3,2,0.6666666666666666,false,false,7392.9002325
ABSOLUTIST,low_median,250,8,10,3,3,1,true,false,7392.9002325
ABSOLUTIST,low_gold,250,4,10,3,2,0.6666666666666666,false,false,7392.9002325
ABSOLUTIST,low_gold,250,5,10,3,2,0.6666666666666666,false,false,7392.9002325
ABSOLUTIST,low_gold,250,6,10,3,2,0.6666666666666666,false,false,7392.9002325
ABSOLUTIST,low_gold,250,7,10,3,2,0.6666666666666666,false,false,7392.9002325
ABSOLUTIST,low_gold,250,8,10,3,3,1,true,false,7392.9002325
ABSOLUTIST,band_aware,250,4,10,3,2,0.6666666666666666,true,false,7392.9002325
ABSOLUTIST,band_aware,250,5,10,3,3,1,true,false,7392.9002325
ABSOLUTIST,band_aware,250,6,10,3,3,1,true,false,7392.9002325
ABSOLUTIST,band_aware,250,7,10,3,3,1,true,false,7392.9002325
ABSOLUTIST,band_aware,250,8,10,3,3,1,true,false,7392.9002325
ABSOLUTIST,confidence_aware,250,4,10,3,2,0.6666666666666666,true,false,7392.9002325
ABSOLUTIST,confidence_aware,250,5,10,3,3,1,true,false,7392.9002325
ABSOLUTIST,confidence_aware,250,6,10,3,3,1,true,false,7392.9002325
ABSOLUTIST,confidence_aware,250,7,10,3,3,1,true,false,7392.9002325
ABSOLUTIST,confidence_aware,250,8,10,3,3,1,true,false,7392.9002325
ABSOLUTIST,hybrid_regular_cheap,250,4,10,3,2,0.6666666666666666,true,false,7392.9002325
ABSOLUTIST,hybrid_regular_cheap,250,5,10,3,3,1,true,false,7392.9002325
ABSOLUTIST,hybrid_regular_cheap,250,6,10,3,3,1,true,false,7392.9002325
ABSOLUTIST,hybrid_regular_cheap,250,7,10,3,3,1,true,false,7392.9002325
ABSOLUTIST,hybrid_regular_cheap,250,8,10,3,3,1,true,false,7392.9002325
ABSOLUTIST,low_mean_frontier,25,5,10,3,2,0.6666666666666666,false,false,739.29002325
ABSOLUTIST,low_mean_frontier,50,5,10,3,2,0.6666666666666666,true,false,1478.5800465
ABSOLUTIST,low_mean_frontier,75,5,10,3,2,0.6666666666666666,true,false,2217.8700697500003
ABSOLUTIST,low_mean_frontier,100,5,10,3,3,1,true,false,2957.160093
ABSOLUTIST,low_mean_frontier,150,5,10,3,3,1,true,false,4435.740139500001
ABSOLUTIST,low_mean_frontier,250,5,10,3,3,1,true,false,7392.9002325
ABSORPTION,low_mean,25,4,10,3,1,0.3333333333333333,true,false,724.3444426
ABSORPTION,low_mean,25,5,10,3,2,0.6666666666666666,true,false,724.3444426
ABSORPTION,low_mean,25,6,10,3,2,0.6666666666666666,true,false,724.3444426
ABSORPTION,low_mean,25,7,10,3,2,0.6666666666666666,true,false,724.3444426
ABSORPTION,low_mean,25,8,10,3,2,0.6666666666666666,true,false,724.3444426
ABSORPTION,low_median,25,4,10,3,3,1,true,false,724.3444426
ABSORPTION,low_median,25,5,10,3,3,1,true,false,724.3444426
ABSORPTION,low_median,25,6,10,3,3,1,true,false,724.3444426
ABSORPTION,low_median,25,7,10,3,3,1,true,false,724.3444426
ABSORPTION,low_median,25,8,10,3,3,1,true,false,724.3444426
ABSORPTION,low_gold,25,4,10,3,2,0.6666666666666666,true,false,724.3444426
ABSORPTION,low_gold,25,5,10,3,2,0.6666666666666666,true,false,724.3444426
ABSORPTION,low_gold,25,6,10,3,2,0.6666666666666666,true,false,724.3444426
ABSORPTION,low_gold,25,7,10,3,3,1,true,false,724.3444426
ABSORPTION,low_gold,25,8,10,3,3,1,true,false,724.3444426
ABSORPTION,band_aware,25,4,10,3,1,0.3333333333333333,true,false,724.3444426
ABSORPTION,band_aware,25,5,10,3,2,0.6666666666666666,true,false,724.3444426
ABSORPTION,band_aware,25,6,10,3,2,0.6666666666666666,true,false,724.3444426
ABSORPTION,band_aware,25,7,10,3,2,0.6666666666666666,true,false,724.3444426
ABSORPTION,band_aware,25,8,10,3,2,0.6666666666666666,true,false,724.3444426
ABSORPTION,confidence_aware,25,4,10,3,1,0.3333333333333333,true,false,724.3444426
ABSORPTION,confidence_aware,25,5,10,3,2,0.6666666666666666,true,false,724.3444426
ABSORPTION,confidence_aware,25,6,10,3,2,0.6666666666666666,true,false,724.3444426
ABSORPTION,confidence_aware,25,7,10,3,2,0.6666666666666666,true,false,724.3444426
ABSORPTION,confidence_aware,25,8,10,3,2,0.6666666666666666,true,false,724.3444426
ABSORPTION,hybrid_regular_cheap,25,4,10,3,1,0.3333333333333333,true,false,724.3444426
ABSORPTION,hybrid_regular_cheap,25,5,10,3,2,0.6666666666666666,true,false,724.3444426
ABSORPTION,hybrid_regular_cheap,25,6,10,3,2,0.6666666666666666,true,false,724.3444426
ABSORPTION,hybrid_regular_cheap,25,7,10,3,2,0.6666666666666666,true,false,724.3444426
ABSORPTION,hybrid_regular_cheap,25,8,10,3,2,0.6666666666666666,true,false,724.3444426
ABSORPTION,low_mean,50,4,10,3,0,0,false,true,1448.6888852
ABSORPTION,low_mean,50,5,10,3,1,0.3333333333333333,true,false,1448.6888852
ABSORPTION,low_mean,50,6,10,3,1,0.3333333333333333,true,false,1448.6888852
ABSORPTION,low_mean,50,7,10,3,2,0.6666666666666666,true,false,1448.6888852
ABSORPTION,low_mean,50,8,10,3,3,1,true,false,1448.6888852
ABSORPTION,low_median,50,4,10,3,3,1,true,false,1448.6888852
ABSORPTION,low_median,50,5,10,3,3,1,true,false,1448.6888852
ABSORPTION,low_median,50,6,10,3,3,1,true,false,1448.6888852
ABSORPTION,low_median,50,7,10,3,3,1,true,false,1448.6888852
ABSORPTION,low_median,50,8,10,3,3,1,true,false,1448.6888852
ABSORPTION,low_gold,50,4,10,3,1,0.3333333333333333,false,false,1448.6888852
ABSORPTION,low_gold,50,5,10,3,2,0.6666666666666666,false,false,1448.6888852
ABSORPTION,low_gold,50,6,10,3,2,0.6666666666666666,false,false,1448.6888852
ABSORPTION,low_gold,50,7,10,3,2,0.6666666666666666,false,false,1448.6888852
ABSORPTION,low_gold,50,8,10,3,3,1,true,false,1448.6888852
ABSORPTION,band_aware,50,4,10,3,1,0.3333333333333333,true,false,1448.6888852
ABSORPTION,band_aware,50,5,10,3,1,0.3333333333333333,true,false,1448.6888852
ABSORPTION,band_aware,50,6,10,3,1,0.3333333333333333,true,false,1448.6888852
ABSORPTION,band_aware,50,7,10,3,2,0.6666666666666666,true,false,1448.6888852
ABSORPTION,band_aware,50,8,10,3,3,1,true,false,1448.6888852
ABSORPTION,confidence_aware,50,4,10,3,0,0,false,true,1448.6888852
ABSORPTION,confidence_aware,50,5,10,3,1,0.3333333333333333,true,false,1448.6888852
ABSORPTION,confidence_aware,50,6,10,3,1,0.3333333333333333,true,false,1448.6888852
ABSORPTION,confidence_aware,50,7,10,3,2,0.6666666666666666,true,false,1448.6888852
ABSORPTION,confidence_aware,50,8,10,3,3,1,true,false,1448.6888852
ABSORPTION,hybrid_regular_cheap,50,4,10,3,0,0,false,true,1448.6888852
ABSORPTION,hybrid_regular_cheap,50,5,10,3,1,0.3333333333333333,true,false,1448.6888852
ABSORPTION,hybrid_regular_cheap,50,6,10,3,1,0.3333333333333333,true,false,1448.6888852
ABSORPTION,hybrid_regular_cheap,50,7,10,3,2,0.6666666666666666,true,false,1448.6888852
ABSORPTION,hybrid_regular_cheap,50,8,10,3,3,1,true,false,1448.6888852
ABSORPTION,low_mean,75,4,10,3,2,0.6666666666666666,true,false,2173.0333278000003
ABSORPTION,low_mean,75,5,10,3,2,0.6666666666666666,true,false,2173.0333278000003
ABSORPTION,low_mean,75,6,10,3,3,1,true,false,2173.0333278000003
ABSORPTION,low_mean,75,7,10,3,3,1,true,false,2173.0333278000003
ABSORPTION,low_mean,75,8,10,3,3,1,true,false,2173.0333278000003
ABSORPTION,low_median,75,4,10,3,3,1,true,false,2173.0333278000003
ABSORPTION,low_median,75,5,10,3,3,1,true,false,2173.0333278000003
ABSORPTION,low_median,75,6,10,3,3,1,true,false,2173.0333278000003
ABSORPTION,low_median,75,7,10,3,3,1,true,false,2173.0333278000003
ABSORPTION,low_median,75,8,10,3,3,1,true,false,2173.0333278000003
ABSORPTION,low_gold,75,4,10,3,1,0.3333333333333333,false,false,2173.0333278000003
ABSORPTION,low_gold,75,5,10,3,1,0.3333333333333333,false,false,2173.0333278000003
ABSORPTION,low_gold,75,6,10,3,2,0.6666666666666666,true,false,2173.0333278000003
ABSORPTION,low_gold,75,7,10,3,3,1,true,false,2173.0333278000003
ABSORPTION,low_gold,75,8,10,3,3,1,true,false,2173.0333278000003
ABSORPTION,band_aware,75,4,10,3,2,0.6666666666666666,true,false,2173.0333278000003
ABSORPTION,band_aware,75,5,10,3,2,0.6666666666666666,true,false,2173.0333278000003
ABSORPTION,band_aware,75,6,10,3,3,1,true,false,2173.0333278000003
ABSORPTION,band_aware,75,7,10,3,3,1,true,false,2173.0333278000003
ABSORPTION,band_aware,75,8,10,3,3,1,true,false,2173.0333278000003
ABSORPTION,confidence_aware,75,4,10,3,2,0.6666666666666666,true,false,2173.0333278000003
ABSORPTION,confidence_aware,75,5,10,3,2,0.6666666666666666,true,false,2173.0333278000003
ABSORPTION,confidence_aware,75,6,10,3,3,1,true,false,2173.0333278000003
ABSORPTION,confidence_aware,75,7,10,3,3,1,true,false,2173.0333278000003
ABSORPTION,confidence_aware,75,8,10,3,3,1,true,false,2173.0333278000003
ABSORPTION,hybrid_regular_cheap,75,4,10,3,2,0.6666666666666666,true,false,2173.0333278000003
ABSORPTION,hybrid_regular_cheap,75,5,10,3,2,0.6666666666666666,true,false,2173.0333278000003
ABSORPTION,hybrid_regular_cheap,75,6,10,3,3,1,true,false,2173.0333278000003
ABSORPTION,hybrid_regular_cheap,75,7,10,3,3,1,true,false,2173.0333278000003
ABSORPTION,hybrid_regular_cheap,75,8,10,3,3,1,true,false,2173.0333278000003
ABSORPTION,low_mean,100,4,10,3,3,1,true,false,2897.3777704
ABSORPTION,low_mean,100,5,10,3,3,1,true,false,2897.3777704
ABSORPTION,low_mean,100,6,10,3,3,1,true,false,2897.3777704
ABSORPTION,low_mean,100,7,10,3,3,1,true,false,2897.3777704
ABSORPTION,low_mean,100,8,10,3,3,1,true,false,2897.3777704
ABSORPTION,low_median,100,4,10,3,2,0.6666666666666666,false,false,2897.3777704
ABSORPTION,low_median,100,5,10,3,2,0.6666666666666666,false,false,2897.3777704
ABSORPTION,low_median,100,6,10,3,3,1,true,false,2897.3777704
ABSORPTION,low_median,100,7,10,3,3,1,true,false,2897.3777704
ABSORPTION,low_median,100,8,10,3,3,1,true,false,2897.3777704
ABSORPTION,low_gold,100,4,10,3,1,0.3333333333333333,false,false,2897.3777704
ABSORPTION,low_gold,100,5,10,3,1,0.3333333333333333,false,false,2897.3777704
ABSORPTION,low_gold,100,6,10,3,2,0.6666666666666666,true,false,2897.3777704
ABSORPTION,low_gold,100,7,10,3,2,0.6666666666666666,true,false,2897.3777704
ABSORPTION,low_gold,100,8,10,3,2,0.6666666666666666,true,false,2897.3777704
ABSORPTION,band_aware,100,4,10,3,2,0.6666666666666666,false,false,2897.3777704
ABSORPTION,band_aware,100,5,10,3,3,1,true,false,2897.3777704
ABSORPTION,band_aware,100,6,10,3,3,1,true,false,2897.3777704
ABSORPTION,band_aware,100,7,10,3,3,1,true,false,2897.3777704
ABSORPTION,band_aware,100,8,10,3,3,1,true,false,2897.3777704
ABSORPTION,confidence_aware,100,4,10,3,3,1,true,false,2897.3777704
ABSORPTION,confidence_aware,100,5,10,3,3,1,true,false,2897.3777704
ABSORPTION,confidence_aware,100,6,10,3,3,1,true,false,2897.3777704
ABSORPTION,confidence_aware,100,7,10,3,3,1,true,false,2897.3777704
ABSORPTION,confidence_aware,100,8,10,3,3,1,true,false,2897.3777704
ABSORPTION,hybrid_regular_cheap,100,4,10,3,3,1,true,false,2897.3777704
ABSORPTION,hybrid_regular_cheap,100,5,10,3,3,1,true,false,2897.3777704
ABSORPTION,hybrid_regular_cheap,100,6,10,3,3,1,true,false,2897.3777704
ABSORPTION,hybrid_regular_cheap,100,7,10,3,3,1,true,false,2897.3777704
ABSORPTION,hybrid_regular_cheap,100,8,10,3,3,1,true,false,2897.3777704
ABSORPTION,low_mean,150,4,10,3,2,0.6666666666666666,true,false,4346.066655600001
ABSORPTION,low_mean,150,5,10,3,3,1,true,false,4346.066655600001
ABSORPTION,low_mean,150,6,10,3,3,1,true,false,4346.066655600001
ABSORPTION,low_mean,150,7,10,3,3,1,true,false,4346.066655600001
ABSORPTION,low_mean,150,8,10,3,3,1,true,false,4346.066655600001
ABSORPTION,low_median,150,4,10,3,3,1,true,false,4346.066655600001
ABSORPTION,low_median,150,5,10,3,3,1,true,false,4346.066655600001
ABSORPTION,low_median,150,6,10,3,3,1,true,false,4346.066655600001
ABSORPTION,low_median,150,7,10,3,3,1,true,false,4346.066655600001
ABSORPTION,low_median,150,8,10,3,3,1,true,false,4346.066655600001
ABSORPTION,low_gold,150,4,10,3,1,0.3333333333333333,true,false,4346.066655600001
ABSORPTION,low_gold,150,5,10,3,1,0.3333333333333333,true,false,4346.066655600001
ABSORPTION,low_gold,150,6,10,3,2,0.6666666666666666,true,false,4346.066655600001
ABSORPTION,low_gold,150,7,10,3,2,0.6666666666666666,true,false,4346.066655600001
ABSORPTION,low_gold,150,8,10,3,3,1,true,false,4346.066655600001
ABSORPTION,band_aware,150,4,10,3,2,0.6666666666666666,true,false,4346.066655600001
ABSORPTION,band_aware,150,5,10,3,3,1,true,false,4346.066655600001
ABSORPTION,band_aware,150,6,10,3,3,1,true,false,4346.066655600001
ABSORPTION,band_aware,150,7,10,3,3,1,true,false,4346.066655600001
ABSORPTION,band_aware,150,8,10,3,3,1,true,false,4346.066655600001
ABSORPTION,confidence_aware,150,4,10,3,2,0.6666666666666666,true,false,4346.066655600001
ABSORPTION,confidence_aware,150,5,10,3,3,1,true,false,4346.066655600001
ABSORPTION,confidence_aware,150,6,10,3,3,1,true,false,4346.066655600001
ABSORPTION,confidence_aware,150,7,10,3,3,1,true,false,4346.066655600001
ABSORPTION,confidence_aware,150,8,10,3,3,1,true,false,4346.066655600001
ABSORPTION,hybrid_regular_cheap,150,4,10,3,2,0.6666666666666666,true,false,4346.066655600001
ABSORPTION,hybrid_regular_cheap,150,5,10,3,3,1,true,false,4346.066655600001
ABSORPTION,hybrid_regular_cheap,150,6,10,3,3,1,true,false,4346.066655600001
ABSORPTION,hybrid_regular_cheap,150,7,10,3,3,1,true,false,4346.066655600001
ABSORPTION,hybrid_regular_cheap,150,8,10,3,3,1,true,false,4346.066655600001
ABSORPTION,low_mean,250,4,10,3,2,0.6666666666666666,true,false,7243.444426
ABSORPTION,low_mean,250,5,10,3,3,1,true,false,7243.444426
ABSORPTION,low_mean,250,6,10,3,3,1,true,false,7243.444426
ABSORPTION,low_mean,250,7,10,3,3,1,true,false,7243.444426
ABSORPTION,low_mean,250,8,10,3,3,1,true,false,7243.444426
ABSORPTION,low_median,250,4,10,3,3,1,true,false,7243.444426
ABSORPTION,low_median,250,5,10,3,3,1,true,false,7243.444426
ABSORPTION,low_median,250,6,10,3,3,1,true,false,7243.444426
ABSORPTION,low_median,250,7,10,3,3,1,true,false,7243.444426
ABSORPTION,low_median,250,8,10,3,3,1,true,false,7243.444426
ABSORPTION,low_gold,250,4,10,3,1,0.3333333333333333,true,false,7243.444426
ABSORPTION,low_gold,250,5,10,3,2,0.6666666666666666,true,false,7243.444426
ABSORPTION,low_gold,250,6,10,3,2,0.6666666666666666,true,false,7243.444426
ABSORPTION,low_gold,250,7,10,3,2,0.6666666666666666,true,false,7243.444426
ABSORPTION,low_gold,250,8,10,3,3,1,true,false,7243.444426
ABSORPTION,band_aware,250,4,10,3,2,0.6666666666666666,true,false,7243.444426
ABSORPTION,band_aware,250,5,10,3,3,1,true,false,7243.444426
ABSORPTION,band_aware,250,6,10,3,3,1,true,false,7243.444426
ABSORPTION,band_aware,250,7,10,3,3,1,true,false,7243.444426
ABSORPTION,band_aware,250,8,10,3,3,1,true,false,7243.444426
ABSORPTION,confidence_aware,250,4,10,3,2,0.6666666666666666,true,false,7243.444426
ABSORPTION,confidence_aware,250,5,10,3,3,1,true,false,7243.444426
ABSORPTION,confidence_aware,250,6,10,3,3,1,true,false,7243.444426
ABSORPTION,confidence_aware,250,7,10,3,3,1,true,false,7243.444426
ABSORPTION,confidence_aware,250,8,10,3,3,1,true,false,7243.444426
ABSORPTION,hybrid_regular_cheap,250,4,10,3,2,0.6666666666666666,true,false,7243.444426
ABSORPTION,hybrid_regular_cheap,250,5,10,3,3,1,true,false,7243.444426
ABSORPTION,hybrid_regular_cheap,250,6,10,3,3,1,true,false,7243.444426
ABSORPTION,hybrid_regular_cheap,250,7,10,3,3,1,true,false,7243.444426
ABSORPTION,hybrid_regular_cheap,250,8,10,3,3,1,true,false,7243.444426
ABSORPTION,low_mean_frontier,25,5,10,3,2,0.6666666666666666,true,false,724.3444426
ABSORPTION,low_mean_frontier,50,5,10,3,1,0.3333333333333333,true,false,1448.6888852
ABSORPTION,low_mean_frontier,75,5,10,3,2,0.6666666666666666,true,false,2173.0333278000003
ABSORPTION,low_mean_frontier,100,5,10,3,3,1,true,false,2897.3777704
ABSORPTION,low_mean_frontier,150,5,10,3,3,1,true,false,4346.066655600001
ABSORPTION,low_mean_frontier,250,5,10,3,3,1,true,false,7243.444426
ABSTAINING,low_mean,25,4,10,3,2,0.6666666666666666,true,false,782.90940905
ABSTAINING,low_mean,25,5,10,3,2,0.6666666666666666,true,false,782.90940905
ABSTAINING,low_mean,25,6,10,3,2,0.6666666666666666,true,false,782.90940905
ABSTAINING,low_mean,25,7,10,3,2,0.6666666666666666,true,false,782.90940905
ABSTAINING,low_mean,25,8,10,3,3,1,true,false,782.90940905
ABSTAINING,low_median,25,4,10,3,2,0.6666666666666666,true,false,782.90940905
ABSTAINING,low_median,25,5,10,3,3,1,true,false,782.90940905
ABSTAINING,low_median,25,6,10,3,3,1,true,false,782.90940905
ABSTAINING,low_median,25,7,10,3,3,1,true,false,782.90940905
ABSTAINING,low_median,25,8,10,3,3,1,true,false,782.90940905
ABSTAINING,low_gold,25,4,10,3,0,0,false,true,782.90940905
ABSTAINING,low_gold,25,5,10,3,1,0.3333333333333333,false,false,782.90940905
ABSTAINING,low_gold,25,6,10,3,2,0.6666666666666666,true,false,782.90940905
ABSTAINING,low_gold,25,7,10,3,2,0.6666666666666666,true,false,782.90940905
ABSTAINING,low_gold,25,8,10,3,2,0.6666666666666666,true,false,782.90940905
ABSTAINING,band_aware,25,4,10,3,1,0.3333333333333333,true,false,782.90940905
ABSTAINING,band_aware,25,5,10,3,2,0.6666666666666666,true,false,782.90940905
ABSTAINING,band_aware,25,6,10,3,2,0.6666666666666666,true,false,782.90940905
ABSTAINING,band_aware,25,7,10,3,2,0.6666666666666666,true,false,782.90940905
ABSTAINING,band_aware,25,8,10,3,3,1,true,false,782.90940905
ABSTAINING,confidence_aware,25,4,10,3,2,0.6666666666666666,true,false,782.90940905
ABSTAINING,confidence_aware,25,5,10,3,2,0.6666666666666666,true,false,782.90940905
ABSTAINING,confidence_aware,25,6,10,3,2,0.6666666666666666,true,false,782.90940905
ABSTAINING,confidence_aware,25,7,10,3,2,0.6666666666666666,true,false,782.90940905
ABSTAINING,confidence_aware,25,8,10,3,3,1,true,false,782.90940905
ABSTAINING,hybrid_regular_cheap,25,4,10,3,2,0.6666666666666666,true,false,782.90940905
ABSTAINING,hybrid_regular_cheap,25,5,10,3,2,0.6666666666666666,true,false,782.90940905
ABSTAINING,hybrid_regular_cheap,25,6,10,3,2,0.6666666666666666,true,false,782.90940905
ABSTAINING,hybrid_regular_cheap,25,7,10,3,2,0.6666666666666666,true,false,782.90940905
ABSTAINING,hybrid_regular_cheap,25,8,10,3,3,1,true,false,782.90940905
ABSTAINING,low_mean,50,4,10,3,2,0.6666666666666666,false,false,1565.8188181
ABSTAINING,low_mean,50,5,10,3,2,0.6666666666666666,false,false,1565.8188181
ABSTAINING,low_mean,50,6,10,3,2,0.6666666666666666,false,false,1565.8188181
ABSTAINING,low_mean,50,7,10,3,2,0.6666666666666666,false,false,1565.8188181
ABSTAINING,low_mean,50,8,10,3,2,0.6666666666666666,false,false,1565.8188181
ABSTAINING,low_median,50,4,10,3,2,0.6666666666666666,false,false,1565.8188181
ABSTAINING,low_median,50,5,10,3,2,0.6666666666666666,false,false,1565.8188181
ABSTAINING,low_median,50,6,10,3,2,0.6666666666666666,false,false,1565.8188181
ABSTAINING,low_median,50,7,10,3,2,0.6666666666666666,false,false,1565.8188181
ABSTAINING,low_median,50,8,10,3,3,1,true,false,1565.8188181
ABSTAINING,low_gold,50,4,10,3,1,0.3333333333333333,false,false,1565.8188181
ABSTAINING,low_gold,50,5,10,3,2,0.6666666666666666,true,false,1565.8188181
ABSTAINING,low_gold,50,6,10,3,2,0.6666666666666666,true,false,1565.8188181
ABSTAINING,low_gold,50,7,10,3,2,0.6666666666666666,true,false,1565.8188181
ABSTAINING,low_gold,50,8,10,3,2,0.6666666666666666,true,false,1565.8188181
ABSTAINING,band_aware,50,4,10,3,2,0.6666666666666666,false,false,1565.8188181
ABSTAINING,band_aware,50,5,10,3,2,0.6666666666666666,false,false,1565.8188181
ABSTAINING,band_aware,50,6,10,3,2,0.6666666666666666,false,false,1565.8188181
ABSTAINING,band_aware,50,7,10,3,2,0.6666666666666666,false,false,1565.8188181
ABSTAINING,band_aware,50,8,10,3,2,0.6666666666666666,false,false,1565.8188181
ABSTAINING,confidence_aware,50,4,10,3,2,0.6666666666666666,false,false,1565.8188181
ABSTAINING,confidence_aware,50,5,10,3,2,0.6666666666666666,false,false,1565.8188181
ABSTAINING,confidence_aware,50,6,10,3,2,0.6666666666666666,false,false,1565.8188181
ABSTAINING,confidence_aware,50,7,10,3,2,0.6666666666666666,false,false,1565.8188181
ABSTAINING,confidence_aware,50,8,10,3,2,0.6666666666666666,false,false,1565.8188181
ABSTAINING,hybrid_regular_cheap,50,4,10,3,2,0.6666666666666666,false,false,1565.8188181
ABSTAINING,hybrid_regular_cheap,50,5,10,3,2,0.6666666666666666,false,false,1565.8188181
ABSTAINING,hybrid_regular_cheap,50,6,10,3,2,0.6666666666666666,false,false,1565.8188181
ABSTAINING,hybrid_regular_cheap,50,7,10,3,2,0.6666666666666666,false,false,1565.8188181
ABSTAINING,hybrid_regular_cheap,50,8,10,3,2,0.6666666666666666,false,false,1565.8188181
ABSTAINING,low_mean,75,4,10,3,2,0.6666666666666666,false,false,2348.72822715
ABSTAINING,low_mean,75,5,10,3,2,0.6666666666666666,false,false,2348.72822715
ABSTAINING,low_mean,75,6,10,3,2,0.6666666666666666,false,false,2348.72822715
ABSTAINING,low_mean,75,7,10,3,2,0.6666666666666666,false,false,2348.72822715
ABSTAINING,low_mean,75,8,10,3,3,1,true,false,2348.72822715
ABSTAINING,low_median,75,4,10,3,1,0.3333333333333333,false,false,2348.72822715
ABSTAINING,low_median,75,5,10,3,1,0.3333333333333333,false,false,2348.72822715
ABSTAINING,low_median,75,6,10,3,1,0.3333333333333333,false,false,2348.72822715
ABSTAINING,low_median,75,7,10,3,2,0.6666666666666666,true,false,2348.72822715
ABSTAINING,low_median,75,8,10,3,2,0.6666666666666666,true,false,2348.72822715
ABSTAINING,low_gold,75,4,10,3,1,0.3333333333333333,false,false,2348.72822715
ABSTAINING,low_gold,75,5,10,3,1,0.3333333333333333,false,false,2348.72822715
ABSTAINING,low_gold,75,6,10,3,1,0.3333333333333333,false,false,2348.72822715
ABSTAINING,low_gold,75,7,10,3,2,0.6666666666666666,true,false,2348.72822715
ABSTAINING,low_gold,75,8,10,3,3,1,true,false,2348.72822715
ABSTAINING,band_aware,75,4,10,3,2,0.6666666666666666,false,false,2348.72822715
ABSTAINING,band_aware,75,5,10,3,2,0.6666666666666666,false,false,2348.72822715
ABSTAINING,band_aware,75,6,10,3,2,0.6666666666666666,false,false,2348.72822715
ABSTAINING,band_aware,75,7,10,3,2,0.6666666666666666,false,false,2348.72822715
ABSTAINING,band_aware,75,8,10,3,3,1,true,false,2348.72822715
ABSTAINING,confidence_aware,75,4,10,3,2,0.6666666666666666,false,false,2348.72822715
ABSTAINING,confidence_aware,75,5,10,3,2,0.6666666666666666,false,false,2348.72822715
ABSTAINING,confidence_aware,75,6,10,3,2,0.6666666666666666,false,false,2348.72822715
ABSTAINING,confidence_aware,75,7,10,3,2,0.6666666666666666,false,false,2348.72822715
ABSTAINING,confidence_aware,75,8,10,3,3,1,true,false,2348.72822715
ABSTAINING,hybrid_regular_cheap,75,4,10,3,2,0.6666666666666666,false,false,2348.72822715
ABSTAINING,hybrid_regular_cheap,75,5,10,3,2,0.6666666666666666,false,false,2348.72822715
ABSTAINING,hybrid_regular_cheap,75,6,10,3,2,0.6666666666666666,false,false,2348.72822715
ABSTAINING,hybrid_regular_cheap,75,7,10,3,2,0.6666666666666666,false,false,2348.72822715
ABSTAINING,hybrid_regular_cheap,75,8,10,3,3,1,true,false,2348.72822715
ABSTAINING,low_mean,100,4,10,3,2,0.6666666666666666,false,false,3131.6376362
ABSTAINING,low_mean,100,5,10,3,2,0.6666666666666666,false,false,3131.6376362
ABSTAINING,low_mean,100,6,10,3,3,1,true,false,3131.6376362
ABSTAINING,low_mean,100,7,10,3,3,1,true,false,3131.6376362
ABSTAINING,low_mean,100,8,10,3,3,1,true,false,3131.6376362
ABSTAINING,low_median,100,4,10,3,2,0.6666666666666666,true,false,3131.6376362
ABSTAINING,low_median,100,5,10,3,2,0.6666666666666666,true,false,3131.6376362
ABSTAINING,low_median,100,6,10,3,2,0.6666666666666666,true,false,3131.6376362
ABSTAINING,low_median,100,7,10,3,2,0.6666666666666666,true,false,3131.6376362
ABSTAINING,low_median,100,8,10,3,3,1,true,false,3131.6376362
ABSTAINING,low_gold,100,4,10,3,3,1,true,false,3131.6376362
ABSTAINING,low_gold,100,5,10,3,3,1,true,false,3131.6376362
ABSTAINING,low_gold,100,6,10,3,3,1,true,false,3131.6376362
ABSTAINING,low_gold,100,7,10,3,3,1,true,false,3131.6376362
ABSTAINING,low_gold,100,8,10,3,3,1,true,false,3131.6376362
ABSTAINING,band_aware,100,4,10,3,2,0.6666666666666666,false,false,3131.6376362
ABSTAINING,band_aware,100,5,10,3,2,0.6666666666666666,false,false,3131.6376362
ABSTAINING,band_aware,100,6,10,3,3,1,true,false,3131.6376362
ABSTAINING,band_aware,100,7,10,3,3,1,true,false,3131.6376362
ABSTAINING,band_aware,100,8,10,3,3,1,true,false,3131.6376362
ABSTAINING,confidence_aware,100,4,10,3,2,0.6666666666666666,false,false,3131.6376362
ABSTAINING,confidence_aware,100,5,10,3,2,0.6666666666666666,false,false,3131.6376362
ABSTAINING,confidence_aware,100,6,10,3,3,1,true,false,3131.6376362
ABSTAINING,confidence_aware,100,7,10,3,3,1,true,false,3131.6376362
ABSTAINING,confidence_aware,100,8,10,3,3,1,true,false,3131.6376362
ABSTAINING,hybrid_regular_cheap,100,4,10,3,2,0.6666666666666666,false,false,3131.6376362
ABSTAINING,hybrid_regular_cheap,100,5,10,3,2,0.6666666666666666,false,false,3131.6376362
ABSTAINING,hybrid_regular_cheap,100,6,10,3,3,1,true,false,3131.6376362
ABSTAINING,hybrid_regular_cheap,100,7,10,3,3,1,true,false,3131.6376362
ABSTAINING,hybrid_regular_cheap,100,8,10,3,3,1,true,false,3131.6376362
ABSTAINING,low_mean,150,4,10,3,2,0.6666666666666666,true,false,4697.4564543
ABSTAINING,low_mean,150,5,10,3,3,1,true,false,4697.4564543
ABSTAINING,low_mean,150,6,10,3,3,1,true,false,4697.4564543
ABSTAINING,low_mean,150,7,10,3,3,1,true,false,4697.4564543
ABSTAINING,low_mean,150,8,10,3,3,1,true,false,4697.4564543
ABSTAINING,low_median,150,4,10,3,2,0.6666666666666666,true,false,4697.4564543
ABSTAINING,low_median,150,5,10,3,3,1,true,false,4697.4564543
ABSTAINING,low_median,150,6,10,3,3,1,true,false,4697.4564543
ABSTAINING,low_median,150,7,10,3,3,1,true,false,4697.4564543
ABSTAINING,low_median,150,8,10,3,3,1,true,false,4697.4564543
ABSTAINING,low_gold,150,4,10,3,3,1,true,false,4697.4564543
ABSTAINING,low_gold,150,5,10,3,3,1,true,false,4697.4564543
ABSTAINING,low_gold,150,6,10,3,3,1,true,false,4697.4564543
ABSTAINING,low_gold,150,7,10,3,3,1,true,false,4697.4564543
ABSTAINING,low_gold,150,8,10,3,3,1,true,false,4697.4564543
ABSTAINING,band_aware,150,4,10,3,2,0.6666666666666666,true,false,4697.4564543
ABSTAINING,band_aware,150,5,10,3,3,1,true,false,4697.4564543
ABSTAINING,band_aware,150,6,10,3,3,1,true,false,4697.4564543
ABSTAINING,band_aware,150,7,10,3,3,1,true,false,4697.4564543
ABSTAINING,band_aware,150,8,10,3,3,1,true,false,4697.4564543
ABSTAINING,confidence_aware,150,4,10,3,2,0.6666666666666666,true,false,4697.4564543
ABSTAINING,confidence_aware,150,5,10,3,3,1,true,false,4697.4564543
ABSTAINING,confidence_aware,150,6,10,3,3,1,true,false,4697.4564543
ABSTAINING,confidence_aware,150,7,10,3,3,1,true,false,4697.4564543
ABSTAINING,confidence_aware,150,8,10,3,3,1,true,false,4697.4564543
ABSTAINING,hybrid_regular_cheap,150,4,10,3,2,0.6666666666666666,true,false,4697.4564543
ABSTAINING,hybrid_regular_cheap,150,5,10,3,3,1,true,false,4697.4564543
ABSTAINING,hybrid_regular_cheap,150,6,10,3,3,1,true,false,4697.4564543
ABSTAINING,hybrid_regular_cheap,150,7,10,3,3,1,true,false,4697.4564543
ABSTAINING,hybrid_regular_cheap,150,8,10,3,3,1,true,false,4697.4564543
ABSTAINING,low_mean,250,4,10,3,2,0.6666666666666666,true,false,7829.0940905
ABSTAINING,low_mean,250,5,10,3,2,0.6666666666666666,true,false,7829.0940905
ABSTAINING,low_mean,250,6,10,3,2,0.6666666666666666,true,false,7829.0940905
ABSTAINING,low_mean,250,7,10,3,3,1,true,false,7829.0940905
ABSTAINING,low_mean,250,8,10,3,3,1,true,false,7829.0940905
ABSTAINING,low_median,250,4,10,3,2,0.6666666666666666,true,false,7829.0940905
ABSTAINING,low_median,250,5,10,3,3,1,true,false,7829.0940905
ABSTAINING,low_median,250,6,10,3,3,1,true,false,7829.0940905
ABSTAINING,low_median,250,7,10,3,3,1,true,false,7829.0940905
ABSTAINING,low_median,250,8,10,3,3,1,true,false,7829.0940905
ABSTAINING,low_gold,250,4,10,3,3,1,true,false,7829.0940905
ABSTAINING,low_gold,250,5,10,3,3,1,true,false,7829.0940905
ABSTAINING,low_gold,250,6,10,3,3,1,true,false,7829.0940905
ABSTAINING,low_gold,250,7,10,3,3,1,true,false,7829.0940905
ABSTAINING,low_gold,250,8,10,3,3,1,true,false,7829.0940905
ABSTAINING,band_aware,250,4,10,3,2,0.6666666666666666,true,false,7829.0940905
ABSTAINING,band_aware,250,5,10,3,2,0.6666666666666666,true,false,7829.0940905
ABSTAINING,band_aware,250,6,10,3,2,0.6666666666666666,true,false,7829.0940905
ABSTAINING,band_aware,250,7,10,3,3,1,true,false,7829.0940905
ABSTAINING,band_aware,250,8,10,3,3,1,true,false,7829.0940905
ABSTAINING,confidence_aware,250,4,10,3,2,0.6666666666666666,true,false,7829.0940905
ABSTAINING,confidence_aware,250,5,10,3,2,0.6666666666666666,true,false,7829.0940905
ABSTAINING,confidence_aware,250,6,10,3,2,0.6666666666666666,true,false,7829.0940905
ABSTAINING,confidence_aware,250,7,10,3,3,1,true,false,7829.0940905
ABSTAINING,confidence_aware,250,8,10,3,3,1,true,false,7829.0940905
ABSTAINING,hybrid_regular_cheap,250,4,10,3,2,0.6666666666666666,true,false,7829.0940905
ABSTAINING,hybrid_regular_cheap,250,5,10,3,2,0.6666666666666666,true,false,7829.0940905
ABSTAINING,hybrid_regular_cheap,250,6,10,3,2,0.6666666666666666,true,false,7829.0940905
ABSTAINING,hybrid_regular_cheap,250,7,10,3,3,1,true,false,7829.0940905
ABSTAINING,hybrid_regular_cheap,250,8,10,3,3,1,true,false,7829.0940905
ABSTAINING,low_mean_frontier,25,5,10,3,2,0.6666666666666666,true,false,782.90940905
ABSTAINING,low_mean_frontier,50,5,10,3,2,0.6666666666666666,false,false,1565.8188181
ABSTAINING,low_mean_frontier,75,5,10,3,2,0.6666666666666666,false,false,2348.72822715
ABSTAINING,low_mean_frontier,100,5,10,3,2,0.6666666666666666,false,false,3131.6376362
ABSTAINING,low_mean_frontier,150,5,10,3,3,1,true,false,4697.4564543
ABSTAINING,low_mean_frontier,250,5,10,3,2,0.6666666666666666,true,false,7829.0940905
ABSTENTION,low_mean,25,4,10,3,1,0.3333333333333333,false,false,734.3887903
ABSTENTION,low_mean,25,5,10,3,2,0.6666666666666666,false,false,734.3887903
ABSTENTION,low_mean,25,6,10,3,2,0.6666666666666666,false,false,734.3887903
ABSTENTION,low_mean,25,7,10,3,2,0.6666666666666666,false,false,734.3887903
ABSTENTION,low_mean,25,8,10,3,2,0.6666666666666666,false,false,734.3887903
ABSTENTION,low_median,25,4,10,3,1,0.3333333333333333,false,false,734.3887903
ABSTENTION,low_median,25,5,10,3,1,0.3333333333333333,false,false,734.3887903
ABSTENTION,low_median,25,6,10,3,2,0.6666666666666666,false,false,734.3887903
ABSTENTION,low_median,25,7,10,3,2,0.6666666666666666,false,false,734.3887903
ABSTENTION,low_median,25,8,10,3,2,0.6666666666666666,false,false,734.3887903
ABSTENTION,low_gold,25,4,10,3,1,0.3333333333333333,false,false,734.3887903
ABSTENTION,low_gold,25,5,10,3,1,0.3333333333333333,false,false,734.3887903
ABSTENTION,low_gold,25,6,10,3,1,0.3333333333333333,false,false,734.3887903
ABSTENTION,low_gold,25,7,10,3,2,0.6666666666666666,false,false,734.3887903
ABSTENTION,low_gold,25,8,10,3,2,0.6666666666666666,false,false,734.3887903
ABSTENTION,band_aware,25,4,10,3,2,0.6666666666666666,false,false,734.3887903
ABSTENTION,band_aware,25,5,10,3,2,0.6666666666666666,false,false,734.3887903
ABSTENTION,band_aware,25,6,10,3,2,0.6666666666666666,false,false,734.3887903
ABSTENTION,band_aware,25,7,10,3,2,0.6666666666666666,false,false,734.3887903
ABSTENTION,band_aware,25,8,10,3,2,0.6666666666666666,false,false,734.3887903
ABSTENTION,confidence_aware,25,4,10,3,1,0.3333333333333333,false,false,734.3887903
ABSTENTION,confidence_aware,25,5,10,3,2,0.6666666666666666,false,false,734.3887903
ABSTENTION,confidence_aware,25,6,10,3,2,0.6666666666666666,false,false,734.3887903
ABSTENTION,confidence_aware,25,7,10,3,2,0.6666666666666666,false,false,734.3887903
ABSTENTION,confidence_aware,25,8,10,3,2,0.6666666666666666,false,false,734.3887903
ABSTENTION,hybrid_regular_cheap,25,4,10,3,1,0.3333333333333333,false,false,734.3887903
ABSTENTION,hybrid_regular_cheap,25,5,10,3,2,0.6666666666666666,false,false,734.3887903
ABSTENTION,hybrid_regular_cheap,25,6,10,3,2,0.6666666666666666,false,false,734.3887903
ABSTENTION,hybrid_regular_cheap,25,7,10,3,2,0.6666666666666666,false,false,734.3887903
ABSTENTION,hybrid_regular_cheap,25,8,10,3,2,0.6666666666666666,false,false,734.3887903
ABSTENTION,low_mean,50,4,10,3,1,0.3333333333333333,false,false,1468.7775806
ABSTENTION,low_mean,50,5,10,3,1,0.3333333333333333,false,false,1468.7775806
ABSTENTION,low_mean,50,6,10,3,2,0.6666666666666666,false,false,1468.7775806
ABSTENTION,low_mean,50,7,10,3,3,1,true,false,1468.7775806
ABSTENTION,low_mean,50,8,10,3,3,1,true,false,1468.7775806
ABSTENTION,low_median,50,4,10,3,2,0.6666666666666666,false,false,1468.7775806
ABSTENTION,low_median,50,5,10,3,2,0.6666666666666666,false,false,1468.7775806
ABSTENTION,low_median,50,6,10,3,2,0.6666666666666666,false,false,1468.7775806
ABSTENTION,low_median,50,7,10,3,2,0.6666666666666666,false,false,1468.7775806
ABSTENTION,low_median,50,8,10,3,2,0.6666666666666666,false,false,1468.7775806
ABSTENTION,low_gold,50,4,10,3,2,0.6666666666666666,true,false,1468.7775806
ABSTENTION,low_gold,50,5,10,3,2,0.6666666666666666,true,false,1468.7775806
ABSTENTION,low_gold,50,6,10,3,2,0.6666666666666666,true,false,1468.7775806
ABSTENTION,low_gold,50,7,10,3,2,0.6666666666666666,true,false,1468.7775806
ABSTENTION,low_gold,50,8,10,3,2,0.6666666666666666,true,false,1468.7775806
ABSTENTION,band_aware,50,4,10,3,1,0.3333333333333333,false,false,1468.7775806
ABSTENTION,band_aware,50,5,10,3,2,0.6666666666666666,false,false,1468.7775806
ABSTENTION,band_aware,50,6,10,3,2,0.6666666666666666,false,false,1468.7775806
ABSTENTION,band_aware,50,7,10,3,3,1,true,false,1468.7775806
ABSTENTION,band_aware,50,8,10,3,3,1,true,false,1468.7775806
ABSTENTION,confidence_aware,50,4,10,3,1,0.3333333333333333,false,false,1468.7775806
ABSTENTION,confidence_aware,50,5,10,3,1,0.3333333333333333,false,false,1468.7775806
ABSTENTION,confidence_aware,50,6,10,3,2,0.6666666666666666,false,false,1468.7775806
ABSTENTION,confidence_aware,50,7,10,3,3,1,true,false,1468.7775806
ABSTENTION,confidence_aware,50,8,10,3,3,1,true,false,1468.7775806
ABSTENTION,hybrid_regular_cheap,50,4,10,3,1,0.3333333333333333,false,false,1468.7775806
ABSTENTION,hybrid_regular_cheap,50,5,10,3,1,0.3333333333333333,false,false,1468.7775806
ABSTENTION,hybrid_regular_cheap,50,6,10,3,2,0.6666666666666666,false,false,1468.7775806
ABSTENTION,hybrid_regular_cheap,50,7,10,3,3,1,true,false,1468.7775806
ABSTENTION,hybrid_regular_cheap,50,8,10,3,3,1,true,false,1468.7775806
ABSTENTION,low_mean,75,4,10,3,1,0.3333333333333333,false,false,2203.1663709
ABSTENTION,low_mean,75,5,10,3,2,0.6666666666666666,false,false,2203.1663709
ABSTENTION,low_mean,75,6,10,3,2,0.6666666666666666,false,false,2203.1663709
ABSTENTION,low_mean,75,7,10,3,2,0.6666666666666666,false,false,2203.1663709
ABSTENTION,low_mean,75,8,10,3,3,1,true,false,2203.1663709
ABSTENTION,low_median,75,4,10,3,1,0.3333333333333333,false,false,2203.1663709
ABSTENTION,low_median,75,5,10,3,1,0.3333333333333333,false,false,2203.1663709
ABSTENTION,low_median,75,6,10,3,1,0.3333333333333333,false,false,2203.1663709
ABSTENTION,low_median,75,7,10,3,2,0.6666666666666666,false,false,2203.1663709
ABSTENTION,low_median,75,8,10,3,3,1,true,false,2203.1663709
ABSTENTION,low_gold,75,4,10,3,2,0.6666666666666666,true,false,2203.1663709
ABSTENTION,low_gold,75,5,10,3,2,0.6666666666666666,true,false,2203.1663709
ABSTENTION,low_gold,75,6,10,3,2,0.6666666666666666,true,false,2203.1663709
ABSTENTION,low_gold,75,7,10,3,2,0.6666666666666666,true,false,2203.1663709
ABSTENTION,low_gold,75,8,10,3,2,0.6666666666666666,true,false,2203.1663709
ABSTENTION,band_aware,75,4,10,3,2,0.6666666666666666,false,false,2203.1663709
ABSTENTION,band_aware,75,5,10,3,2,0.6666666666666666,false,false,2203.1663709
ABSTENTION,band_aware,75,6,10,3,2,0.6666666666666666,false,false,2203.1663709
ABSTENTION,band_aware,75,7,10,3,2,0.6666666666666666,false,false,2203.1663709
ABSTENTION,band_aware,75,8,10,3,3,1,true,false,2203.1663709
ABSTENTION,confidence_aware,75,4,10,3,1,0.3333333333333333,false,false,2203.1663709
ABSTENTION,confidence_aware,75,5,10,3,2,0.6666666666666666,false,false,2203.1663709
ABSTENTION,confidence_aware,75,6,10,3,2,0.6666666666666666,false,false,2203.1663709
ABSTENTION,confidence_aware,75,7,10,3,2,0.6666666666666666,false,false,2203.1663709
ABSTENTION,confidence_aware,75,8,10,3,3,1,true,false,2203.1663709
ABSTENTION,hybrid_regular_cheap,75,4,10,3,1,0.3333333333333333,false,false,2203.1663709
ABSTENTION,hybrid_regular_cheap,75,5,10,3,2,0.6666666666666666,false,false,2203.1663709
ABSTENTION,hybrid_regular_cheap,75,6,10,3,2,0.6666666666666666,false,false,2203.1663709
ABSTENTION,hybrid_regular_cheap,75,7,10,3,2,0.6666666666666666,false,false,2203.1663709
ABSTENTION,hybrid_regular_cheap,75,8,10,3,3,1,true,false,2203.1663709
ABSTENTION,low_mean,100,4,10,3,1,0.3333333333333333,false,false,2937.5551612
ABSTENTION,low_mean,100,5,10,3,2,0.6666666666666666,true,false,2937.5551612
ABSTENTION,low_mean,100,6,10,3,2,0.6666666666666666,true,false,2937.5551612
ABSTENTION,low_mean,100,7,10,3,3,1,true,false,2937.5551612
ABSTENTION,low_mean,100,8,10,3,3,1,true,false,2937.5551612
ABSTENTION,low_median,100,4,10,3,1,0.3333333333333333,false,false,2937.5551612
ABSTENTION,low_median,100,5,10,3,1,0.3333333333333333,false,false,2937.5551612
ABSTENTION,low_median,100,6,10,3,2,0.6666666666666666,false,false,2937.5551612
ABSTENTION,low_median,100,7,10,3,3,1,true,false,2937.5551612
ABSTENTION,low_median,100,8,10,3,3,1,true,false,2937.5551612
ABSTENTION,low_gold,100,4,10,3,1,0.3333333333333333,true,false,2937.5551612
ABSTENTION,low_gold,100,5,10,3,2,0.6666666666666666,true,false,2937.5551612
ABSTENTION,low_gold,100,6,10,3,2,0.6666666666666666,true,false,2937.5551612
ABSTENTION,low_gold,100,7,10,3,3,1,true,false,2937.5551612
ABSTENTION,low_gold,100,8,10,3,3,1,true,false,2937.5551612
ABSTENTION,band_aware,100,4,10,3,1,0.3333333333333333,false,false,2937.5551612
ABSTENTION,band_aware,100,5,10,3,1,0.3333333333333333,false,false,2937.5551612
ABSTENTION,band_aware,100,6,10,3,2,0.6666666666666666,true,false,2937.5551612
ABSTENTION,band_aware,100,7,10,3,3,1,true,false,2937.5551612
ABSTENTION,band_aware,100,8,10,3,3,1,true,false,2937.5551612
ABSTENTION,confidence_aware,100,4,10,3,1,0.3333333333333333,false,false,2937.5551612
ABSTENTION,confidence_aware,100,5,10,3,2,0.6666666666666666,true,false,2937.5551612
ABSTENTION,confidence_aware,100,6,10,3,2,0.6666666666666666,true,false,2937.5551612
ABSTENTION,confidence_aware,100,7,10,3,3,1,true,false,2937.5551612
ABSTENTION,confidence_aware,100,8,10,3,3,1,true,false,2937.5551612
ABSTENTION,hybrid_regular_cheap,100,4,10,3,1,0.3333333333333333,false,false,2937.5551612
ABSTENTION,hybrid_regular_cheap,100,5,10,3,2,0.6666666666666666,true,false,2937.5551612
ABSTENTION,hybrid_regular_cheap,100,6,10,3,2,0.6666666666666666,true,false,2937.5551612
ABSTENTION,hybrid_regular_cheap,100,7,10,3,3,1,true,false,2937.5551612
ABSTENTION,hybrid_regular_cheap,100,8,10,3,3,1,true,false,2937.5551612
ABSTENTION,low_mean,150,4,10,3,1,0.3333333333333333,false,false,4406.3327418
ABSTENTION,low_mean,150,5,10,3,2,0.6666666666666666,true,false,4406.3327418
ABSTENTION,low_mean,150,6,10,3,2,0.6666666666666666,true,false,4406.3327418
ABSTENTION,low_mean,150,7,10,3,2,0.6666666666666666,true,false,4406.3327418
ABSTENTION,low_mean,150,8,10,3,3,1,true,false,4406.3327418
ABSTENTION,low_median,150,4,10,3,2,0.6666666666666666,false,false,4406.3327418
ABSTENTION,low_median,150,5,10,3,2,0.6666666666666666,false,false,4406.3327418
ABSTENTION,low_median,150,6,10,3,2,0.6666666666666666,false,false,4406.3327418
ABSTENTION,low_median,150,7,10,3,2,0.6666666666666666,false,false,4406.3327418
ABSTENTION,low_median,150,8,10,3,2,0.6666666666666666,false,false,4406.3327418
ABSTENTION,low_gold,150,4,10,3,2,0.6666666666666666,false,false,4406.3327418
ABSTENTION,low_gold,150,5,10,3,2,0.6666666666666666,false,false,4406.3327418
ABSTENTION,low_gold,150,6,10,3,3,1,true,false,4406.3327418
ABSTENTION,low_gold,150,7,10,3,3,1,true,false,4406.3327418
ABSTENTION,low_gold,150,8,10,3,3,1,true,false,4406.3327418
ABSTENTION,band_aware,150,4,10,3,1,0.3333333333333333,false,false,4406.3327418
ABSTENTION,band_aware,150,5,10,3,1,0.3333333333333333,false,false,4406.3327418
ABSTENTION,band_aware,150,6,10,3,2,0.6666666666666666,true,false,4406.3327418
ABSTENTION,band_aware,150,7,10,3,2,0.6666666666666666,true,false,4406.3327418
ABSTENTION,band_aware,150,8,10,3,3,1,true,false,4406.3327418
ABSTENTION,confidence_aware,150,4,10,3,1,0.3333333333333333,false,false,4406.3327418
ABSTENTION,confidence_aware,150,5,10,3,2,0.6666666666666666,true,false,4406.3327418
ABSTENTION,confidence_aware,150,6,10,3,2,0.6666666666666666,true,false,4406.3327418
ABSTENTION,confidence_aware,150,7,10,3,2,0.6666666666666666,true,false,4406.3327418
ABSTENTION,confidence_aware,150,8,10,3,3,1,true,false,4406.3327418
ABSTENTION,hybrid_regular_cheap,150,4,10,3,1,0.3333333333333333,false,false,4406.3327418
ABSTENTION,hybrid_regular_cheap,150,5,10,3,2,0.6666666666666666,true,false,4406.3327418
ABSTENTION,hybrid_regular_cheap,150,6,10,3,2,0.6666666666666666,true,false,4406.3327418
ABSTENTION,hybrid_regular_cheap,150,7,10,3,2,0.6666666666666666,true,false,4406.3327418
ABSTENTION,hybrid_regular_cheap,150,8,10,3,3,1,true,false,4406.3327418
ABSTENTION,low_mean,250,4,10,3,1,0.3333333333333333,false,false,7343.887903
ABSTENTION,low_mean,250,5,10,3,1,0.3333333333333333,false,false,7343.887903
ABSTENTION,low_mean,250,6,10,3,2,0.6666666666666666,true,false,7343.887903
ABSTENTION,low_mean,250,7,10,3,2,0.6666666666666666,true,false,7343.887903
ABSTENTION,low_mean,250,8,10,3,2,0.6666666666666666,true,false,7343.887903
ABSTENTION,low_median,250,4,10,3,1,0.3333333333333333,false,false,7343.887903
ABSTENTION,low_median,250,5,10,3,1,0.3333333333333333,false,false,7343.887903
ABSTENTION,low_median,250,6,10,3,1,0.3333333333333333,false,false,7343.887903
ABSTENTION,low_median,250,7,10,3,2,0.6666666666666666,false,false,7343.887903
ABSTENTION,low_median,250,8,10,3,2,0.6666666666666666,false,false,7343.887903
ABSTENTION,low_gold,250,4,10,3,3,1,true,false,7343.887903
ABSTENTION,low_gold,250,5,10,3,3,1,true,false,7343.887903
ABSTENTION,low_gold,250,6,10,3,3,1,true,false,7343.887903
ABSTENTION,low_gold,250,7,10,3,3,1,true,false,7343.887903
ABSTENTION,low_gold,250,8,10,3,3,1,true,false,7343.887903
ABSTENTION,band_aware,250,4,10,3,1,0.3333333333333333,false,false,7343.887903
ABSTENTION,band_aware,250,5,10,3,1,0.3333333333333333,false,false,7343.887903
ABSTENTION,band_aware,250,6,10,3,1,0.3333333333333333,false,false,7343.887903
ABSTENTION,band_aware,250,7,10,3,2,0.6666666666666666,true,false,7343.887903
ABSTENTION,band_aware,250,8,10,3,2,0.6666666666666666,true,false,7343.887903
ABSTENTION,confidence_aware,250,4,10,3,1,0.3333333333333333,false,false,7343.887903
ABSTENTION,confidence_aware,250,5,10,3,1,0.3333333333333333,false,false,7343.887903
ABSTENTION,confidence_aware,250,6,10,3,2,0.6666666666666666,true,false,7343.887903
ABSTENTION,confidence_aware,250,7,10,3,2,0.6666666666666666,true,false,7343.887903
ABSTENTION,confidence_aware,250,8,10,3,2,0.6666666666666666,true,false,7343.887903
ABSTENTION,hybrid_regular_cheap,250,4,10,3,1,0.3333333333333333,false,false,7343.887903
ABSTENTION,hybrid_regular_cheap,250,5,10,3,1,0.3333333333333333,false,false,7343.887903
ABSTENTION,hybrid_regular_cheap,250,6,10,3,2,0.6666666666666666,true,false,7343.887903
ABSTENTION,hybrid_regular_cheap,250,7,10,3,2,0.6666666666666666,true,false,7343.887903
ABSTENTION,hybrid_regular_cheap,250,8,10,3,2,0.6666666666666666,true,false,7343.887903
ABSTENTION,low_mean_frontier,25,5,10,3,2,0.6666666666666666,false,false,734.3887903
ABSTENTION,low_mean_frontier,50,5,10,3,1,0.3333333333333333,false,false,1468.7775806
ABSTENTION,low_mean_frontier,75,5,10,3,2,0.6666666666666666,false,false,2203.1663709
ABSTENTION,low_mean_frontier,100,5,10,3,2,0.6666666666666666,true,false,2937.5551612
ABSTENTION,low_mean_frontier,150,5,10,3,2,0.6666666666666666,true,false,4406.3327418
ABSTENTION,low_mean_frontier,250,5,10,3,1,0.3333333333333333,false,false,7343.887903
ABSTINENCE,low_mean,25,4,10,3,1,0.3333333333333333,false,false,747.3279682
ABSTINENCE,low_mean,25,5,10,3,2,0.6666666666666666,false,false,747.3279682
ABSTINENCE,low_mean,25,6,10,3,3,1,true,false,747.3279682
ABSTINENCE,low_mean,25,7,10,3,3,1,true,false,747.3279682
ABSTINENCE,low_mean,25,8,10,3,3,1,true,false,747.3279682
ABSTINENCE,low_median,25,4,10,3,1,0.3333333333333333,false,false,747.3279682
ABSTINENCE,low_median,25,5,10,3,2,0.6666666666666666,false,false,747.3279682
ABSTINENCE,low_median,25,6,10,3,2,0.6666666666666666,false,false,747.3279682
ABSTINENCE,low_median,25,7,10,3,2,0.6666666666666666,false,false,747.3279682
ABSTINENCE,low_median,25,8,10,3,2,0.6666666666666666,false,false,747.3279682
ABSTINENCE,low_gold,25,4,10,3,2,0.6666666666666666,true,false,747.3279682
ABSTINENCE,low_gold,25,5,10,3,2,0.6666666666666666,true,false,747.3279682
ABSTINENCE,low_gold,25,6,10,3,2,0.6666666666666666,true,false,747.3279682
ABSTINENCE,low_gold,25,7,10,3,3,1,true,false,747.3279682
ABSTINENCE,low_gold,25,8,10,3,3,1,true,false,747.3279682
ABSTINENCE,band_aware,25,4,10,3,1,0.3333333333333333,false,false,747.3279682
ABSTINENCE,band_aware,25,5,10,3,2,0.6666666666666666,false,false,747.3279682
ABSTINENCE,band_aware,25,6,10,3,3,1,true,false,747.3279682
ABSTINENCE,band_aware,25,7,10,3,3,1,true,false,747.3279682
ABSTINENCE,band_aware,25,8,10,3,3,1,true,false,747.3279682
ABSTINENCE,confidence_aware,25,4,10,3,1,0.3333333333333333,false,false,747.3279682
ABSTINENCE,confidence_aware,25,5,10,3,2,0.6666666666666666,false,false,747.3279682
ABSTINENCE,confidence_aware,25,6,10,3,3,1,true,false,747.3279682
ABSTINENCE,confidence_aware,25,7,10,3,3,1,true,false,747.3279682
ABSTINENCE,confidence_aware,25,8,10,3,3,1,true,false,747.3279682
ABSTINENCE,hybrid_regular_cheap,25,4,10,3,1,0.3333333333333333,false,false,747.3279682
ABSTINENCE,hybrid_regular_cheap,25,5,10,3,2,0.6666666666666666,false,false,747.3279682
ABSTINENCE,hybrid_regular_cheap,25,6,10,3,3,1,true,false,747.3279682
ABSTINENCE,hybrid_regular_cheap,25,7,10,3,3,1,true,false,747.3279682
ABSTINENCE,hybrid_regular_cheap,25,8,10,3,3,1,true,false,747.3279682
ABSTINENCE,low_mean,50,4,10,3,3,1,true,false,1494.6559364
ABSTINENCE,low_mean,50,5,10,3,3,1,true,false,1494.6559364
ABSTINENCE,low_mean,50,6,10,3,3,1,true,false,1494.6559364
ABSTINENCE,low_mean,50,7,10,3,3,1,true,false,1494.6559364
ABSTINENCE,low_mean,50,8,10,3,3,1,true,false,1494.6559364
ABSTINENCE,low_median,50,4,10,3,2,0.6666666666666666,false,false,1494.6559364
ABSTINENCE,low_median,50,5,10,3,2,0.6666666666666666,false,false,1494.6559364
ABSTINENCE,low_median,50,6,10,3,3,1,true,false,1494.6559364
ABSTINENCE,low_median,50,7,10,3,3,1,true,false,1494.6559364
ABSTINENCE,low_median,50,8,10,3,3,1,true,false,1494.6559364
ABSTINENCE,low_gold,50,4,10,3,2,0.6666666666666666,true,false,1494.6559364
ABSTINENCE,low_gold,50,5,10,3,2,0.6666666666666666,true,false,1494.6559364
ABSTINENCE,low_gold,50,6,10,3,3,1,true,false,1494.6559364
ABSTINENCE,low_gold,50,7,10,3,3,1,true,false,1494.6559364
ABSTINENCE,low_gold,50,8,10,3,3,1,true,false,1494.6559364
ABSTINENCE,band_aware,50,4,10,3,3,1,true,false,1494.6559364
ABSTINENCE,band_aware,50,5,10,3,3,1,true,false,1494.6559364
ABSTINENCE,band_aware,50,6,10,3,3,1,true,false,1494.6559364
ABSTINENCE,band_aware,50,7,10,3,3,1,true,false,1494.6559364
ABSTINENCE,band_aware,50,8,10,3,3,1,true,false,1494.6559364
ABSTINENCE,confidence_aware,50,4,10,3,3,1,true,false,1494.6559364
ABSTINENCE,confidence_aware,50,5,10,3,3,1,true,false,1494.6559364
ABSTINENCE,confidence_aware,50,6,10,3,3,1,true,false,1494.6559364
ABSTINENCE,confidence_aware,50,7,10,3,3,1,true,false,1494.6559364
ABSTINENCE,confidence_aware,50,8,10,3,3,1,true,false,1494.6559364
ABSTINENCE,hybrid_regular_cheap,50,4,10,3,3,1,true,false,1494.6559364
ABSTINENCE,hybrid_regular_cheap,50,5,10,3,3,1,true,false,1494.6559364
ABSTINENCE,hybrid_regular_cheap,50,6,10,3,3,1,true,false,1494.6559364
ABSTINENCE,hybrid_regular_cheap,50,7,10,3,3,1,true,false,1494.6559364
ABSTINENCE,hybrid_regular_cheap,50,8,10,3,3,1,true,false,1494.6559364
ABSTINENCE,low_mean,75,4,10,3,2,0.6666666666666666,false,false,2241.9839046
ABSTINENCE,low_mean,75,5,10,3,3,1,true,false,2241.9839046
ABSTINENCE,low_mean,75,6,10,3,3,1,true,false,2241.9839046
ABSTINENCE,low_mean,75,7,10,3,3,1,true,false,2241.9839046
ABSTINENCE,low_mean,75,8,10,3,3,1,true,false,2241.9839046
ABSTINENCE,low_median,75,4,10,3,2,0.6666666666666666,false,false,2241.9839046
ABSTINENCE,low_median,75,5,10,3,3,1,true,false,2241.9839046
ABSTINENCE,low_median,75,6,10,3,3,1,true,false,2241.9839046
ABSTINENCE,low_median,75,7,10,3,3,1,true,false,2241.9839046
ABSTINENCE,low_median,75,8,10,3,3,1,true,false,2241.9839046
ABSTINENCE,low_gold,75,4,10,3,2,0.6666666666666666,true,false,2241.9839046
ABSTINENCE,low_gold,75,5,10,3,2,0.6666666666666666,true,false,2241.9839046
ABSTINENCE,low_gold,75,6,10,3,2,0.6666666666666666,true,false,2241.9839046
ABSTINENCE,low_gold,75,7,10,3,3,1,true,false,2241.9839046
ABSTINENCE,low_gold,75,8,10,3,3,1,true,false,2241.9839046
ABSTINENCE,band_aware,75,4,10,3,2,0.6666666666666666,false,false,2241.9839046
ABSTINENCE,band_aware,75,5,10,3,3,1,true,false,2241.9839046
ABSTINENCE,band_aware,75,6,10,3,3,1,true,false,2241.9839046
ABSTINENCE,band_aware,75,7,10,3,3,1,true,false,2241.9839046
ABSTINENCE,band_aware,75,8,10,3,3,1,true,false,2241.9839046
ABSTINENCE,confidence_aware,75,4,10,3,2,0.6666666666666666,false,false,2241.9839046
ABSTINENCE,confidence_aware,75,5,10,3,3,1,true,false,2241.9839046
ABSTINENCE,confidence_aware,75,6,10,3,3,1,true,false,2241.9839046
ABSTINENCE,confidence_aware,75,7,10,3,3,1,true,false,2241.9839046
ABSTINENCE,confidence_aware,75,8,10,3,3,1,true,false,2241.9839046
ABSTINENCE,hybrid_regular_cheap,75,4,10,3,2,0.6666666666666666,false,false,2241.9839046
ABSTINENCE,hybrid_regular_cheap,75,5,10,3,3,1,true,false,2241.9839046
ABSTINENCE,hybrid_regular_cheap,75,6,10,3,3,1,true,false,2241.9839046
ABSTINENCE,hybrid_regular_cheap,75,7,10,3,3,1,true,false,2241.9839046
ABSTINENCE,hybrid_regular_cheap,75,8,10,3,3,1,true,false,2241.9839046
ABSTINENCE,low_mean,100,4,10,3,2,0.6666666666666666,true,false,2989.3118728
ABSTINENCE,low_mean,100,5,10,3,2,0.6666666666666666,true,false,2989.3118728
ABSTINENCE,low_mean,100,6,10,3,3,1,true,false,2989.3118728
ABSTINENCE,low_mean,100,7,10,3,3,1,true,false,2989.3118728
ABSTINENCE,low_mean,100,8,10,3,3,1,true,false,2989.3118728
ABSTINENCE,low_median,100,4,10,3,1,0.3333333333333333,false,false,2989.3118728
ABSTINENCE,low_median,100,5,10,3,2,0.6666666666666666,false,false,2989.3118728
ABSTINENCE,low_median,100,6,10,3,3,1,true,false,2989.3118728
ABSTINENCE,low_median,100,7,10,3,3,1,true,false,2989.3118728
ABSTINENCE,low_median,100,8,10,3,3,1,true,false,2989.3118728
ABSTINENCE,low_gold,100,4,10,3,1,0.3333333333333333,true,false,2989.3118728
ABSTINENCE,low_gold,100,5,10,3,2,0.6666666666666666,true,false,2989.3118728
ABSTINENCE,low_gold,100,6,10,3,3,1,true,false,2989.3118728
ABSTINENCE,low_gold,100,7,10,3,3,1,true,false,2989.3118728
ABSTINENCE,low_gold,100,8,10,3,3,1,true,false,2989.3118728
ABSTINENCE,band_aware,100,4,10,3,2,0.6666666666666666,true,false,2989.3118728
ABSTINENCE,band_aware,100,5,10,3,2,0.6666666666666666,true,false,2989.3118728
ABSTINENCE,band_aware,100,6,10,3,3,1,true,false,2989.3118728
ABSTINENCE,band_aware,100,7,10,3,3,1,true,false,2989.3118728
ABSTINENCE,band_aware,100,8,10,3,3,1,true,false,2989.3118728
ABSTINENCE,confidence_aware,100,4,10,3,2,0.6666666666666666,true,false,2989.3118728
ABSTINENCE,confidence_aware,100,5,10,3,2,0.6666666666666666,true,false,2989.3118728
ABSTINENCE,confidence_aware,100,6,10,3,3,1,true,false,2989.3118728
ABSTINENCE,confidence_aware,100,7,10,3,3,1,true,false,2989.3118728
ABSTINENCE,confidence_aware,100,8,10,3,3,1,true,false,2989.3118728
ABSTINENCE,hybrid_regular_cheap,100,4,10,3,2,0.6666666666666666,true,false,2989.3118728
ABSTINENCE,hybrid_regular_cheap,100,5,10,3,2,0.6666666666666666,true,false,2989.3118728
ABSTINENCE,hybrid_regular_cheap,100,6,10,3,3,1,true,false,2989.3118728
ABSTINENCE,hybrid_regular_cheap,100,7,10,3,3,1,true,false,2989.3118728
ABSTINENCE,hybrid_regular_cheap,100,8,10,3,3,1,true,false,2989.3118728
ABSTINENCE,low_mean,150,4,10,3,2,0.6666666666666666,true,false,4483.9678092
ABSTINENCE,low_mean,150,5,10,3,2,0.6666666666666666,true,false,4483.9678092
ABSTINENCE,low_mean,150,6,10,3,3,1,true,false,4483.9678092
ABSTINENCE,low_mean,150,7,10,3,3,1,true,false,4483.9678092
ABSTINENCE,low_mean,150,8,10,3,3,1,true,false,4483.9678092
ABSTINENCE,low_median,150,4,10,3,1,0.3333333333333333,false,false,4483.9678092
ABSTINENCE,low_median,150,5,10,3,2,0.6666666666666666,true,false,4483.9678092
ABSTINENCE,low_median,150,6,10,3,2,0.6666666666666666,true,false,4483.9678092
ABSTINENCE,low_median,150,7,10,3,2,0.6666666666666666,true,false,4483.9678092
ABSTINENCE,low_median,150,8,10,3,3,1,true,false,4483.9678092
ABSTINENCE,low_gold,150,4,10,3,2,0.6666666666666666,false,false,4483.9678092
ABSTINENCE,low_gold,150,5,10,3,3,1,true,false,4483.9678092
ABSTINENCE,low_gold,150,6,10,3,3,1,true,false,4483.9678092
ABSTINENCE,low_gold,150,7,10,3,3,1,true,false,4483.9678092
ABSTINENCE,low_gold,150,8,10,3,3,1,true,false,4483.9678092
ABSTINENCE,band_aware,150,4,10,3,2,0.6666666666666666,true,false,4483.9678092
ABSTINENCE,band_aware,150,5,10,3,2,0.6666666666666666,true,false,4483.9678092
ABSTINENCE,band_aware,150,6,10,3,3,1,true,false,4483.9678092
ABSTINENCE,band_aware,150,7,10,3,3,1,true,false,4483.9678092
ABSTINENCE,band_aware,150,8,10,3,3,1,true,false,4483.9678092
ABSTINENCE,confidence_aware,150,4,10,3,2,0.6666666666666666,true,false,4483.9678092
ABSTINENCE,confidence_aware,150,5,10,3,2,0.6666666666666666,true,false,4483.9678092
ABSTINENCE,confidence_aware,150,6,10,3,3,1,true,false,4483.9678092
ABSTINENCE,confidence_aware,150,7,10,3,3,1,true,false,4483.9678092
ABSTINENCE,confidence_aware,150,8,10,3,3,1,true,false,4483.9678092
ABSTINENCE,hybrid_regular_cheap,150,4,10,3,2,0.6666666666666666,true,false,4483.9678092
ABSTINENCE,hybrid_regular_cheap,150,5,10,3,2,0.6666666666666666,true,false,4483.9678092
ABSTINENCE,hybrid_regular_cheap,150,6,10,3,3,1,true,false,4483.9678092
ABSTINENCE,hybrid_regular_cheap,150,7,10,3,3,1,true,false,4483.9678092
ABSTINENCE,hybrid_regular_cheap,150,8,10,3,3,1,true,false,4483.9678092
ABSTINENCE,low_mean,250,4,10,3,3,1,true,false,7473.279682
ABSTINENCE,low_mean,250,5,10,3,3,1,true,false,7473.279682
ABSTINENCE,low_mean,250,6,10,3,3,1,true,false,7473.279682
ABSTINENCE,low_mean,250,7,10,3,3,1,true,false,7473.279682
ABSTINENCE,low_mean,250,8,10,3,3,1,true,false,7473.279682
ABSTINENCE,low_median,250,4,10,3,2,0.6666666666666666,true,false,7473.279682
ABSTINENCE,low_median,250,5,10,3,3,1,true,false,7473.279682
ABSTINENCE,low_median,250,6,10,3,3,1,true,false,7473.279682
ABSTINENCE,low_median,250,7,10,3,3,1,true,false,7473.279682
ABSTINENCE,low_median,250,8,10,3,3,1,true,false,7473.279682
ABSTINENCE,low_gold,250,4,10,3,1,0.3333333333333333,false,false,7473.279682
ABSTINENCE,low_gold,250,5,10,3,2,0.6666666666666666,false,false,7473.279682
ABSTINENCE,low_gold,250,6,10,3,3,1,true,false,7473.279682
ABSTINENCE,low_gold,250,7,10,3,3,1,true,false,7473.279682
ABSTINENCE,low_gold,250,8,10,3,3,1,true,false,7473.279682
ABSTINENCE,band_aware,250,4,10,3,3,1,true,false,7473.279682
ABSTINENCE,band_aware,250,5,10,3,3,1,true,false,7473.279682
ABSTINENCE,band_aware,250,6,10,3,3,1,true,false,7473.279682
ABSTINENCE,band_aware,250,7,10,3,3,1,true,false,7473.279682
ABSTINENCE,band_aware,250,8,10,3,3,1,true,false,7473.279682
ABSTINENCE,confidence_aware,250,4,10,3,3,1,true,false,7473.279682
ABSTINENCE,confidence_aware,250,5,10,3,3,1,true,false,7473.279682
ABSTINENCE,confidence_aware,250,6,10,3,3,1,true,false,7473.279682
ABSTINENCE,confidence_aware,250,7,10,3,3,1,true,false,7473.279682
ABSTINENCE,confidence_aware,250,8,10,3,3,1,true,false,7473.279682
ABSTINENCE,hybrid_regular_cheap,250,4,10,3,3,1,true,false,7473.279682
ABSTINENCE,hybrid_regular_cheap,250,5,10,3,3,1,true,false,7473.279682
ABSTINENCE,hybrid_regular_cheap,250,6,10,3,3,1,true,false,7473.279682
ABSTINENCE,hybrid_regular_cheap,250,7,10,3,3,1,true,false,7473.279682
ABSTINENCE,hybrid_regular_cheap,250,8,10,3,3,1,true,false,7473.279682
ABSTINENCE,low_mean_frontier,25,5,10,3,2,0.6666666666666666,false,false,747.3279682
ABSTINENCE,low_mean_frontier,50,5,10,3,3,1,true,false,1494.6559364
ABSTINENCE,low_mean_frontier,75,5,10,3,3,1,true,false,2241.9839046
ABSTINENCE,low_mean_frontier,100,5,10,3,2,0.6666666666666666,true,false,2989.3118728
ABSTINENCE,low_mean_frontier,150,5,10,3,2,0.6666666666666666,true,false,4483.9678092
ABSTINENCE,low_mean_frontier,250,5,10,3,3,1,true,false,7473.279682
ABYSSINIAN,low_mean,25,4,10,3,0,0,false,true,740.93373165
ABYSSINIAN,low_mean,25,5,10,3,1,0.3333333333333333,false,false,740.93373165
ABYSSINIAN,low_mean,25,6,10,3,1,0.3333333333333333,false,false,740.93373165
ABYSSINIAN,low_mean,25,7,10,3,2,0.6666666666666666,true,false,740.93373165
ABYSSINIAN,low_mean,25,8,10,3,3,1,true,false,740.93373165
ABYSSINIAN,low_median,25,4,10,3,1,0.3333333333333333,true,false,740.93373165
ABYSSINIAN,low_median,25,5,10,3,1,0.3333333333333333,true,false,740.93373165
ABYSSINIAN,low_median,25,6,10,3,2,0.6666666666666666,true,false,740.93373165
ABYSSINIAN,low_median,25,7,10,3,2,0.6666666666666666,true,false,740.93373165
ABYSSINIAN,low_median,25,8,10,3,3,1,true,false,740.93373165
ABYSSINIAN,low_gold,25,4,10,3,0,0,false,true,740.93373165
ABYSSINIAN,low_gold,25,5,10,3,1,0.3333333333333333,false,false,740.93373165
ABYSSINIAN,low_gold,25,6,10,3,1,0.3333333333333333,false,false,740.93373165
ABYSSINIAN,low_gold,25,7,10,3,2,0.6666666666666666,false,false,740.93373165
ABYSSINIAN,low_gold,25,8,10,3,2,0.6666666666666666,false,false,740.93373165
ABYSSINIAN,band_aware,25,4,10,3,0,0,false,true,740.93373165
ABYSSINIAN,band_aware,25,5,10,3,0,0,false,true,740.93373165
ABYSSINIAN,band_aware,25,6,10,3,1,0.3333333333333333,false,false,740.93373165
ABYSSINIAN,band_aware,25,7,10,3,2,0.6666666666666666,true,false,740.93373165
ABYSSINIAN,band_aware,25,8,10,3,3,1,true,false,740.93373165
ABYSSINIAN,confidence_aware,25,4,10,3,0,0,false,true,740.93373165
ABYSSINIAN,confidence_aware,25,5,10,3,1,0.3333333333333333,false,false,740.93373165
ABYSSINIAN,confidence_aware,25,6,10,3,1,0.3333333333333333,false,false,740.93373165
ABYSSINIAN,confidence_aware,25,7,10,3,2,0.6666666666666666,true,false,740.93373165
ABYSSINIAN,confidence_aware,25,8,10,3,3,1,true,false,740.93373165
ABYSSINIAN,hybrid_regular_cheap,25,4,10,3,0,0,false,true,740.93373165
ABYSSINIAN,hybrid_regular_cheap,25,5,10,3,1,0.3333333333333333,false,false,740.93373165
ABYSSINIAN,hybrid_regular_cheap,25,6,10,3,1,0.3333333333333333,false,false,740.93373165
ABYSSINIAN,hybrid_regular_cheap,25,7,10,3,2,0.6666666666666666,true,false,740.93373165
ABYSSINIAN,hybrid_regular_cheap,25,8,10,3,3,1,true,false,740.93373165
ABYSSINIAN,low_mean,50,4,10,3,2,0.6666666666666666,true,false,1481.8674633
ABYSSINIAN,low_mean,50,5,10,3,2,0.6666666666666666,true,false,1481.8674633
ABYSSINIAN,low_mean,50,6,10,3,2,0.6666666666666666,true,false,1481.8674633
ABYSSINIAN,low_mean,50,7,10,3,2,0.6666666666666666,true,false,1481.8674633
ABYSSINIAN,low_mean,50,8,10,3,3,1,true,false,1481.8674633
ABYSSINIAN,low_median,50,4,10,3,2,0.6666666666666666,true,false,1481.8674633
ABYSSINIAN,low_median,50,5,10,3,2,0.6666666666666666,true,false,1481.8674633
ABYSSINIAN,low_median,50,6,10,3,2,0.6666666666666666,true,false,1481.8674633
ABYSSINIAN,low_median,50,7,10,3,2,0.6666666666666666,true,false,1481.8674633
ABYSSINIAN,low_median,50,8,10,3,3,1,true,false,1481.8674633
ABYSSINIAN,low_gold,50,4,10,3,0,0,false,true,1481.8674633
ABYSSINIAN,low_gold,50,5,10,3,1,0.3333333333333333,false,false,1481.8674633
ABYSSINIAN,low_gold,50,6,10,3,2,0.6666666666666666,false,false,1481.8674633
ABYSSINIAN,low_gold,50,7,10,3,2,0.6666666666666666,false,false,1481.8674633
ABYSSINIAN,low_gold,50,8,10,3,2,0.6666666666666666,false,false,1481.8674633
ABYSSINIAN,band_aware,50,4,10,3,1,0.3333333333333333,true,false,1481.8674633
ABYSSINIAN,band_aware,50,5,10,3,2,0.6666666666666666,true,false,1481.8674633
ABYSSINIAN,band_aware,50,6,10,3,2,0.6666666666666666,true,false,1481.8674633
ABYSSINIAN,band_aware,50,7,10,3,2,0.6666666666666666,true,false,1481.8674633
ABYSSINIAN,band_aware,50,8,10,3,3,1,true,false,1481.8674633
ABYSSINIAN,confidence_aware,50,4,10,3,2,0.6666666666666666,true,false,1481.8674633
ABYSSINIAN,confidence_aware,50,5,10,3,2,0.6666666666666666,true,false,1481.8674633
ABYSSINIAN,confidence_aware,50,6,10,3,2,0.6666666666666666,true,false,1481.8674633
ABYSSINIAN,confidence_aware,50,7,10,3,2,0.6666666666666666,true,false,1481.8674633
ABYSSINIAN,confidence_aware,50,8,10,3,3,1,true,false,1481.8674633
ABYSSINIAN,hybrid_regular_cheap,50,4,10,3,2,0.6666666666666666,true,false,1481.8674633
ABYSSINIAN,hybrid_regular_cheap,50,5,10,3,2,0.6666666666666666,true,false,1481.8674633
ABYSSINIAN,hybrid_regular_cheap,50,6,10,3,2,0.6666666666666666,true,false,1481.8674633
ABYSSINIAN,hybrid_regular_cheap,50,7,10,3,2,0.6666666666666666,true,false,1481.8674633
ABYSSINIAN,hybrid_regular_cheap,50,8,10,3,3,1,true,false,1481.8674633
ABYSSINIAN,low_mean,75,4,10,3,2,0.6666666666666666,true,false,2222.80119495
ABYSSINIAN,low_mean,75,5,10,3,2,0.6666666666666666,true,false,2222.80119495
ABYSSINIAN,low_mean,75,6,10,3,2,0.6666666666666666,true,false,2222.80119495
ABYSSINIAN,low_mean,75,7,10,3,3,1,true,false,2222.80119495
ABYSSINIAN,low_mean,75,8,10,3,3,1,true,false,2222.80119495
ABYSSINIAN,low_median,75,4,10,3,2,0.6666666666666666,true,false,2222.80119495
ABYSSINIAN,low_median,75,5,10,3,2,0.6666666666666666,true,false,2222.80119495
ABYSSINIAN,low_median,75,6,10,3,2,0.6666666666666666,true,false,2222.80119495
ABYSSINIAN,low_median,75,7,10,3,3,1,true,false,2222.80119495
ABYSSINIAN,low_median,75,8,10,3,3,1,true,false,2222.80119495
ABYSSINIAN,low_gold,75,4,10,3,1,0.3333333333333333,false,false,2222.80119495
ABYSSINIAN,low_gold,75,5,10,3,1,0.3333333333333333,false,false,2222.80119495
ABYSSINIAN,low_gold,75,6,10,3,2,0.6666666666666666,false,false,2222.80119495
ABYSSINIAN,low_gold,75,7,10,3,2,0.6666666666666666,false,false,2222.80119495
ABYSSINIAN,low_gold,75,8,10,3,2,0.6666666666666666,false,false,2222.80119495
ABYSSINIAN,band_aware,75,4,10,3,2,0.6666666666666666,true,false,2222.80119495
ABYSSINIAN,band_aware,75,5,10,3,2,0.6666666666666666,true,false,2222.80119495
ABYSSINIAN,band_aware,75,6,10,3,2,0.6666666666666666,true,false,2222.80119495
ABYSSINIAN,band_aware,75,7,10,3,3,1,true,false,2222.80119495
ABYSSINIAN,band_aware,75,8,10,3,3,1,true,false,2222.80119495
ABYSSINIAN,confidence_aware,75,4,10,3,2,0.6666666666666666,true,false,2222.80119495
ABYSSINIAN,confidence_aware,75,5,10,3,2,0.6666666666666666,true,false,2222.80119495
ABYSSINIAN,confidence_aware,75,6,10,3,2,0.6666666666666666,true,false,2222.80119495
ABYSSINIAN,confidence_aware,75,7,10,3,3,1,true,false,2222.80119495
ABYSSINIAN,confidence_aware,75,8,10,3,3,1,true,false,2222.80119495
ABYSSINIAN,hybrid_regular_cheap,75,4,10,3,2,0.6666666666666666,true,false,2222.80119495
ABYSSINIAN,hybrid_regular_cheap,75,5,10,3,2,0.6666666666666666,true,false,2222.80119495
ABYSSINIAN,hybrid_regular_cheap,75,6,10,3,2,0.6666666666666666,true,false,2222.80119495
ABYSSINIAN,hybrid_regular_cheap,75,7,10,3,3,1,true,false,2222.80119495
ABYSSINIAN,hybrid_regular_cheap,75,8,10,3,3,1,true,false,2222.80119495
ABYSSINIAN,low_mean,100,4,10,3,2,0.6666666666666666,true,false,2963.7349266
ABYSSINIAN,low_mean,100,5,10,3,2,0.6666666666666666,true,false,2963.7349266
ABYSSINIAN,low_mean,100,6,10,3,2,0.6666666666666666,true,false,2963.7349266
ABYSSINIAN,low_mean,100,7,10,3,2,0.6666666666666666,true,false,2963.7349266
ABYSSINIAN,low_mean,100,8,10,3,2,0.6666666666666666,true,false,2963.7349266
ABYSSINIAN,low_median,100,4,10,3,2,0.6666666666666666,true,false,2963.7349266
ABYSSINIAN,low_median,100,5,10,3,2,0.6666666666666666,true,false,2963.7349266
ABYSSINIAN,low_median,100,6,10,3,2,0.6666666666666666,true,false,2963.7349266
ABYSSINIAN,low_median,100,7,10,3,2,0.6666666666666666,true,false,2963.7349266
ABYSSINIAN,low_median,100,8,10,3,2,0.6666666666666666,true,false,2963.7349266
ABYSSINIAN,low_gold,100,4,10,3,2,0.6666666666666666,true,false,2963.7349266
ABYSSINIAN,low_gold,100,5,10,3,2,0.6666666666666666,true,false,2963.7349266
ABYSSINIAN,low_gold,100,6,10,3,2,0.6666666666666666,true,false,2963.7349266
ABYSSINIAN,low_gold,100,7,10,3,2,0.6666666666666666,true,false,2963.7349266
ABYSSINIAN,low_gold,100,8,10,3,3,1,true,false,2963.7349266
ABYSSINIAN,band_aware,100,4,10,3,2,0.6666666666666666,true,false,2963.7349266
ABYSSINIAN,band_aware,100,5,10,3,2,0.6666666666666666,true,false,2963.7349266
ABYSSINIAN,band_aware,100,6,10,3,2,0.6666666666666666,true,false,2963.7349266
ABYSSINIAN,band_aware,100,7,10,3,2,0.6666666666666666,true,false,2963.7349266
ABYSSINIAN,band_aware,100,8,10,3,2,0.6666666666666666,true,false,2963.7349266
ABYSSINIAN,confidence_aware,100,4,10,3,2,0.6666666666666666,true,false,2963.7349266
ABYSSINIAN,confidence_aware,100,5,10,3,2,0.6666666666666666,true,false,2963.7349266
ABYSSINIAN,confidence_aware,100,6,10,3,2,0.6666666666666666,true,false,2963.7349266
ABYSSINIAN,confidence_aware,100,7,10,3,2,0.6666666666666666,true,false,2963.7349266
ABYSSINIAN,confidence_aware,100,8,10,3,2,0.6666666666666666,true,false,2963.7349266
ABYSSINIAN,hybrid_regular_cheap,100,4,10,3,2,0.6666666666666666,true,false,2963.7349266
ABYSSINIAN,hybrid_regular_cheap,100,5,10,3,2,0.6666666666666666,true,false,2963.7349266
ABYSSINIAN,hybrid_regular_cheap,100,6,10,3,2,0.6666666666666666,true,false,2963.7349266
ABYSSINIAN,hybrid_regular_cheap,100,7,10,3,2,0.6666666666666666,true,false,2963.7349266
ABYSSINIAN,hybrid_regular_cheap,100,8,10,3,2,0.6666666666666666,true,false,2963.7349266
ABYSSINIAN,low_mean,150,4,10,3,1,0.3333333333333333,true,false,4445.6023899
ABYSSINIAN,low_mean,150,5,10,3,1,0.3333333333333333,true,false,4445.6023899
ABYSSINIAN,low_mean,150,6,10,3,2,0.6666666666666666,true,false,4445.6023899
ABYSSINIAN,low_mean,150,7,10,3,3,1,true,false,4445.6023899
ABYSSINIAN,low_mean,150,8,10,3,3,1,true,false,4445.6023899
ABYSSINIAN,low_median,150,4,10,3,0,0,false,true,4445.6023899
ABYSSINIAN,low_median,150,5,10,3,1,0.3333333333333333,true,false,4445.6023899
ABYSSINIAN,low_median,150,6,10,3,2,0.6666666666666666,true,false,4445.6023899
ABYSSINIAN,low_median,150,7,10,3,3,1,true,false,4445.6023899
ABYSSINIAN,low_median,150,8,10,3,3,1,true,false,4445.6023899
ABYSSINIAN,low_gold,150,4,10,3,1,0.3333333333333333,false,false,4445.6023899
ABYSSINIAN,low_gold,150,5,10,3,1,0.3333333333333333,false,false,4445.6023899
ABYSSINIAN,low_gold,150,6,10,3,1,0.3333333333333333,false,false,4445.6023899
ABYSSINIAN,low_gold,150,7,10,3,2,0.6666666666666666,true,false,4445.6023899
ABYSSINIAN,low_gold,150,8,10,3,2,0.6666666666666666,true,false,4445.6023899
ABYSSINIAN,band_aware,150,4,10,3,1,0.3333333333333333,true,false,4445.6023899
ABYSSINIAN,band_aware,150,5,10,3,1,0.3333333333333333,true,false,4445.6023899
ABYSSINIAN,band_aware,150,6,10,3,2,0.6666666666666666,true,false,4445.6023899
ABYSSINIAN,band_aware,150,7,10,3,3,1,true,false,4445.6023899
ABYSSINIAN,band_aware,150,8,10,3,3,1,true,false,4445.6023899
ABYSSINIAN,confidence_aware,150,4,10,3,1,0.3333333333333333,true,false,4445.6023899
ABYSSINIAN,confidence_aware,150,5,10,3,1,0.3333333333333333,true,false,4445.6023899
ABYSSINIAN,confidence_aware,150,6,10,3,2,0.6666666666666666,true,false,4445.6023899
ABYSSINIAN,confidence_aware,150,7,10,3,3,1,true,false,4445.6023899
ABYSSINIAN,confidence_aware,150,8,10,3,3,1,true,false,4445.6023899
ABYSSINIAN,hybrid_regular_cheap,150,4,10,3,1,0.3333333333333333,true,false,4445.6023899
ABYSSINIAN,hybrid_regular_cheap,150,5,10,3,1,0.3333333333333333,true,false,4445.6023899
ABYSSINIAN,hybrid_regular_cheap,150,6,10,3,2,0.6666666666666666,true,false,4445.6023899
ABYSSINIAN,hybrid_regular_cheap,150,7,10,3,3,1,true,false,4445.6023899
ABYSSINIAN,hybrid_regular_cheap,150,8,10,3,3,1,true,false,4445.6023899
ABYSSINIAN,low_mean,250,4,10,3,2,0.6666666666666666,true,false,7409.3373165
ABYSSINIAN,low_mean,250,5,10,3,3,1,true,false,7409.3373165
ABYSSINIAN,low_mean,250,6,10,3,3,1,true,false,7409.3373165
ABYSSINIAN,low_mean,250,7,10,3,3,1,true,false,7409.3373165
ABYSSINIAN,low_mean,250,8,10,3,3,1,true,false,7409.3373165
ABYSSINIAN,low_median,250,4,10,3,1,0.3333333333333333,false,false,7409.3373165
ABYSSINIAN,low_median,250,5,10,3,1,0.3333333333333333,false,false,7409.3373165
ABYSSINIAN,low_median,250,6,10,3,2,0.6666666666666666,false,false,7409.3373165
ABYSSINIAN,low_median,250,7,10,3,3,1,true,false,7409.3373165
ABYSSINIAN,low_median,250,8,10,3,3,1,true,false,7409.3373165
ABYSSINIAN,low_gold,250,4,10,3,1,0.3333333333333333,false,false,7409.3373165
ABYSSINIAN,low_gold,250,5,10,3,1,0.3333333333333333,false,false,7409.3373165
ABYSSINIAN,low_gold,250,6,10,3,2,0.6666666666666666,true,false,7409.3373165
ABYSSINIAN,low_gold,250,7,10,3,2,0.6666666666666666,true,false,7409.3373165
ABYSSINIAN,low_gold,250,8,10,3,3,1,true,false,7409.3373165
ABYSSINIAN,band_aware,250,4,10,3,2,0.6666666666666666,true,false,7409.3373165
ABYSSINIAN,band_aware,250,5,10,3,3,1,true,false,7409.3373165
ABYSSINIAN,band_aware,250,6,10,3,3,1,true,false,7409.3373165
ABYSSINIAN,band_aware,250,7,10,3,3,1,true,false,7409.3373165
ABYSSINIAN,band_aware,250,8,10,3,3,1,true,false,7409.3373165
ABYSSINIAN,confidence_aware,250,4,10,3,2,0.6666666666666666,true,false,7409.3373165
ABYSSINIAN,confidence_aware,250,5,10,3,3,1,true,false,7409.3373165
ABYSSINIAN,confidence_aware,250,6,10,3,3,1,true,false,7409.3373165
ABYSSINIAN,confidence_aware,250,7,10,3,3,1,true,false,7409.3373165
ABYSSINIAN,confidence_aware,250,8,10,3,3,1,true,false,7409.3373165
ABYSSINIAN,hybrid_regular_cheap,250,4,10,3,2,0.6666666666666666,true,false,7409.3373165
ABYSSINIAN,hybrid_regular_cheap,250,5,10,3,3,1,true,false,7409.3373165
ABYSSINIAN,hybrid_regular_cheap,250,6,10,3,3,1,true,false,7409.3373165
ABYSSINIAN,hybrid_regular_cheap,250,7,10,3,3,1,true,false,7409.3373165
ABYSSINIAN,hybrid_regular_cheap,250,8,10,3,3,1,true,false,7409.3373165
ABYSSINIAN,low_mean_frontier,25,5,10,3,1,0.3333333333333333,false,false,740.93373165
ABYSSINIAN,low_mean_frontier,50,5,10,3,2,0.6666666666666666,true,false,1481.8674633
ABYSSINIAN,low_mean_frontier,75,5,10,3,2,0.6666666666666666,true,false,2222.80119495
ABYSSINIAN,low_mean_frontier,100,5,10,3,2,0.6666666666666666,true,false,2963.7349266
ABYSSINIAN,low_mean_frontier,150,5,10,3,1,0.3333333333333333,true,false,4445.6023899
ABYSSINIAN,low_mean_frontier,250,5,10,3,3,1,true,false,7409.3373165
ACCELERANT,low_mean,25,4,10,3,2,0.6666666666666666,true,false,753.2456443000001
ACCELERANT,low_mean,25,5,10,3,3,1,true,false,753.2456443000001
ACCELERANT,low_mean,25,6,10,3,3,1,true,false,753.2456443000001
ACCELERANT,low_mean,25,7,10,3,3,1,true,false,753.2456443000001
ACCELERANT,low_mean,25,8,10,3,3,1,true,false,753.2456443000001
ACCELERANT,low_median,25,4,10,3,1,0.3333333333333333,true,false,753.2456443000001
ACCELERANT,low_median,25,5,10,3,1,0.3333333333333333,true,false,753.2456443000001
ACCELERANT,low_median,25,6,10,3,2,0.6666666666666666,true,false,753.2456443000001
ACCELERANT,low_median,25,7,10,3,3,1,true,false,753.2456443000001
ACCELERANT,low_median,25,8,10,3,3,1,true,false,753.2456443000001
ACCELERANT,low_gold,25,4,10,3,0,0,false,true,753.2456443000001
ACCELERANT,low_gold,25,5,10,3,1,0.3333333333333333,false,false,753.2456443000001
ACCELERANT,low_gold,25,6,10,3,1,0.3333333333333333,false,false,753.2456443000001
ACCELERANT,low_gold,25,7,10,3,2,0.6666666666666666,true,false,753.2456443000001
ACCELERANT,low_gold,25,8,10,3,2,0.6666666666666666,true,false,753.2456443000001
ACCELERANT,band_aware,25,4,10,3,2,0.6666666666666666,true,false,753.2456443000001
ACCELERANT,band_aware,25,5,10,3,3,1,true,false,753.2456443000001
ACCELERANT,band_aware,25,6,10,3,3,1,true,false,753.2456443000001
ACCELERANT,band_aware,25,7,10,3,3,1,true,false,753.2456443000001
ACCELERANT,band_aware,25,8,10,3,3,1,true,false,753.2456443000001
ACCELERANT,confidence_aware,25,4,10,3,2,0.6666666666666666,true,false,753.2456443000001
ACCELERANT,confidence_aware,25,5,10,3,3,1,true,false,753.2456443000001
ACCELERANT,confidence_aware,25,6,10,3,3,1,true,false,753.2456443000001
ACCELERANT,confidence_aware,25,7,10,3,3,1,true,false,753.2456443000001
ACCELERANT,confidence_aware,25,8,10,3,3,1,true,false,753.2456443000001
ACCELERANT,hybrid_regular_cheap,25,4,10,3,2,0.6666666666666666,true,false,753.2456443000001
ACCELERANT,hybrid_regular_cheap,25,5,10,3,3,1,true,false,753.2456443000001
ACCELERANT,hybrid_regular_cheap,25,6,10,3,3,1,true,false,753.2456443000001
ACCELERANT,hybrid_regular_cheap,25,7,10,3,3,1,true,false,753.2456443000001
ACCELERANT,hybrid_regular_cheap,25,8,10,3,3,1,true,false,753.2456443000001
ACCELERANT,low_mean,50,4,10,3,2,0.6666666666666666,true,false,1506.4912886000002
ACCELERANT,low_mean,50,5,10,3,2,0.6666666666666666,true,false,1506.4912886000002
ACCELERANT,low_mean,50,6,10,3,2,0.6666666666666666,true,false,1506.4912886000002
ACCELERANT,low_mean,50,7,10,3,2,0.6666666666666666,true,false,1506.4912886000002
ACCELERANT,low_mean,50,8,10,3,3,1,true,false,1506.4912886000002
ACCELERANT,low_median,50,4,10,3,2,0.6666666666666666,true,false,1506.4912886000002
ACCELERANT,low_median,50,5,10,3,2,0.6666666666666666,true,false,1506.4912886000002
ACCELERANT,low_median,50,6,10,3,2,0.6666666666666666,true,false,1506.4912886000002
ACCELERANT,low_median,50,7,10,3,2,0.6666666666666666,true,false,1506.4912886000002
ACCELERANT,low_median,50,8,10,3,3,1,true,false,1506.4912886000002
ACCELERANT,low_gold,50,4,10,3,1,0.3333333333333333,true,false,1506.4912886000002
ACCELERANT,low_gold,50,5,10,3,1,0.3333333333333333,true,false,1506.4912886000002
ACCELERANT,low_gold,50,6,10,3,2,0.6666666666666666,true,false,1506.4912886000002
ACCELERANT,low_gold,50,7,10,3,2,0.6666666666666666,true,false,1506.4912886000002
ACCELERANT,low_gold,50,8,10,3,3,1,true,false,1506.4912886000002
ACCELERANT,band_aware,50,4,10,3,2,0.6666666666666666,true,false,1506.4912886000002
ACCELERANT,band_aware,50,5,10,3,2,0.6666666666666666,true,false,1506.4912886000002
ACCELERANT,band_aware,50,6,10,3,2,0.6666666666666666,true,false,1506.4912886000002
ACCELERANT,band_aware,50,7,10,3,2,0.6666666666666666,true,false,1506.4912886000002
ACCELERANT,band_aware,50,8,10,3,3,1,true,false,1506.4912886000002
ACCELERANT,confidence_aware,50,4,10,3,2,0.6666666666666666,true,false,1506.4912886000002
ACCELERANT,confidence_aware,50,5,10,3,2,0.6666666666666666,true,false,1506.4912886000002
ACCELERANT,confidence_aware,50,6,10,3,2,0.6666666666666666,true,false,1506.4912886000002
ACCELERANT,confidence_aware,50,7,10,3,2,0.6666666666666666,true,false,1506.4912886000002
ACCELERANT,confidence_aware,50,8,10,3,3,1,true,false,1506.4912886000002
ACCELERANT,hybrid_regular_cheap,50,4,10,3,2,0.6666666666666666,true,false,1506.4912886000002
ACCELERANT,hybrid_regular_cheap,50,5,10,3,2,0.6666666666666666,true,false,1506.4912886000002
ACCELERANT,hybrid_regular_cheap,50,6,10,3,2,0.6666666666666666,true,false,1506.4912886000002
ACCELERANT,hybrid_regular_cheap,50,7,10,3,2,0.6666666666666666,true,false,1506.4912886000002
ACCELERANT,hybrid_regular_cheap,50,8,10,3,3,1,true,false,1506.4912886000002
ACCELERANT,low_mean,75,4,10,3,2,0.6666666666666666,true,false,2259.7369329
ACCELERANT,low_mean,75,5,10,3,2,0.6666666666666666,true,false,2259.7369329
ACCELERANT,low_mean,75,6,10,3,2,0.6666666666666666,true,false,2259.7369329
ACCELERANT,low_mean,75,7,10,3,2,0.6666666666666666,true,false,2259.7369329
ACCELERANT,low_mean,75,8,10,3,2,0.6666666666666666,true,false,2259.7369329
ACCELERANT,low_median,75,4,10,3,1,0.3333333333333333,true,false,2259.7369329
ACCELERANT,low_median,75,5,10,3,1,0.3333333333333333,true,false,2259.7369329
ACCELERANT,low_median,75,6,10,3,1,0.3333333333333333,true,false,2259.7369329
ACCELERANT,low_median,75,7,10,3,2,0.6666666666666666,true,false,2259.7369329
ACCELERANT,low_median,75,8,10,3,2,0.6666666666666666,true,false,2259.7369329
ACCELERANT,low_gold,75,4,10,3,1,0.3333333333333333,true,false,2259.7369329
ACCELERANT,low_gold,75,5,10,3,1,0.3333333333333333,true,false,2259.7369329
ACCELERANT,low_gold,75,6,10,3,2,0.6666666666666666,true,false,2259.7369329
ACCELERANT,low_gold,75,7,10,3,2,0.6666666666666666,true,false,2259.7369329
ACCELERANT,low_gold,75,8,10,3,2,0.6666666666666666,true,false,2259.7369329
ACCELERANT,band_aware,75,4,10,3,2,0.6666666666666666,true,false,2259.7369329
ACCELERANT,band_aware,75,5,10,3,2,0.6666666666666666,true,false,2259.7369329
ACCELERANT,band_aware,75,6,10,3,2,0.6666666666666666,true,false,2259.7369329
ACCELERANT,band_aware,75,7,10,3,2,0.6666666666666666,true,false,2259.7369329
ACCELERANT,band_aware,75,8,10,3,2,0.6666666666666666,true,false,2259.7369329
ACCELERANT,confidence_aware,75,4,10,3,2,0.6666666666666666,true,false,2259.7369329
ACCELERANT,confidence_aware,75,5,10,3,2,0.6666666666666666,true,false,2259.7369329
ACCELERANT,confidence_aware,75,6,10,3,2,0.6666666666666666,true,false,2259.7369329
ACCELERANT,confidence_aware,75,7,10,3,2,0.6666666666666666,true,false,2259.7369329
ACCELERANT,confidence_aware,75,8,10,3,2,0.6666666666666666,true,false,2259.7369329
ACCELERANT,hybrid_regular_cheap,75,4,10,3,2,0.6666666666666666,true,false,2259.7369329
ACCELERANT,hybrid_regular_cheap,75,5,10,3,2,0.6666666666666666,true,false,2259.7369329
ACCELERANT,hybrid_regular_cheap,75,6,10,3,2,0.6666666666666666,true,false,2259.7369329
ACCELERANT,hybrid_regular_cheap,75,7,10,3,2,0.6666666666666666,true,false,2259.7369329
ACCELERANT,hybrid_regular_cheap,75,8,10,3,2,0.6666666666666666,true,false,2259.7369329
ACCELERANT,low_mean,100,4,10,3,1,0.3333333333333333,true,false,3012.9825772000004
ACCELERANT,low_mean,100,5,10,3,2,0.6666666666666666,true,false,3012.9825772000004
ACCELERANT,low_mean,100,6,10,3,2,0.6666666666666666,true,false,3012.9825772000004
ACCELERANT,low_mean,100,7,10,3,2,0.6666666666666666,true,false,3012.9825772000004
ACCELERANT,low_mean,100,8,10,3,3,1,true,false,3012.9825772000004
ACCELERANT,low_median,100,4,10,3,1,0.3333333333333333,true,false,3012.9825772000004
ACCELERANT,low_median,100,5,10,3,1,0.3333333333333333,true,false,3012.9825772000004
ACCELERANT,low_median,100,6,10,3,1,0.3333333333333333,true,false,3012.9825772000004
ACCELERANT,low_median,100,7,10,3,2,0.6666666666666666,true,false,3012.9825772000004
ACCELERANT,low_median,100,8,10,3,3,1,true,false,3012.9825772000004
ACCELERANT,low_gold,100,4,10,3,1,0.3333333333333333,false,false,3012.9825772000004
ACCELERANT,low_gold,100,5,10,3,2,0.6666666666666666,true,false,3012.9825772000004
ACCELERANT,low_gold,100,6,10,3,2,0.6666666666666666,true,false,3012.9825772000004
ACCELERANT,low_gold,100,7,10,3,2,0.6666666666666666,true,false,3012.9825772000004
ACCELERANT,low_gold,100,8,10,3,2,0.6666666666666666,true,false,3012.9825772000004
ACCELERANT,band_aware,100,4,10,3,2,0.6666666666666666,true,false,3012.9825772000004
ACCELERANT,band_aware,100,5,10,3,2,0.6666666666666666,true,false,3012.9825772000004
ACCELERANT,band_aware,100,6,10,3,2,0.6666666666666666,true,false,3012.9825772000004
ACCELERANT,band_aware,100,7,10,3,2,0.6666666666666666,true,false,3012.9825772000004
ACCELERANT,band_aware,100,8,10,3,3,1,true,false,3012.9825772000004
ACCELERANT,confidence_aware,100,4,10,3,1,0.3333333333333333,true,false,3012.9825772000004
ACCELERANT,confidence_aware,100,5,10,3,2,0.6666666666666666,true,false,3012.9825772000004
ACCELERANT,confidence_aware,100,6,10,3,2,0.6666666666666666,true,false,3012.9825772000004
ACCELERANT,confidence_aware,100,7,10,3,2,0.6666666666666666,true,false,3012.9825772000004
ACCELERANT,confidence_aware,100,8,10,3,3,1,true,false,3012.9825772000004
ACCELERANT,hybrid_regular_cheap,100,4,10,3,1,0.3333333333333333,true,false,3012.9825772000004
ACCELERANT,hybrid_regular_cheap,100,5,10,3,2,0.6666666666666666,true,false,3012.9825772000004
ACCELERANT,hybrid_regular_cheap,100,6,10,3,2,0.6666666666666666,true,false,3012.9825772000004
ACCELERANT,hybrid_regular_cheap,100,7,10,3,2,0.6666666666666666,true,false,3012.9825772000004
ACCELERANT,hybrid_regular_cheap,100,8,10,3,3,1,true,false,3012.9825772000004
ACCELERANT,low_mean,150,4,10,3,3,1,true,false,4519.4738658
ACCELERANT,low_mean,150,5,10,3,3,1,true,false,4519.4738658
ACCELERANT,low_mean,150,6,10,3,3,1,true,false,4519.4738658
ACCELERANT,low_mean,150,7,10,3,3,1,true,false,4519.4738658
ACCELERANT,low_mean,150,8,10,3,3,1,true,false,4519.4738658
ACCELERANT,low_median,150,4,10,3,2,0.6666666666666666,true,false,4519.4738658
ACCELERANT,low_median,150,5,10,3,3,1,true,false,4519.4738658
ACCELERANT,low_median,150,6,10,3,3,1,true,false,4519.4738658
ACCELERANT,low_median,150,7,10,3,3,1,true,false,4519.4738658
ACCELERANT,low_median,150,8,10,3,3,1,true,false,4519.4738658
ACCELERANT,low_gold,150,4,10,3,1,0.3333333333333333,false,false,4519.4738658
ACCELERANT,low_gold,150,5,10,3,2,0.6666666666666666,true,false,4519.4738658
ACCELERANT,low_gold,150,6,10,3,2,0.6666666666666666,true,false,4519.4738658
ACCELERANT,low_gold,150,7,10,3,2,0.6666666666666666,true,false,4519.4738658
ACCELERANT,low_gold,150,8,10,3,2,0.6666666666666666,true,false,4519.4738658
ACCELERANT,band_aware,150,4,10,3,3,1,true,false,4519.4738658
ACCELERANT,band_aware,150,5,10,3,3,1,true,false,4519.4738658
ACCELERANT,band_aware,150,6,10,3,3,1,true,false,4519.4738658
ACCELERANT,band_aware,150,7,10,3,3,1,true,false,4519.4738658
ACCELERANT,band_aware,150,8,10,3,3,1,true,false,4519.4738658
ACCELERANT,confidence_aware,150,4,10,3,3,1,true,false,4519.4738658
ACCELERANT,confidence_aware,150,5,10,3,3,1,true,false,4519.4738658
ACCELERANT,confidence_aware,150,6,10,3,3,1,true,false,4519.4738658
ACCELERANT,confidence_aware,150,7,10,3,3,1,true,false,4519.4738658
ACCELERANT,confidence_aware,150,8,10,3,3,1,true,false,4519.4738658
ACCELERANT,hybrid_regular_cheap,150,4,10,3,3,1,true,false,4519.4738658
ACCELERANT,hybrid_regular_cheap,150,5,10,3,3,1,true,false,4519.4738658
ACCELERANT,hybrid_regular_cheap,150,6,10,3,3,1,true,false,4519.4738658
ACCELERANT,hybrid_regular_cheap,150,7,10,3,3,1,true,false,4519.4738658
ACCELERANT,hybrid_regular_cheap,150,8,10,3,3,1,true,false,4519.4738658
ACCELERANT,low_mean,250,4,10,3,2,0.6666666666666666,true,false,7532.456443
ACCELERANT,low_mean,250,5,10,3,3,1,true,false,7532.456443
ACCELERANT,low_mean,250,6,10,3,3,1,true,false,7532.456443
ACCELERANT,low_mean,250,7,10,3,3,1,true,false,7532.456443
ACCELERANT,low_mean,250,8,10,3,3,1,true,false,7532.456443
ACCELERANT,low_median,250,4,10,3,2,0.6666666666666666,true,false,7532.456443
ACCELERANT,low_median,250,5,10,3,2,0.6666666666666666,true,false,7532.456443
ACCELERANT,low_median,250,6,10,3,2,0.6666666666666666,true,false,7532.456443
ACCELERANT,low_median,250,7,10,3,3,1,true,false,7532.456443
ACCELERANT,low_median,250,8,10,3,3,1,true,false,7532.456443
ACCELERANT,low_gold,250,4,10,3,1,0.3333333333333333,false,false,7532.456443
ACCELERANT,low_gold,250,5,10,3,1,0.3333333333333333,false,false,7532.456443
ACCELERANT,low_gold,250,6,10,3,1,0.3333333333333333,false,false,7532.456443
ACCELERANT,low_gold,250,7,10,3,1,0.3333333333333333,false,false,7532.456443
ACCELERANT,low_gold,250,8,10,3,2,0.6666666666666666,true,false,7532.456443
ACCELERANT,band_aware,250,4,10,3,2,0.6666666666666666,true,false,7532.456443
ACCELERANT,band_aware,250,5,10,3,3,1,true,false,7532.456443
ACCELERANT,band_aware,250,6,10,3,3,1,true,false,7532.456443
ACCELERANT,band_aware,250,7,10,3,3,1,true,false,7532.456443
ACCELERANT,band_aware,250,8,10,3,3,1,true,false,7532.456443
ACCELERANT,confidence_aware,250,4,10,3,2,0.6666666666666666,true,false,7532.456443
ACCELERANT,confidence_aware,250,5,10,3,3,1,true,false,7532.456443
ACCELERANT,confidence_aware,250,6,10,3,3,1,true,false,7532.456443
ACCELERANT,confidence_aware,250,7,10,3,3,1,true,false,7532.456443
ACCELERANT,confidence_aware,250,8,10,3,3,1,true,false,7532.456443
ACCELERANT,hybrid_regular_cheap,250,4,10,3,2,0.6666666666666666,true,false,7532.456443
ACCELERANT,hybrid_regular_cheap,250,5,10,3,3,1,true,false,7532.456443
ACCELERANT,hybrid_regular_cheap,250,6,10,3,3,1,true,false,7532.456443
ACCELERANT,hybrid_regular_cheap,250,7,10,3,3,1,true,false,7532.456443
ACCELERANT,hybrid_regular_cheap,250,8,10,3,3,1,true,false,7532.456443
ACCELERANT,low_mean_frontier,25,5,10,3,3,1,true,false,753.2456443000001
ACCELERANT,low_mean_frontier,50,5,10,3,2,0.6666666666666666,true,false,1506.4912886000002
ACCELERANT,low_mean_frontier,75,5,10,3,2,0.6666666666666666,true,false,2259.7369329
ACCELERANT,low_mean_frontier,100,5,10,3,2,0.6666666666666666,true,false,3012.9825772000004
ACCELERANT,low_mean_frontier,150,5,10,3,3,1,true,false,4519.4738658
ACCELERANT,low_mean_frontier,250,5,10,3,3,1,true,false,7532.456443
ACCEPTABLE,low_mean,25,4,10,3,1,0.3333333333333333,true,false,749.91961555
ACCEPTABLE,low_mean,25,5,10,3,1,0.3333333333333333,true,false,749.91961555
ACCEPTABLE,low_mean,25,6,10,3,2,0.6666666666666666,true,false,749.91961555
ACCEPTABLE,low_mean,25,7,10,3,3,1,true,false,749.91961555
ACCEPTABLE,low_mean,25,8,10,3,3,1,true,false,749.91961555
ACCEPTABLE,low_median,25,4,10,3,1,0.3333333333333333,false,false,749.91961555
ACCEPTABLE,low_median,25,5,10,3,1,0.3333333333333333,false,false,749.91961555
ACCEPTABLE,low_median,25,6,10,3,1,0.3333333333333333,false,false,749.91961555
ACCEPTABLE,low_median,25,7,10,3,1,0.3333333333333333,false,false,749.91961555
ACCEPTABLE,low_median,25,8,10,3,2,0.6666666666666666,true,false,749.91961555
ACCEPTABLE,low_gold,25,4,10,3,3,1,true,false,749.91961555
ACCEPTABLE,low_gold,25,5,10,3,3,1,true,false,749.91961555
ACCEPTABLE,low_gold,25,6,10,3,3,1,true,false,749.91961555
ACCEPTABLE,low_gold,25,7,10,3,3,1,true,false,749.91961555
ACCEPTABLE,low_gold,25,8,10,3,3,1,true,false,749.91961555
ACCEPTABLE,band_aware,25,4,10,3,1,0.3333333333333333,true,false,749.91961555
ACCEPTABLE,band_aware,25,5,10,3,1,0.3333333333333333,true,false,749.91961555
ACCEPTABLE,band_aware,25,6,10,3,2,0.6666666666666666,true,false,749.91961555
ACCEPTABLE,band_aware,25,7,10,3,3,1,true,false,749.91961555
ACCEPTABLE,band_aware,25,8,10,3,3,1,true,false,749.91961555
ACCEPTABLE,confidence_aware,25,4,10,3,1,0.3333333333333333,true,false,749.91961555
ACCEPTABLE,confidence_aware,25,5,10,3,1,0.3333333333333333,true,false,749.91961555
ACCEPTABLE,confidence_aware,25,6,10,3,2,0.6666666666666666,true,false,749.91961555
ACCEPTABLE,confidence_aware,25,7,10,3,3,1,true,false,749.91961555
ACCEPTABLE,confidence_aware,25,8,10,3,3,1,true,false,749.91961555
ACCEPTABLE,hybrid_regular_cheap,25,4,10,3,1,0.3333333333333333,true,false,749.91961555
ACCEPTABLE,hybrid_regular_cheap,25,5,10,3,1,0.3333333333333333,true,false,749.91961555
ACCEPTABLE,hybrid_regular_cheap,25,6,10,3,2,0.6666666666666666,true,false,749.91961555
ACCEPTABLE,hybrid_regular_cheap,25,7,10,3,3,1,true,false,749.91961555
ACCEPTABLE,hybrid_regular_cheap,25,8,10,3,3,1,true,false,749.91961555
ACCEPTABLE,low_mean,50,4,10,3,2,0.6666666666666666,true,false,1499.8392311
ACCEPTABLE,low_mean,50,5,10,3,2,0.6666666666666666,true,false,1499.8392311
ACCEPTABLE,low_mean,50,6,10,3,2,0.6666666666666666,true,false,1499.8392311
ACCEPTABLE,low_mean,50,7,10,3,2,0.6666666666666666,true,false,1499.8392311
ACCEPTABLE,low_mean,50,8,10,3,2,0.6666666666666666,true,false,1499.8392311
ACCEPTABLE,low_median,50,4,10,3,1,0.3333333333333333,false,false,1499.8392311
ACCEPTABLE,low_median,50,5,10,3,1,0.3333333333333333,false,false,1499.8392311
ACCEPTABLE,low_median,50,6,10,3,1,0.3333333333333333,false,false,1499.8392311
ACCEPTABLE,low_median,50,7,10,3,1,0.3333333333333333,false,false,1499.8392311
ACCEPTABLE,low_median,50,8,10,3,2,0.6666666666666666,true,false,1499.8392311
ACCEPTABLE,low_gold,50,4,10,3,2,0.6666666666666666,true,false,1499.8392311
ACCEPTABLE,low_gold,50,5,10,3,2,0.6666666666666666,true,false,1499.8392311
ACCEPTABLE,low_gold,50,6,10,3,3,1,true,false,1499.8392311
ACCEPTABLE,low_gold,50,7,10,3,3,1,true,false,1499.8392311
ACCEPTABLE,low_gold,50,8,10,3,3,1,true,false,1499.8392311
ACCEPTABLE,band_aware,50,4,10,3,2,0.6666666666666666,true,false,1499.8392311
ACCEPTABLE,band_aware,50,5,10,3,2,0.6666666666666666,true,false,1499.8392311
ACCEPTABLE,band_aware,50,6,10,3,2,0.6666666666666666,true,false,1499.8392311
ACCEPTABLE,band_aware,50,7,10,3,2,0.6666666666666666,true,false,1499.8392311
ACCEPTABLE,band_aware,50,8,10,3,2,0.6666666666666666,true,false,1499.8392311
ACCEPTABLE,confidence_aware,50,4,10,3,2,0.6666666666666666,true,false,1499.8392311
ACCEPTABLE,confidence_aware,50,5,10,3,2,0.6666666666666666,true,false,1499.8392311
ACCEPTABLE,confidence_aware,50,6,10,3,2,0.6666666666666666,true,false,1499.8392311
ACCEPTABLE,confidence_aware,50,7,10,3,2,0.6666666666666666,true,false,1499.8392311
ACCEPTABLE,confidence_aware,50,8,10,3,2,0.6666666666666666,true,false,1499.8392311
ACCEPTABLE,hybrid_regular_cheap,50,4,10,3,2,0.6666666666666666,true,false,1499.8392311
ACCEPTABLE,hybrid_regular_cheap,50,5,10,3,2,0.6666666666666666,true,false,1499.8392311
ACCEPTABLE,hybrid_regular_cheap,50,6,10,3,2,0.6666666666666666,true,false,1499.8392311
ACCEPTABLE,hybrid_regular_cheap,50,7,10,3,2,0.6666666666666666,true,false,1499.8392311
ACCEPTABLE,hybrid_regular_cheap,50,8,10,3,2,0.6666666666666666,true,false,1499.8392311
ACCEPTABLE,low_mean,75,4,10,3,2,0.6666666666666666,true,false,2249.7588466499997
ACCEPTABLE,low_mean,75,5,10,3,2,0.6666666666666666,true,false,2249.7588466499997
ACCEPTABLE,low_mean,75,6,10,3,2,0.6666666666666666,true,false,2249.7588466499997
ACCEPTABLE,low_mean,75,7,10,3,2,0.6666666666666666,true,false,2249.7588466499997
ACCEPTABLE,low_mean,75,8,10,3,2,0.6666666666666666,true,false,2249.7588466499997
ACCEPTABLE,low_median,75,4,10,3,1,0.3333333333333333,false,false,2249.7588466499997
ACCEPTABLE,low_median,75,5,10,3,2,0.6666666666666666,true,false,2249.7588466499997
ACCEPTABLE,low_median,75,6,10,3,2,0.6666666666666666,true,false,2249.7588466499997
ACCEPTABLE,low_median,75,7,10,3,2,0.6666666666666666,true,false,2249.7588466499997
ACCEPTABLE,low_median,75,8,10,3,2,0.6666666666666666,true,false,2249.7588466499997
ACCEPTABLE,low_gold,75,4,10,3,1,0.3333333333333333,false,false,2249.7588466499997
ACCEPTABLE,low_gold,75,5,10,3,2,0.6666666666666666,true,false,2249.7588466499997
ACCEPTABLE,low_gold,75,6,10,3,2,0.6666666666666666,true,false,2249.7588466499997
ACCEPTABLE,low_gold,75,7,10,3,2,0.6666666666666666,true,false,2249.7588466499997
ACCEPTABLE,low_gold,75,8,10,3,3,1,true,false,2249.7588466499997
ACCEPTABLE,band_aware,75,4,10,3,2,0.6666666666666666,true,false,2249.7588466499997
ACCEPTABLE,band_aware,75,5,10,3,2,0.6666666666666666,true,false,2249.7588466499997
ACCEPTABLE,band_aware,75,6,10,3,2,0.6666666666666666,true,false,2249.7588466499997
ACCEPTABLE,band_aware,75,7,10,3,2,0.6666666666666666,true,false,2249.7588466499997
ACCEPTABLE,band_aware,75,8,10,3,2,0.6666666666666666,true,false,2249.7588466499997
ACCEPTABLE,confidence_aware,75,4,10,3,2,0.6666666666666666,true,false,2249.7588466499997
ACCEPTABLE,confidence_aware,75,5,10,3,2,0.6666666666666666,true,false,2249.7588466499997
ACCEPTABLE,confidence_aware,75,6,10,3,2,0.6666666666666666,true,false,2249.7588466499997
ACCEPTABLE,confidence_aware,75,7,10,3,2,0.6666666666666666,true,false,2249.7588466499997
ACCEPTABLE,confidence_aware,75,8,10,3,2,0.6666666666666666,true,false,2249.7588466499997
ACCEPTABLE,hybrid_regular_cheap,75,4,10,3,2,0.6666666666666666,true,false,2249.7588466499997
ACCEPTABLE,hybrid_regular_cheap,75,5,10,3,2,0.6666666666666666,true,false,2249.7588466499997
ACCEPTABLE,hybrid_regular_cheap,75,6,10,3,2,0.6666666666666666,true,false,2249.7588466499997
ACCEPTABLE,hybrid_regular_cheap,75,7,10,3,2,0.6666666666666666,true,false,2249.7588466499997
ACCEPTABLE,hybrid_regular_cheap,75,8,10,3,2,0.6666666666666666,true,false,2249.7588466499997
ACCEPTABLE,low_mean,100,4,10,3,2,0.6666666666666666,true,false,2999.6784622
ACCEPTABLE,low_mean,100,5,10,3,3,1,true,false,2999.6784622
ACCEPTABLE,low_mean,100,6,10,3,3,1,true,false,2999.6784622
ACCEPTABLE,low_mean,100,7,10,3,3,1,true,false,2999.6784622
ACCEPTABLE,low_mean,100,8,10,3,3,1,true,false,2999.6784622
ACCEPTABLE,low_median,100,4,10,3,2,0.6666666666666666,true,false,2999.6784622
ACCEPTABLE,low_median,100,5,10,3,2,0.6666666666666666,true,false,2999.6784622
ACCEPTABLE,low_median,100,6,10,3,2,0.6666666666666666,true,false,2999.6784622
ACCEPTABLE,low_median,100,7,10,3,2,0.6666666666666666,true,false,2999.6784622
ACCEPTABLE,low_median,100,8,10,3,2,0.6666666666666666,true,false,2999.6784622
ACCEPTABLE,low_gold,100,4,10,3,2,0.6666666666666666,true,false,2999.6784622
ACCEPTABLE,low_gold,100,5,10,3,2,0.6666666666666666,true,false,2999.6784622
ACCEPTABLE,low_gold,100,6,10,3,2,0.6666666666666666,true,false,2999.6784622
ACCEPTABLE,low_gold,100,7,10,3,3,1,true,false,2999.6784622
ACCEPTABLE,low_gold,100,8,10,3,3,1,true,false,2999.6784622
ACCEPTABLE,band_aware,100,4,10,3,2,0.6666666666666666,true,false,2999.6784622
ACCEPTABLE,band_aware,100,5,10,3,3,1,true,false,2999.6784622
ACCEPTABLE,band_aware,100,6,10,3,3,1,true,false,2999.6784622
ACCEPTABLE,band_aware,100,7,10,3,3,1,true,false,2999.6784622
ACCEPTABLE,band_aware,100,8,10,3,3,1,true,false,2999.6784622
ACCEPTABLE,confidence_aware,100,4,10,3,2,0.6666666666666666,true,false,2999.6784622
ACCEPTABLE,confidence_aware,100,5,10,3,3,1,true,false,2999.6784622
ACCEPTABLE,confidence_aware,100,6,10,3,3,1,true,false,2999.6784622
ACCEPTABLE,confidence_aware,100,7,10,3,3,1,true,false,2999.6784622
ACCEPTABLE,confidence_aware,100,8,10,3,3,1,true,false,2999.6784622
ACCEPTABLE,hybrid_regular_cheap,100,4,10,3,2,0.6666666666666666,true,false,2999.6784622
ACCEPTABLE,hybrid_regular_cheap,100,5,10,3,3,1,true,false,2999.6784622
ACCEPTABLE,hybrid_regular_cheap,100,6,10,3,3,1,true,false,2999.6784622
ACCEPTABLE,hybrid_regular_cheap,100,7,10,3,3,1,true,false,2999.6784622
ACCEPTABLE,hybrid_regular_cheap,100,8,10,3,3,1,true,false,2999.6784622
ACCEPTABLE,low_mean,150,4,10,3,3,1,true,false,4499.517693299999
ACCEPTABLE,low_mean,150,5,10,3,3,1,true,false,4499.517693299999
ACCEPTABLE,low_mean,150,6,10,3,3,1,true,false,4499.517693299999
ACCEPTABLE,low_mean,150,7,10,3,3,1,true,false,4499.517693299999
ACCEPTABLE,low_mean,150,8,10,3,3,1,true,false,4499.517693299999
ACCEPTABLE,low_median,150,4,10,3,3,1,true,false,4499.517693299999
ACCEPTABLE,low_median,150,5,10,3,3,1,true,false,4499.517693299999
ACCEPTABLE,low_median,150,6,10,3,3,1,true,false,4499.517693299999
ACCEPTABLE,low_median,150,7,10,3,3,1,true,false,4499.517693299999
ACCEPTABLE,low_median,150,8,10,3,3,1,true,false,4499.517693299999
ACCEPTABLE,low_gold,150,4,10,3,2,0.6666666666666666,true,false,4499.517693299999
ACCEPTABLE,low_gold,150,5,10,3,2,0.6666666666666666,true,false,4499.517693299999
ACCEPTABLE,low_gold,150,6,10,3,2,0.6666666666666666,true,false,4499.517693299999
ACCEPTABLE,low_gold,150,7,10,3,2,0.6666666666666666,true,false,4499.517693299999
ACCEPTABLE,low_gold,150,8,10,3,3,1,true,false,4499.517693299999
ACCEPTABLE,band_aware,150,4,10,3,3,1,true,false,4499.517693299999
ACCEPTABLE,band_aware,150,5,10,3,3,1,true,false,4499.517693299999
ACCEPTABLE,band_aware,150,6,10,3,3,1,true,false,4499.517693299999
ACCEPTABLE,band_aware,150,7,10,3,3,1,true,false,4499.517693299999
ACCEPTABLE,band_aware,150,8,10,3,3,1,true,false,4499.517693299999
ACCEPTABLE,confidence_aware,150,4,10,3,3,1,true,false,4499.517693299999
ACCEPTABLE,confidence_aware,150,5,10,3,3,1,true,false,4499.517693299999
ACCEPTABLE,confidence_aware,150,6,10,3,3,1,true,false,4499.517693299999
ACCEPTABLE,confidence_aware,150,7,10,3,3,1,true,false,4499.517693299999
ACCEPTABLE,confidence_aware,150,8,10,3,3,1,true,false,4499.517693299999
ACCEPTABLE,hybrid_regular_cheap,150,4,10,3,3,1,true,false,4499.517693299999
ACCEPTABLE,hybrid_regular_cheap,150,5,10,3,3,1,true,false,4499.517693299999
ACCEPTABLE,hybrid_regular_cheap,150,6,10,3,3,1,true,false,4499.517693299999
ACCEPTABLE,hybrid_regular_cheap,150,7,10,3,3,1,true,false,4499.517693299999
ACCEPTABLE,hybrid_regular_cheap,150,8,10,3,3,1,true,false,4499.517693299999
ACCEPTABLE,low_mean,250,4,10,3,3,1,true,false,7499.1961555
ACCEPTABLE,low_mean,250,5,10,3,3,1,true,false,7499.1961555
ACCEPTABLE,low_mean,250,6,10,3,3,1,true,false,7499.1961555
ACCEPTABLE,low_mean,250,7,10,3,3,1,true,false,7499.1961555
ACCEPTABLE,low_mean,250,8,10,3,3,1,true,false,7499.1961555
ACCEPTABLE,low_median,250,4,10,3,1,0.3333333333333333,false,false,7499.1961555
ACCEPTABLE,low_median,250,5,10,3,2,0.6666666666666666,true,false,7499.1961555
ACCEPTABLE,low_median,250,6,10,3,2,0.6666666666666666,true,false,7499.1961555
ACCEPTABLE,low_median,250,7,10,3,2,0.6666666666666666,true,false,7499.1961555
ACCEPTABLE,low_median,250,8,10,3,2,0.6666666666666666,true,false,7499.1961555
ACCEPTABLE,low_gold,250,4,10,3,2,0.6666666666666666,true,false,7499.1961555
ACCEPTABLE,low_gold,250,5,10,3,2,0.6666666666666666,true,false,7499.1961555
ACCEPTABLE,low_gold,250,6,10,3,2,0.6666666666666666,true,false,7499.1961555
ACCEPTABLE,low_gold,250,7,10,3,2,0.6666666666666666,true,false,7499.1961555
ACCEPTABLE,low_gold,250,8,10,3,3,1,true,false,7499.1961555
ACCEPTABLE,band_aware,250,4,10,3,3,1,true,false,7499.1961555
ACCEPTABLE,band_aware,250,5,10,3,3,1,true,false,7499.1961555
ACCEPTABLE,band_aware,250,6,10,3,3,1,true,false,7499.1961555
ACCEPTABLE,band_aware,250,7,10,3,3,1,true,false,7499.1961555
ACCEPTABLE,band_aware,250,8,10,3,3,1,true,false,7499.1961555
ACCEPTABLE,confidence_aware,250,4,10,3,3,1,true,false,7499.1961555
ACCEPTABLE,confidence_aware,250,5,10,3,3,1,true,false,7499.1961555
ACCEPTABLE,confidence_aware,250,6,10,3,3,1,true,false,7499.1961555
ACCEPTABLE,confidence_aware,250,7,10,3,3,1,true,false,7499.1961555
ACCEPTABLE,confidence_aware,250,8,10,3,3,1,true,false,7499.1961555
ACCEPTABLE,hybrid_regular_cheap,250,4,10,3,3,1,true,false,7499.1961555
ACCEPTABLE,hybrid_regular_cheap,250,5,10,3,3,1,true,false,7499.1961555
ACCEPTABLE,hybrid_regular_cheap,250,6,10,3,3,1,true,false,7499.1961555
ACCEPTABLE,hybrid_regular_cheap,250,7,10,3,3,1,true,false,7499.1961555
ACCEPTABLE,hybrid_regular_cheap,250,8,10,3,3,1,true,false,7499.1961555
ACCEPTABLE,low_mean_frontier,25,5,10,3,1,0.3333333333333333,true,false,749.91961555
ACCEPTABLE,low_mean_frontier,50,5,10,3,2,0.6666666666666666,true,false,1499.8392311
ACCEPTABLE,low_mean_frontier,75,5,10,3,2,0.6666666666666666,true,false,2249.7588466499997
ACCEPTABLE,low_mean_frontier,100,5,10,3,3,1,true,false,2999.6784622
ACCEPTABLE,low_mean_frontier,150,5,10,3,3,1,true,false,4499.517693299999
ACCEPTABLE,low_mean_frontier,250,5,10,3,3,1,true,false,7499.1961555
ACCIDENTAL,low_mean,25,4,10,3,2,0.6666666666666666,true,false,753.6621293500001
ACCIDENTAL,low_mean,25,5,10,3,2,0.6666666666666666,true,false,753.6621293500001
ACCIDENTAL,low_mean,25,6,10,3,2,0.6666666666666666,true,false,753.6621293500001
ACCIDENTAL,low_mean,25,7,10,3,3,1,true,false,753.6621293500001
ACCIDENTAL,low_mean,25,8,10,3,3,1,true,false,753.6621293500001
ACCIDENTAL,low_median,25,4,10,3,3,1,true,false,753.6621293500001
ACCIDENTAL,low_median,25,5,10,3,3,1,true,false,753.6621293500001
ACCIDENTAL,low_median,25,6,10,3,3,1,true,false,753.6621293500001
ACCIDENTAL,low_median,25,7,10,3,3,1,true,false,753.6621293500001
ACCIDENTAL,low_median,25,8,10,3,3,1,true,false,753.6621293500001
ACCIDENTAL,low_gold,25,4,10,3,2,0.6666666666666666,true,false,753.6621293500001
ACCIDENTAL,low_gold,25,5,10,3,2,0.6666666666666666,true,false,753.6621293500001
ACCIDENTAL,low_gold,25,6,10,3,2,0.6666666666666666,true,false,753.6621293500001
ACCIDENTAL,low_gold,25,7,10,3,2,0.6666666666666666,true,false,753.6621293500001
ACCIDENTAL,low_gold,25,8,10,3,2,0.6666666666666666,true,false,753.6621293500001
ACCIDENTAL,band_aware,25,4,10,3,2,0.6666666666666666,true,false,753.6621293500001
ACCIDENTAL,band_aware,25,5,10,3,2,0.6666666666666666,true,false,753.6621293500001
ACCIDENTAL,band_aware,25,6,10,3,2,0.6666666666666666,true,false,753.6621293500001
ACCIDENTAL,band_aware,25,7,10,3,3,1,true,false,753.6621293500001
ACCIDENTAL,band_aware,25,8,10,3,3,1,true,false,753.6621293500001
ACCIDENTAL,confidence_aware,25,4,10,3,2,0.6666666666666666,true,false,753.6621293500001
ACCIDENTAL,confidence_aware,25,5,10,3,2,0.6666666666666666,true,false,753.6621293500001
ACCIDENTAL,confidence_aware,25,6,10,3,2,0.6666666666666666,true,false,753.6621293500001
ACCIDENTAL,confidence_aware,25,7,10,3,3,1,true,false,753.6621293500001
ACCIDENTAL,confidence_aware,25,8,10,3,3,1,true,false,753.6621293500001
ACCIDENTAL,hybrid_regular_cheap,25,4,10,3,2,0.6666666666666666,true,false,753.6621293500001
ACCIDENTAL,hybrid_regular_cheap,25,5,10,3,2,0.6666666666666666,true,false,753.6621293500001
ACCIDENTAL,hybrid_regular_cheap,25,6,10,3,2,0.6666666666666666,true,false,753.6621293500001
ACCIDENTAL,hybrid_regular_cheap,25,7,10,3,3,1,true,false,753.6621293500001
ACCIDENTAL,hybrid_regular_cheap,25,8,10,3,3,1,true,false,753.6621293500001
ACCIDENTAL,low_mean,50,4,10,3,1,0.3333333333333333,true,false,1507.3242587000002
ACCIDENTAL,low_mean,50,5,10,3,1,0.3333333333333333,true,false,1507.3242587000002
ACCIDENTAL,low_mean,50,6,10,3,1,0.3333333333333333,true,false,1507.3242587000002
ACCIDENTAL,low_mean,50,7,10,3,2,0.6666666666666666,true,false,1507.3242587000002
ACCIDENTAL,low_mean,50,8,10,3,3,1,true,false,1507.3242587000002
ACCIDENTAL,low_median,50,4,10,3,2,0.6666666666666666,true,false,1507.3242587000002
ACCIDENTAL,low_median,50,5,10,3,3,1,true,false,1507.3242587000002
ACCIDENTAL,low_median,50,6,10,3,3,1,true,false,1507.3242587000002
ACCIDENTAL,low_median,50,7,10,3,3,1,true,false,1507.3242587000002
ACCIDENTAL,low_median,50,8,10,3,3,1,true,false,1507.3242587000002
ACCIDENTAL,low_gold,50,4,10,3,2,0.6666666666666666,true,false,1507.3242587000002
ACCIDENTAL,low_gold,50,5,10,3,2,0.6666666666666666,true,false,1507.3242587000002
ACCIDENTAL,low_gold,50,6,10,3,2,0.6666666666666666,true,false,1507.3242587000002
ACCIDENTAL,low_gold,50,7,10,3,2,0.6666666666666666,true,false,1507.3242587000002
ACCIDENTAL,low_gold,50,8,10,3,2,0.6666666666666666,true,false,1507.3242587000002
ACCIDENTAL,band_aware,50,4,10,3,1,0.3333333333333333,true,false,1507.3242587000002
ACCIDENTAL,band_aware,50,5,10,3,1,0.3333333333333333,true,false,1507.3242587000002
ACCIDENTAL,band_aware,50,6,10,3,1,0.3333333333333333,true,false,1507.3242587000002
ACCIDENTAL,band_aware,50,7,10,3,2,0.6666666666666666,true,false,1507.3242587000002
ACCIDENTAL,band_aware,50,8,10,3,3,1,true,false,1507.3242587000002
ACCIDENTAL,confidence_aware,50,4,10,3,1,0.3333333333333333,true,false,1507.3242587000002
ACCIDENTAL,confidence_aware,50,5,10,3,1,0.3333333333333333,true,false,1507.3242587000002
ACCIDENTAL,confidence_aware,50,6,10,3,1,0.3333333333333333,true,false,1507.3242587000002
ACCIDENTAL,confidence_aware,50,7,10,3,2,0.6666666666666666,true,false,1507.3242587000002
ACCIDENTAL,confidence_aware,50,8,10,3,3,1,true,false,1507.3242587000002
ACCIDENTAL,hybrid_regular_cheap,50,4,10,3,1,0.3333333333333333,true,false,1507.3242587000002
ACCIDENTAL,hybrid_regular_cheap,50,5,10,3,1,0.3333333333333333,true,false,1507.3242587000002
ACCIDENTAL,hybrid_regular_cheap,50,6,10,3,1,0.3333333333333333,true,false,1507.3242587000002
ACCIDENTAL,hybrid_regular_cheap,50,7,10,3,2,0.6666666666666666,true,false,1507.3242587000002
ACCIDENTAL,hybrid_regular_cheap,50,8,10,3,3,1,true,false,1507.3242587000002
ACCIDENTAL,low_mean,75,4,10,3,0,0,false,true,2260.98638805
ACCIDENTAL,low_mean,75,5,10,3,1,0.3333333333333333,false,false,2260.98638805
ACCIDENTAL,low_mean,75,6,10,3,2,0.6666666666666666,false,false,2260.98638805
ACCIDENTAL,low_mean,75,7,10,3,3,1,true,false,2260.98638805
ACCIDENTAL,low_mean,75,8,10,3,3,1,true,false,2260.98638805
ACCIDENTAL,low_median,75,4,10,3,3,1,true,false,2260.98638805
ACCIDENTAL,low_median,75,5,10,3,3,1,true,false,2260.98638805
ACCIDENTAL,low_median,75,6,10,3,3,1,true,false,2260.98638805
ACCIDENTAL,low_median,75,7,10,3,3,1,true,false,2260.98638805
ACCIDENTAL,low_median,75,8,10,3,3,1,true,false,2260.98638805
ACCIDENTAL,low_gold,75,4,10,3,1,0.3333333333333333,false,false,2260.98638805
ACCIDENTAL,low_gold,75,5,10,3,1,0.3333333333333333,false,false,2260.98638805
ACCIDENTAL,low_gold,75,6,10,3,2,0.6666666666666666,true,false,2260.98638805
ACCIDENTAL,low_gold,75,7,10,3,2,0.6666666666666666,true,false,2260.98638805
ACCIDENTAL,low_gold,75,8,10,3,2,0.6666666666666666,true,false,2260.98638805
ACCIDENTAL,band_aware,75,4,10,3,1,0.3333333333333333,false,false,2260.98638805
ACCIDENTAL,band_aware,75,5,10,3,1,0.3333333333333333,false,false,2260.98638805
ACCIDENTAL,band_aware,75,6,10,3,2,0.6666666666666666,false,false,2260.98638805
ACCIDENTAL,band_aware,75,7,10,3,3,1,true,false,2260.98638805
ACCIDENTAL,band_aware,75,8,10,3,3,1,true,false,2260.98638805
ACCIDENTAL,confidence_aware,75,4,10,3,0,0,false,true,2260.98638805
ACCIDENTAL,confidence_aware,75,5,10,3,1,0.3333333333333333,false,false,2260.98638805
ACCIDENTAL,confidence_aware,75,6,10,3,2,0.6666666666666666,false,false,2260.98638805
ACCIDENTAL,confidence_aware,75,7,10,3,3,1,true,false,2260.98638805
ACCIDENTAL,confidence_aware,75,8,10,3,3,1,true,false,2260.98638805
ACCIDENTAL,hybrid_regular_cheap,75,4,10,3,0,0,false,true,2260.98638805
ACCIDENTAL,hybrid_regular_cheap,75,5,10,3,1,0.3333333333333333,false,false,2260.98638805
ACCIDENTAL,hybrid_regular_cheap,75,6,10,3,2,0.6666666666666666,false,false,2260.98638805
ACCIDENTAL,hybrid_regular_cheap,75,7,10,3,3,1,true,false,2260.98638805
ACCIDENTAL,hybrid_regular_cheap,75,8,10,3,3,1,true,false,2260.98638805
ACCIDENTAL,low_mean,100,4,10,3,1,0.3333333333333333,true,false,3014.6485174000004
ACCIDENTAL,low_mean,100,5,10,3,1,0.3333333333333333,true,false,3014.6485174000004
ACCIDENTAL,low_mean,100,6,10,3,2,0.6666666666666666,true,false,3014.6485174000004
ACCIDENTAL,low_mean,100,7,10,3,3,1,true,false,3014.6485174000004
ACCIDENTAL,low_mean,100,8,10,3,3,1,true,false,3014.6485174000004
ACCIDENTAL,low_median,100,4,10,3,2,0.6666666666666666,true,false,3014.6485174000004
ACCIDENTAL,low_median,100,5,10,3,2,0.6666666666666666,true,false,3014.6485174000004
ACCIDENTAL,low_median,100,6,10,3,2,0.6666666666666666,true,false,3014.6485174000004
ACCIDENTAL,low_median,100,7,10,3,3,1,true,false,3014.6485174000004
ACCIDENTAL,low_median,100,8,10,3,3,1,true,false,3014.6485174000004
ACCIDENTAL,low_gold,100,4,10,3,1,0.3333333333333333,true,false,3014.6485174000004
ACCIDENTAL,low_gold,100,5,10,3,2,0.6666666666666666,true,false,3014.6485174000004
ACCIDENTAL,low_gold,100,6,10,3,2,0.6666666666666666,true,false,3014.6485174000004
ACCIDENTAL,low_gold,100,7,10,3,2,0.6666666666666666,true,false,3014.6485174000004
ACCIDENTAL,low_gold,100,8,10,3,3,1,true,false,3014.6485174000004
ACCIDENTAL,band_aware,100,4,10,3,1,0.3333333333333333,true,false,3014.6485174000004
ACCIDENTAL,band_aware,100,5,10,3,1,0.3333333333333333,true,false,3014.6485174000004
ACCIDENTAL,band_aware,100,6,10,3,2,0.6666666666666666,true,false,3014.6485174000004
ACCIDENTAL,band_aware,100,7,10,3,3,1,true,false,3014.6485174000004
ACCIDENTAL,band_aware,100,8,10,3,3,1,true,false,3014.6485174000004
ACCIDENTAL,confidence_aware,100,4,10,3,1,0.3333333333333333,true,false,3014.6485174000004
ACCIDENTAL,confidence_aware,100,5,10,3,1,0.3333333333333333,true,false,3014.6485174000004
ACCIDENTAL,confidence_aware,100,6,10,3,2,0.6666666666666666,true,false,3014.6485174000004
ACCIDENTAL,confidence_aware,100,7,10,3,3,1,true,false,3014.6485174000004
ACCIDENTAL,confidence_aware,100,8,10,3,3,1,true,false,3014.6485174000004
ACCIDENTAL,hybrid_regular_cheap,100,4,10,3,1,0.3333333333333333,true,false,3014.6485174000004
ACCIDENTAL,hybrid_regular_cheap,100,5,10,3,1,0.3333333333333333,true,false,3014.6485174000004
ACCIDENTAL,hybrid_regular_cheap,100,6,10,3,2,0.6666666666666666,true,false,3014.6485174000004
ACCIDENTAL,hybrid_regular_cheap,100,7,10,3,3,1,true,false,3014.6485174000004
ACCIDENTAL,hybrid_regular_cheap,100,8,10,3,3,1,true,false,3014.6485174000004
ACCIDENTAL,low_mean,150,4,10,3,3,1,true,false,4521.9727761
ACCIDENTAL,low_mean,150,5,10,3,3,1,true,false,4521.9727761
ACCIDENTAL,low_mean,150,6,10,3,3,1,true,false,4521.9727761
ACCIDENTAL,low_mean,150,7,10,3,3,1,true,false,4521.9727761
ACCIDENTAL,low_mean,150,8,10,3,3,1,true,false,4521.9727761
ACCIDENTAL,low_median,150,4,10,3,3,1,true,false,4521.9727761
ACCIDENTAL,low_median,150,5,10,3,3,1,true,false,4521.9727761
ACCIDENTAL,low_median,150,6,10,3,3,1,true,false,4521.9727761
ACCIDENTAL,low_median,150,7,10,3,3,1,true,false,4521.9727761
ACCIDENTAL,low_median,150,8,10,3,3,1,true,false,4521.9727761
ACCIDENTAL,low_gold,150,4,10,3,2,0.6666666666666666,true,false,4521.9727761
ACCIDENTAL,low_gold,150,5,10,3,2,0.6666666666666666,true,false,4521.9727761
ACCIDENTAL,low_gold,150,6,10,3,2,0.6666666666666666,true,false,4521.9727761
ACCIDENTAL,low_gold,150,7,10,3,3,1,true,false,4521.9727761
ACCIDENTAL,low_gold,150,8,10,3,3,1,true,false,4521.9727761
ACCIDENTAL,band_aware,150,4,10,3,3,1,true,false,4521.9727761
ACCIDENTAL,band_aware,150,5,10,3,3,1,true,false,4521.9727761
ACCIDENTAL,band_aware,150,6,10,3,3,1,true,false,4521.9727761
ACCIDENTAL,band_aware,150,7,10,3,3,1,true,false,4521.9727761
ACCIDENTAL,band_aware,150,8,10,3,3,1,true,false,4521.9727761
ACCIDENTAL,confidence_aware,150,4,10,3,3,1,true,false,4521.9727761
ACCIDENTAL,confidence_aware,150,5,10,3,3,1,true,false,4521.9727761
ACCIDENTAL,confidence_aware,150,6,10,3,3,1,true,false,4521.9727761
ACCIDENTAL,confidence_aware,150,7,10,3,3,1,true,false,4521.9727761
ACCIDENTAL,confidence_aware,150,8,10,3,3,1,true,false,4521.9727761
ACCIDENTAL,hybrid_regular_cheap,150,4,10,3,3,1,true,false,4521.9727761
ACCIDENTAL,hybrid_regular_cheap,150,5,10,3,3,1,true,false,4521.9727761
ACCIDENTAL,hybrid_regular_cheap,150,6,10,3,3,1,true,false,4521.9727761
ACCIDENTAL,hybrid_regular_cheap,150,7,10,3,3,1,true,false,4521.9727761
ACCIDENTAL,hybrid_regular_cheap,150,8,10,3,3,1,true,false,4521.9727761
ACCIDENTAL,low_mean,250,4,10,3,2,0.6666666666666666,true,false,7536.6212935
ACCIDENTAL,low_mean,250,5,10,3,2,0.6666666666666666,true,false,7536.6212935
ACCIDENTAL,low_mean,250,6,10,3,3,1,true,false,7536.6212935
ACCIDENTAL,low_mean,250,7,10,3,3,1,true,false,7536.6212935
ACCIDENTAL,low_mean,250,8,10,3,3,1,true,false,7536.6212935
ACCIDENTAL,low_median,250,4,10,3,3,1,true,false,7536.6212935
ACCIDENTAL,low_median,250,5,10,3,3,1,true,false,7536.6212935
ACCIDENTAL,low_median,250,6,10,3,3,1,true,false,7536.6212935
ACCIDENTAL,low_median,250,7,10,3,3,1,true,false,7536.6212935
ACCIDENTAL,low_median,250,8,10,3,3,1,true,false,7536.6212935
ACCIDENTAL,low_gold,250,4,10,3,2,0.6666666666666666,true,false,7536.6212935
ACCIDENTAL,low_gold,250,5,10,3,2,0.6666666666666666,true,false,7536.6212935
ACCIDENTAL,low_gold,250,6,10,3,2,0.6666666666666666,true,false,7536.6212935
ACCIDENTAL,low_gold,250,7,10,3,2,0.6666666666666666,true,false,7536.6212935
ACCIDENTAL,low_gold,250,8,10,3,3,1,true,false,7536.6212935
ACCIDENTAL,band_aware,250,4,10,3,2,0.6666666666666666,true,false,7536.6212935
ACCIDENTAL,band_aware,250,5,10,3,2,0.6666666666666666,true,false,7536.6212935
ACCIDENTAL,band_aware,250,6,10,3,3,1,true,false,7536.6212935
ACCIDENTAL,band_aware,250,7,10,3,3,1,true,false,7536.6212935
ACCIDENTAL,band_aware,250,8,10,3,3,1,true,false,7536.6212935
ACCIDENTAL,confidence_aware,250,4,10,3,2,0.6666666666666666,true,false,7536.6212935
ACCIDENTAL,confidence_aware,250,5,10,3,2,0.6666666666666666,true,false,7536.6212935
ACCIDENTAL,confidence_aware,250,6,10,3,3,1,true,false,7536.6212935
ACCIDENTAL,confidence_aware,250,7,10,3,3,1,true,false,7536.6212935
ACCIDENTAL,confidence_aware,250,8,10,3,3,1,true,false,7536.6212935
ACCIDENTAL,hybrid_regular_cheap,250,4,10,3,2,0.6666666666666666,true,false,7536.6212935
ACCIDENTAL,hybrid_regular_cheap,250,5,10,3,2,0.6666666666666666,true,false,7536.6212935
ACCIDENTAL,hybrid_regular_cheap,250,6,10,3,3,1,true,false,7536.6212935
ACCIDENTAL,hybrid_regular_cheap,250,7,10,3,3,1,true,false,7536.6212935
ACCIDENTAL,hybrid_regular_cheap,250,8,10,3,3,1,true,false,7536.6212935
ACCIDENTAL,low_mean_frontier,25,5,10,3,2,0.6666666666666666,true,false,753.6621293500001
ACCIDENTAL,low_mean_frontier,50,5,10,3,1,0.3333333333333333,true,false,1507.3242587000002
ACCIDENTAL,low_mean_frontier,75,5,10,3,1,0.3333333333333333,false,false,2260.98638805
ACCIDENTAL,low_mean_frontier,100,5,10,3,1,0.3333333333333333,true,false,3014.6485174000004
ACCIDENTAL,low_mean_frontier,150,5,10,3,3,1,true,false,4521.9727761
ACCIDENTAL,low_mean_frontier,250,5,10,3,2,0.6666666666666666,true,false,7536.6212935
ACCLAIMING,low_mean,25,4,10,3,2,0.6666666666666666,true,false,773.89380325
ACCLAIMING,low_mean,25,5,10,3,2,0.6666666666666666,true,false,773.89380325
ACCLAIMING,low_mean,25,6,10,3,2,0.6666666666666666,true,false,773.89380325
ACCLAIMING,low_mean,25,7,10,3,3,1,true,false,773.89380325
ACCLAIMING,low_mean,25,8,10,3,3,1,true,false,773.89380325
ACCLAIMING,low_median,25,4,10,3,1,0.3333333333333333,true,false,773.89380325
ACCLAIMING,low_median,25,5,10,3,1,0.3333333333333333,true,false,773.89380325
ACCLAIMING,low_median,25,6,10,3,1,0.3333333333333333,true,false,773.89380325
ACCLAIMING,low_median,25,7,10,3,2,0.6666666666666666,true,false,773.89380325
ACCLAIMING,low_median,25,8,10,3,3,1,true,false,773.89380325
ACCLAIMING,low_gold,25,4,10,3,0,0,false,true,773.89380325
ACCLAIMING,low_gold,25,5,10,3,1,0.3333333333333333,false,false,773.89380325
ACCLAIMING,low_gold,25,6,10,3,1,0.3333333333333333,false,false,773.89380325
ACCLAIMING,low_gold,25,7,10,3,1,0.3333333333333333,false,false,773.89380325
ACCLAIMING,low_gold,25,8,10,3,2,0.6666666666666666,true,false,773.89380325
ACCLAIMING,band_aware,25,4,10,3,2,0.6666666666666666,true,false,773.89380325
ACCLAIMING,band_aware,25,5,10,3,2,0.6666666666666666,true,false,773.89380325
ACCLAIMING,band_aware,25,6,10,3,2,0.6666666666666666,true,false,773.89380325
ACCLAIMING,band_aware,25,7,10,3,3,1,true,false,773.89380325
ACCLAIMING,band_aware,25,8,10,3,3,1,true,false,773.89380325
ACCLAIMING,confidence_aware,25,4,10,3,2,0.6666666666666666,true,false,773.89380325
ACCLAIMING,confidence_aware,25,5,10,3,2,0.6666666666666666,true,false,773.89380325
ACCLAIMING,confidence_aware,25,6,10,3,2,0.6666666666666666,true,false,773.89380325
ACCLAIMING,confidence_aware,25,7,10,3,3,1,true,false,773.89380325
ACCLAIMING,confidence_aware,25,8,10,3,3,1,true,false,773.89380325
ACCLAIMING,hybrid_regular_cheap,25,4,10,3,2,0.6666666666666666,true,false,773.89380325
ACCLAIMING,hybrid_regular_cheap,25,5,10,3,2,0.6666666666666666,true,false,773.89380325
ACCLAIMING,hybrid_regular_cheap,25,6,10,3,2,0.6666666666666666,true,false,773.89380325
ACCLAIMING,hybrid_regular_cheap,25,7,10,3,3,1,true,false,773.89380325
ACCLAIMING,hybrid_regular_cheap,25,8,10,3,3,1,true,false,773.89380325
ACCLAIMING,low_mean,50,4,10,3,1,0.3333333333333333,false,false,1547.7876065
ACCLAIMING,low_mean,50,5,10,3,2,0.6666666666666666,false,false,1547.7876065
ACCLAIMING,low_mean,50,6,10,3,2,0.6666666666666666,false,false,1547.7876065
ACCLAIMING,low_mean,50,7,10,3,3,1,true,false,1547.7876065
ACCLAIMING,low_mean,50,8,10,3,3,1,true,false,1547.7876065
ACCLAIMING,low_median,50,4,10,3,1,0.3333333333333333,false,false,1547.7876065
ACCLAIMING,low_median,50,5,10,3,1,0.3333333333333333,false,false,1547.7876065
ACCLAIMING,low_median,50,6,10,3,1,0.3333333333333333,false,false,1547.7876065
ACCLAIMING,low_median,50,7,10,3,2,0.6666666666666666,true,false,1547.7876065
ACCLAIMING,low_median,50,8,10,3,3,1,true,false,1547.7876065
ACCLAIMING,low_gold,50,4,10,3,1,0.3333333333333333,true,false,1547.7876065
ACCLAIMING,low_gold,50,5,10,3,1,0.3333333333333333,true,false,1547.7876065
ACCLAIMING,low_gold,50,6,10,3,2,0.6666666666666666,true,false,1547.7876065
ACCLAIMING,low_gold,50,7,10,3,2,0.6666666666666666,true,false,1547.7876065
ACCLAIMING,low_gold,50,8,10,3,2,0.6666666666666666,true,false,1547.7876065
ACCLAIMING,band_aware,50,4,10,3,1,0.3333333333333333,false,false,1547.7876065
ACCLAIMING,band_aware,50,5,10,3,2,0.6666666666666666,false,false,1547.7876065
ACCLAIMING,band_aware,50,6,10,3,2,0.6666666666666666,false,false,1547.7876065
ACCLAIMING,band_aware,50,7,10,3,3,1,true,false,1547.7876065
ACCLAIMING,band_aware,50,8,10,3,3,1,true,false,1547.7876065
ACCLAIMING,confidence_aware,50,4,10,3,1,0.3333333333333333,false,false,1547.7876065
ACCLAIMING,confidence_aware,50,5,10,3,2,0.6666666666666666,false,false,1547.7876065
ACCLAIMING,confidence_aware,50,6,10,3,2,0.6666666666666666,false,false,1547.7876065
ACCLAIMING,confidence_aware,50,7,10,3,3,1,true,false,1547.7876065
ACCLAIMING,confidence_aware,50,8,10,3,3,1,true,false,1547.7876065
ACCLAIMING,hybrid_regular_cheap,50,4,10,3,1,0.3333333333333333,false,false,1547.7876065
ACCLAIMING,hybrid_regular_cheap,50,5,10,3,2,0.6666666666666666,false,false,1547.7876065
ACCLAIMING,hybrid_regular_cheap,50,6,10,3,2,0.6666666666666666,false,false,1547.7876065
ACCLAIMING,hybrid_regular_cheap,50,7,10,3,3,1,true,false,1547.7876065
ACCLAIMING,hybrid_regular_cheap,50,8,10,3,3,1,true,false,1547.7876065
ACCLAIMING,low_mean,75,4,10,3,1,0.3333333333333333,false,false,2321.68140975
ACCLAIMING,low_mean,75,5,10,3,1,0.3333333333333333,false,false,2321.68140975
ACCLAIMING,low_mean,75,6,10,3,2,0.6666666666666666,false,false,2321.68140975
ACCLAIMING,low_mean,75,7,10,3,3,1,true,false,2321.68140975
ACCLAIMING,low_mean,75,8,10,3,3,1,true,false,2321.68140975
ACCLAIMING,low_median,75,4,10,3,0,0,false,true,2321.68140975
ACCLAIMING,low_median,75,5,10,3,1,0.3333333333333333,false,false,2321.68140975
ACCLAIMING,low_median,75,6,10,3,2,0.6666666666666666,true,false,2321.68140975
ACCLAIMING,low_median,75,7,10,3,2,0.6666666666666666,true,false,2321.68140975
ACCLAIMING,low_median,75,8,10,3,3,1,true,false,2321.68140975
ACCLAIMING,low_gold,75,4,10,3,1,0.3333333333333333,true,false,2321.68140975
ACCLAIMING,low_gold,75,5,10,3,1,0.3333333333333333,true,false,2321.68140975
ACCLAIMING,low_gold,75,6,10,3,2,0.6666666666666666,true,false,2321.68140975
ACCLAIMING,low_gold,75,7,10,3,2,0.6666666666666666,true,false,2321.68140975
ACCLAIMING,low_gold,75,8,10,3,2,0.6666666666666666,true,false,2321.68140975
ACCLAIMING,band_aware,75,4,10,3,1,0.3333333333333333,false,false,2321.68140975
ACCLAIMING,band_aware,75,5,10,3,1,0.3333333333333333,false,false,2321.68140975
ACCLAIMING,band_aware,75,6,10,3,2,0.6666666666666666,false,false,2321.68140975
ACCLAIMING,band_aware,75,7,10,3,3,1,true,false,2321.68140975
ACCLAIMING,band_aware,75,8,10,3,3,1,true,false,2321.68140975
ACCLAIMING,confidence_aware,75,4,10,3,1,0.3333333333333333,false,false,2321.68140975
ACCLAIMING,confidence_aware,75,5,10,3,1,0.3333333333333333,false,false,2321.68140975
ACCLAIMING,confidence_aware,75,6,10,3,2,0.6666666666666666,false,false,2321.68140975
ACCLAIMING,confidence_aware,75,7,10,3,3,1,true,false,2321.68140975
ACCLAIMING,confidence_aware,75,8,10,3,3,1,true,false,2321.68140975
ACCLAIMING,hybrid_regular_cheap,75,4,10,3,1,0.3333333333333333,false,false,2321.68140975
ACCLAIMING,hybrid_regular_cheap,75,5,10,3,1,0.3333333333333333,false,false,2321.68140975
ACCLAIMING,hybrid_regular_cheap,75,6,10,3,2,0.6666666666666666,false,false,2321.68140975
ACCLAIMING,hybrid_regular_cheap,75,7,10,3,3,1,true,false,2321.68140975
ACCLAIMING,hybrid_regular_cheap,75,8,10,3,3,1,true,false,2321.68140975
ACCLAIMING,low_mean,100,4,10,3,3,1,true,false,3095.575213
ACCLAIMING,low_mean,100,5,10,3,3,1,true,false,3095.575213
ACCLAIMING,low_mean,100,6,10,3,3,1,true,false,3095.575213
ACCLAIMING,low_mean,100,7,10,3,3,1,true,false,3095.575213
ACCLAIMING,low_mean,100,8,10,3,3,1,true,false,3095.575213
ACCLAIMING,low_median,100,4,10,3,1,0.3333333333333333,false,false,3095.575213
ACCLAIMING,low_median,100,5,10,3,1,0.3333333333333333,false,false,3095.575213
ACCLAIMING,low_median,100,6,10,3,1,0.3333333333333333,false,false,3095.575213
ACCLAIMING,low_median,100,7,10,3,1,0.3333333333333333,false,false,3095.575213
ACCLAIMING,low_median,100,8,10,3,2,0.6666666666666666,true,false,3095.575213
ACCLAIMING,low_gold,100,4,10,3,0,0,false,true,3095.575213
ACCLAIMING,low_gold,100,5,10,3,1,0.3333333333333333,true,false,3095.575213
ACCLAIMING,low_gold,100,6,10,3,1,0.3333333333333333,true,false,3095.575213
ACCLAIMING,low_gold,100,7,10,3,1,0.3333333333333333,true,false,3095.575213
ACCLAIMING,low_gold,100,8,10,3,2,0.6666666666666666,true,false,3095.575213
ACCLAIMING,band_aware,100,4,10,3,3,1,true,false,3095.575213
ACCLAIMING,band_aware,100,5,10,3,3,1,true,false,3095.575213
ACCLAIMING,band_aware,100,6,10,3,3,1,true,false,3095.575213
ACCLAIMING,band_aware,100,7,10,3,3,1,true,false,3095.575213
ACCLAIMING,band_aware,100,8,10,3,3,1,true,false,3095.575213
ACCLAIMING,confidence_aware,100,4,10,3,3,1,true,false,3095.575213
ACCLAIMING,confidence_aware,100,5,10,3,3,1,true,false,3095.575213
ACCLAIMING,confidence_aware,100,6,10,3,3,1,true,false,3095.575213
ACCLAIMING,confidence_aware,100,7,10,3,3,1,true,false,3095.575213
ACCLAIMING,confidence_aware,100,8,10,3,3,1,true,false,3095.575213
ACCLAIMING,hybrid_regular_cheap,100,4,10,3,3,1,true,false,3095.575213
ACCLAIMING,hybrid_regular_cheap,100,5,10,3,3,1,true,false,3095.575213
ACCLAIMING,hybrid_regular_cheap,100,6,10,3,3,1,true,false,3095.575213
ACCLAIMING,hybrid_regular_cheap,100,7,10,3,3,1,true,false,3095.575213
ACCLAIMING,hybrid_regular_cheap,100,8,10,3,3,1,true,false,3095.575213
ACCLAIMING,low_mean,150,4,10,3,3,1,true,false,4643.3628195
ACCLAIMING,low_mean,150,5,10,3,3,1,true,false,4643.3628195
ACCLAIMING,low_mean,150,6,10,3,3,1,true,false,4643.3628195
ACCLAIMING,low_mean,150,7,10,3,3,1,true,false,4643.3628195
ACCLAIMING,low_mean,150,8,10,3,3,1,true,false,4643.3628195
ACCLAIMING,low_median,150,4,10,3,1,0.3333333333333333,false,false,4643.3628195
ACCLAIMING,low_median,150,5,10,3,2,0.6666666666666666,true,false,4643.3628195
ACCLAIMING,low_median,150,6,10,3,2,0.6666666666666666,true,false,4643.3628195
ACCLAIMING,low_median,150,7,10,3,2,0.6666666666666666,true,false,4643.3628195
ACCLAIMING,low_median,150,8,10,3,3,1,true,false,4643.3628195
ACCLAIMING,low_gold,150,4,10,3,2,0.6666666666666666,true,false,4643.3628195
ACCLAIMING,low_gold,150,5,10,3,2,0.6666666666666666,true,false,4643.3628195
ACCLAIMING,low_gold,150,6,10,3,2,0.6666666666666666,true,false,4643.3628195
ACCLAIMING,low_gold,150,7,10,3,2,0.6666666666666666,true,false,4643.3628195
ACCLAIMING,low_gold,150,8,10,3,3,1,true,false,4643.3628195
ACCLAIMING,band_aware,150,4,10,3,2,0.6666666666666666,false,false,4643.3628195
ACCLAIMING,band_aware,150,5,10,3,3,1,true,false,4643.3628195
ACCLAIMING,band_aware,150,6,10,3,3,1,true,false,4643.3628195
ACCLAIMING,band_aware,150,7,10,3,3,1,true,false,4643.3628195
ACCLAIMING,band_aware,150,8,10,3,3,1,true,false,4643.3628195
ACCLAIMING,confidence_aware,150,4,10,3,3,1,true,false,4643.3628195
ACCLAIMING,confidence_aware,150,5,10,3,3,1,true,false,4643.3628195
ACCLAIMING,confidence_aware,150,6,10,3,3,1,true,false,4643.3628195
ACCLAIMING,confidence_aware,150,7,10,3,3,1,true,false,4643.3628195
ACCLAIMING,confidence_aware,150,8,10,3,3,1,true,false,4643.3628195
ACCLAIMING,hybrid_regular_cheap,150,4,10,3,3,1,true,false,4643.3628195
ACCLAIMING,hybrid_regular_cheap,150,5,10,3,3,1,true,false,4643.3628195
ACCLAIMING,hybrid_regular_cheap,150,6,10,3,3,1,true,false,4643.3628195
ACCLAIMING,hybrid_regular_cheap,150,7,10,3,3,1,true,false,4643.3628195
ACCLAIMING,hybrid_regular_cheap,150,8,10,3,3,1,true,false,4643.3628195
ACCLAIMING,low_mean,250,4,10,3,3,1,true,false,7738.9380325
ACCLAIMING,low_mean,250,5,10,3,3,1,true,false,7738.9380325
ACCLAIMING,low_mean,250,6,10,3,3,1,true,false,7738.9380325
ACCLAIMING,low_mean,250,7,10,3,3,1,true,false,7738.9380325
ACCLAIMING,low_mean,250,8,10,3,3,1,true,false,7738.9380325
ACCLAIMING,low_median,250,4,10,3,2,0.6666666666666666,false,false,7738.9380325
ACCLAIMING,low_median,250,5,10,3,2,0.6666666666666666,false,false,7738.9380325
ACCLAIMING,low_median,250,6,10,3,2,0.6666666666666666,false,false,7738.9380325
ACCLAIMING,low_median,250,7,10,3,3,1,true,false,7738.9380325
ACCLAIMING,low_median,250,8,10,3,3,1,true,false,7738.9380325
ACCLAIMING,low_gold,250,4,10,3,2,0.6666666666666666,true,false,7738.9380325
ACCLAIMING,low_gold,250,5,10,3,2,0.6666666666666666,true,false,7738.9380325
ACCLAIMING,low_gold,250,6,10,3,2,0.6666666666666666,true,false,7738.9380325
ACCLAIMING,low_gold,250,7,10,3,3,1,true,false,7738.9380325
ACCLAIMING,low_gold,250,8,10,3,3,1,true,false,7738.9380325
ACCLAIMING,band_aware,250,4,10,3,3,1,true,false,7738.9380325
ACCLAIMING,band_aware,250,5,10,3,3,1,true,false,7738.9380325
ACCLAIMING,band_aware,250,6,10,3,3,1,true,false,7738.9380325
ACCLAIMING,band_aware,250,7,10,3,3,1,true,false,7738.9380325
ACCLAIMING,band_aware,250,8,10,3,3,1,true,false,7738.9380325
ACCLAIMING,confidence_aware,250,4,10,3,3,1,true,false,7738.9380325
ACCLAIMING,confidence_aware,250,5,10,3,3,1,true,false,7738.9380325
ACCLAIMING,confidence_aware,250,6,10,3,3,1,true,false,7738.9380325
ACCLAIMING,confidence_aware,250,7,10,3,3,1,true,false,7738.9380325
ACCLAIMING,confidence_aware,250,8,10,3,3,1,true,false,7738.9380325
ACCLAIMING,hybrid_regular_cheap,250,4,10,3,3,1,true,false,7738.9380325
ACCLAIMING,hybrid_regular_cheap,250,5,10,3,3,1,true,false,7738.9380325
ACCLAIMING,hybrid_regular_cheap,250,6,10,3,3,1,true,false,7738.9380325
ACCLAIMING,hybrid_regular_cheap,250,7,10,3,3,1,true,false,7738.9380325
ACCLAIMING,hybrid_regular_cheap,250,8,10,3,3,1,true,false,7738.9380325
ACCLAIMING,low_mean_frontier,25,5,10,3,2,0.6666666666666666,true,false,773.89380325
ACCLAIMING,low_mean_frontier,50,5,10,3,2,0.6666666666666666,false,false,1547.7876065
ACCLAIMING,low_mean_frontier,75,5,10,3,1,0.3333333333333333,false,false,2321.68140975
ACCLAIMING,low_mean_frontier,100,5,10,3,3,1,true,false,3095.575213
ACCLAIMING,low_mean_frontier,150,5,10,3,3,1,true,false,4643.3628195
ACCLAIMING,low_mean_frontier,250,5,10,3,3,1,true,false,7738.9380325
ACCLIMATED,low_mean,25,4,10,3,1,0.3333333333333333,true,false,740.3066173000001
ACCLIMATED,low_mean,25,5,10,3,2,0.6666666666666666,true,false,740.3066173000001
ACCLIMATED,low_mean,25,6,10,3,2,0.6666666666666666,true,false,740.3066173000001
ACCLIMATED,low_mean,25,7,10,3,2,0.6666666666666666,true,false,740.3066173000001
ACCLIMATED,low_mean,25,8,10,3,3,1,true,false,740.3066173000001
ACCLIMATED,low_median,25,4,10,3,2,0.6666666666666666,true,false,740.3066173000001
ACCLIMATED,low_median,25,5,10,3,2,0.6666666666666666,true,false,740.3066173000001
ACCLIMATED,low_median,25,6,10,3,2,0.6666666666666666,true,false,740.3066173000001
ACCLIMATED,low_median,25,7,10,3,2,0.6666666666666666,true,false,740.3066173000001
ACCLIMATED,low_median,25,8,10,3,3,1,true,false,740.3066173000001
ACCLIMATED,low_gold,25,4,10,3,2,0.6666666666666666,true,false,740.3066173000001
ACCLIMATED,low_gold,25,5,10,3,2,0.6666666666666666,true,false,740.3066173000001
ACCLIMATED,low_gold,25,6,10,3,2,0.6666666666666666,true,false,740.3066173000001
ACCLIMATED,low_gold,25,7,10,3,2,0.6666666666666666,true,false,740.3066173000001
ACCLIMATED,low_gold,25,8,10,3,2,0.6666666666666666,true,false,740.3066173000001
ACCLIMATED,band_aware,25,4,10,3,1,0.3333333333333333,true,false,740.3066173000001
ACCLIMATED,band_aware,25,5,10,3,2,0.6666666666666666,true,false,740.3066173000001
ACCLIMATED,band_aware,25,6,10,3,2,0.6666666666666666,true,false,740.3066173000001
ACCLIMATED,band_aware,25,7,10,3,2,0.6666666666666666,true,false,740.3066173000001
ACCLIMATED,band_aware,25,8,10,3,3,1,true,false,740.3066173000001
ACCLIMATED,confidence_aware,25,4,10,3,1,0.3333333333333333,true,false,740.3066173000001
ACCLIMATED,confidence_aware,25,5,10,3,2,0.6666666666666666,true,false,740.3066173000001
ACCLIMATED,confidence_aware,25,6,10,3,2,0.6666666666666666,true,false,740.3066173000001
ACCLIMATED,confidence_aware,25,7,10,3,2,0.6666666666666666,true,false,740.3066173000001
ACCLIMATED,confidence_aware,25,8,10,3,3,1,true,false,740.3066173000001
ACCLIMATED,hybrid_regular_cheap,25,4,10,3,1,0.3333333333333333,true,false,740.3066173000001
ACCLIMATED,hybrid_regular_cheap,25,5,10,3,2,0.6666666666666666,true,false,740.3066173000001
ACCLIMATED,hybrid_regular_cheap,25,6,10,3,2,0.6666666666666666,true,false,740.3066173000001
ACCLIMATED,hybrid_regular_cheap,25,7,10,3,2,0.6666666666666666,true,false,740.3066173000001
ACCLIMATED,hybrid_regular_cheap,25,8,10,3,3,1,true,false,740.3066173000001
ACCLIMATED,low_mean,50,4,10,3,1,0.3333333333333333,false,false,1480.6132346000002
ACCLIMATED,low_mean,50,5,10,3,1,0.3333333333333333,false,false,1480.6132346000002
ACCLIMATED,low_mean,50,6,10,3,1,0.3333333333333333,false,false,1480.6132346000002
ACCLIMATED,low_mean,50,7,10,3,2,0.6666666666666666,true,false,1480.6132346000002
ACCLIMATED,low_mean,50,8,10,3,3,1,true,false,1480.6132346000002
ACCLIMATED,low_median,50,4,10,3,2,0.6666666666666666,true,false,1480.6132346000002
ACCLIMATED,low_median,50,5,10,3,2,0.6666666666666666,true,false,1480.6132346000002
ACCLIMATED,low_median,50,6,10,3,2,0.6666666666666666,true,false,1480.6132346000002
ACCLIMATED,low_median,50,7,10,3,2,0.6666666666666666,true,false,1480.6132346000002
ACCLIMATED,low_median,50,8,10,3,3,1,true,false,1480.6132346000002
ACCLIMATED,low_gold,50,4,10,3,0,0,false,true,1480.6132346000002
ACCLIMATED,low_gold,50,5,10,3,0,0,false,true,1480.6132346000002
ACCLIMATED,low_gold,50,6,10,3,0,0,false,true,1480.6132346000002
ACCLIMATED,low_gold,50,7,10,3,1,0.3333333333333333,false,false,1480.6132346000002
ACCLIMATED,low_gold,50,8,10,3,1,0.3333333333333333,false,false,1480.6132346000002
ACCLIMATED,band_aware,50,4,10,3,1,0.3333333333333333,false,false,1480.6132346000002
ACCLIMATED,band_aware,50,5,10,3,1,0.3333333333333333,false,false,1480.6132346000002
ACCLIMATED,band_aware,50,6,10,3,1,0.3333333333333333,false,false,1480.6132346000002
ACCLIMATED,band_aware,50,7,10,3,2,0.6666666666666666,true,false,1480.6132346000002
ACCLIMATED,band_aware,50,8,10,3,3,1,true,false,1480.6132346000002
ACCLIMATED,confidence_aware,50,4,10,3,1,0.3333333333333333,false,false,1480.6132346000002
ACCLIMATED,confidence_aware,50,5,10,3,1,0.3333333333333333,false,false,1480.6132346000002
ACCLIMATED,confidence_aware,50,6,10,3,1,0.3333333333333333,false,false,1480.6132346000002
ACCLIMATED,confidence_aware,50,7,10,3,2,0.6666666666666666,true,false,1480.6132346000002
ACCLIMATED,confidence_aware,50,8,10,3,3,1,true,false,1480.6132346000002
ACCLIMATED,hybrid_regular_cheap,50,4,10,3,1,0.3333333333333333,false,false,1480.6132346000002
ACCLIMATED,hybrid_regular_cheap,50,5,10,3,1,0.3333333333333333,false,false,1480.6132346000002
ACCLIMATED,hybrid_regular_cheap,50,6,10,3,1,0.3333333333333333,false,false,1480.6132346000002
ACCLIMATED,hybrid_regular_cheap,50,7,10,3,2,0.6666666666666666,true,false,1480.6132346000002
ACCLIMATED,hybrid_regular_cheap,50,8,10,3,3,1,true,false,1480.6132346000002
ACCLIMATED,low_mean,75,4,10,3,1,0.3333333333333333,false,false,2220.9198519
ACCLIMATED,low_mean,75,5,10,3,2,0.6666666666666666,true,false,2220.9198519
ACCLIMATED,low_mean,75,6,10,3,3,1,true,false,2220.9198519
ACCLIMATED,low_mean,75,7,10,3,3,1,true,false,2220.9198519
ACCLIMATED,low_mean,75,8,10,3,3,1,true,false,2220.9198519
ACCLIMATED,low_median,75,4,10,3,2,0.6666666666666666,true,false,2220.9198519
ACCLIMATED,low_median,75,5,10,3,2,0.6666666666666666,true,false,2220.9198519
ACCLIMATED,low_median,75,6,10,3,2,0.6666666666666666,true,false,2220.9198519
ACCLIMATED,low_median,75,7,10,3,2,0.6666666666666666,true,false,2220.9198519
ACCLIMATED,low_median,75,8,10,3,3,1,true,false,2220.9198519
ACCLIMATED,low_gold,75,4,10,3,0,0,false,true,2220.9198519
ACCLIMATED,low_gold,75,5,10,3,0,0,false,true,2220.9198519
ACCLIMATED,low_gold,75,6,10,3,1,0.3333333333333333,false,false,2220.9198519
ACCLIMATED,low_gold,75,7,10,3,1,0.3333333333333333,false,false,2220.9198519
ACCLIMATED,low_gold,75,8,10,3,2,0.6666666666666666,false,false,2220.9198519
ACCLIMATED,band_aware,75,4,10,3,1,0.3333333333333333,false,false,2220.9198519
ACCLIMATED,band_aware,75,5,10,3,2,0.6666666666666666,true,false,2220.9198519
ACCLIMATED,band_aware,75,6,10,3,3,1,true,false,2220.9198519
ACCLIMATED,band_aware,75,7,10,3,3,1,true,false,2220.9198519
ACCLIMATED,band_aware,75,8,10,3,3,1,true,false,2220.9198519
ACCLIMATED,confidence_aware,75,4,10,3,1,0.3333333333333333,false,false,2220.9198519
ACCLIMATED,confidence_aware,75,5,10,3,2,0.6666666666666666,true,false,2220.9198519
ACCLIMATED,confidence_aware,75,6,10,3,3,1,true,false,2220.9198519
ACCLIMATED,confidence_aware,75,7,10,3,3,1,true,false,2220.9198519
ACCLIMATED,confidence_aware,75,8,10,3,3,1,true,false,2220.9198519
ACCLIMATED,hybrid_regular_cheap,75,4,10,3,1,0.3333333333333333,false,false,2220.9198519
ACCLIMATED,hybrid_regular_cheap,75,5,10,3,2,0.6666666666666666,true,false,2220.9198519
ACCLIMATED,hybrid_regular_cheap,75,6,10,3,3,1,true,false,2220.9198519
ACCLIMATED,hybrid_regular_cheap,75,7,10,3,3,1,true,false,2220.9198519
ACCLIMATED,hybrid_regular_cheap,75,8,10,3,3,1,true,false,2220.9198519
ACCLIMATED,low_mean,100,4,10,3,0,0,false,true,2961.2264692000003
ACCLIMATED,low_mean,100,5,10,3,1,0.3333333333333333,false,false,2961.2264692000003
ACCLIMATED,low_mean,100,6,10,3,1,0.3333333333333333,false,false,2961.2264692000003
ACCLIMATED,low_mean,100,7,10,3,2,0.6666666666666666,false,false,2961.2264692000003
ACCLIMATED,low_mean,100,8,10,3,3,1,true,false,2961.2264692000003
ACCLIMATED,low_median,100,4,10,3,2,0.6666666666666666,true,false,2961.2264692000003
ACCLIMATED,low_median,100,5,10,3,2,0.6666666666666666,true,false,2961.2264692000003
ACCLIMATED,low_median,100,6,10,3,2,0.6666666666666666,true,false,2961.2264692000003
ACCLIMATED,low_median,100,7,10,3,2,0.6666666666666666,true,false,2961.2264692000003
ACCLIMATED,low_median,100,8,10,3,3,1,true,false,2961.2264692000003
ACCLIMATED,low_gold,100,4,10,3,0,0,false,true,2961.2264692000003
ACCLIMATED,low_gold,100,5,10,3,0,0,false,true,2961.2264692000003
ACCLIMATED,low_gold,100,6,10,3,0,0,false,true,2961.2264692000003
ACCLIMATED,low_gold,100,7,10,3,1,0.3333333333333333,false,false,2961.2264692000003
ACCLIMATED,low_gold,100,8,10,3,2,0.6666666666666666,false,false,2961.2264692000003
ACCLIMATED,band_aware,100,4,10,3,0,0,false,true,2961.2264692000003
ACCLIMATED,band_aware,100,5,10,3,1,0.3333333333333333,false,false,2961.2264692000003
ACCLIMATED,band_aware,100,6,10,3,1,0.3333333333333333,false,false,2961.2264692000003
ACCLIMATED,band_aware,100,7,10,3,2,0.6666666666666666,false,false,2961.2264692000003
ACCLIMATED,band_aware,100,8,10,3,3,1,true,false,2961.2264692000003
ACCLIMATED,confidence_aware,100,4,10,3,0,0,false,true,2961.2264692000003
ACCLIMATED,confidence_aware,100,5,10,3,1,0.3333333333333333,false,false,2961.2264692000003
ACCLIMATED,confidence_aware,100,6,10,3,1,0.3333333333333333,false,false,2961.2264692000003
ACCLIMATED,confidence_aware,100,7,10,3,2,0.6666666666666666,false,false,2961.2264692000003
ACCLIMATED,confidence_aware,100,8,10,3,3,1,true,false,2961.2264692000003
ACCLIMATED,hybrid_regular_cheap,100,4,10,3,0,0,false,true,2961.2264692000003
ACCLIMATED,hybrid_regular_cheap,100,5,10,3,1,0.3333333333333333,false,false,2961.2264692000003
ACCLIMATED,hybrid_regular_cheap,100,6,10,3,1,0.3333333333333333,false,false,2961.2264692000003
ACCLIMATED,hybrid_regular_cheap,100,7,10,3,2,0.6666666666666666,false,false,2961.2264692000003
ACCLIMATED,hybrid_regular_cheap,100,8,10,3,3,1,true,false,2961.2264692000003
ACCLIMATED,low_mean,150,4,10,3,1,0.3333333333333333,false,false,4441.8397038
ACCLIMATED,low_mean,150,5,10,3,2,0.6666666666666666,true,false,4441.8397038
ACCLIMATED,low_mean,150,6,10,3,2,0.6666666666666666,true,false,4441.8397038
ACCLIMATED,low_mean,150,7,10,3,3,1,true,false,4441.8397038
ACCLIMATED,low_mean,150,8,10,3,3,1,true,false,4441.8397038
ACCLIMATED,low_median,150,4,10,3,1,0.3333333333333333,true,false,4441.8397038
ACCLIMATED,low_median,150,5,10,3,2,0.6666666666666666,true,false,4441.8397038
ACCLIMATED,low_median,150,6,10,3,3,1,true,false,4441.8397038
ACCLIMATED,low_median,150,7,10,3,3,1,true,false,4441.8397038
ACCLIMATED,low_median,150,8,10,3,3,1,true,false,4441.8397038
ACCLIMATED,low_gold,150,4,10,3,2,0.6666666666666666,true,false,4441.8397038
ACCLIMATED,low_gold,150,5,10,3,3,1,true,false,4441.8397038
ACCLIMATED,low_gold,150,6,10,3,3,1,true,false,4441.8397038
ACCLIMATED,low_gold,150,7,10,3,3,1,true,false,4441.8397038
ACCLIMATED,low_gold,150,8,10,3,3,1,true,false,4441.8397038
ACCLIMATED,band_aware,150,4,10,3,1,0.3333333333333333,false,false,4441.8397038
ACCLIMATED,band_aware,150,5,10,3,2,0.6666666666666666,true,false,4441.8397038
ACCLIMATED,band_aware,150,6,10,3,2,0.6666666666666666,true,false,4441.8397038
ACCLIMATED,band_aware,150,7,10,3,3,1,true,false,4441.8397038
ACCLIMATED,band_aware,150,8,10,3,3,1,true,false,4441.8397038
ACCLIMATED,confidence_aware,150,4,10,3,1,0.3333333333333333,false,false,4441.8397038
ACCLIMATED,confidence_aware,150,5,10,3,2,0.6666666666666666,true,false,4441.8397038
ACCLIMATED,confidence_aware,150,6,10,3,2,0.6666666666666666,true,false,4441.8397038
ACCLIMATED,confidence_aware,150,7,10,3,3,1,true,false,4441.8397038
ACCLIMATED,confidence_aware,150,8,10,3,3,1,true,false,4441.8397038
ACCLIMATED,hybrid_regular_cheap,150,4,10,3,1,0.3333333333333333,false,false,4441.8397038
ACCLIMATED,hybrid_regular_cheap,150,5,10,3,2,0.6666666666666666,true,false,4441.8397038
ACCLIMATED,hybrid_regular_cheap,150,6,10,3,2,0.6666666666666666,true,false,4441.8397038
ACCLIMATED,hybrid_regular_cheap,150,7,10,3,3,1,true,false,4441.8397038
ACCLIMATED,hybrid_regular_cheap,150,8,10,3,3,1,true,false,4441.8397038
ACCLIMATED,low_mean,250,4,10,3,3,1,true,false,7403.066173
ACCLIMATED,low_mean,250,5,10,3,3,1,true,false,7403.066173
ACCLIMATED,low_mean,250,6,10,3,3,1,true,false,7403.066173
ACCLIMATED,low_mean,250,7,10,3,3,1,true,false,7403.066173
ACCLIMATED,low_mean,250,8,10,3,3,1,true,false,7403.066173
ACCLIMATED,low_median,250,4,10,3,2,0.6666666666666666,true,false,7403.066173
ACCLIMATED,low_median,250,5,10,3,2,0.6666666666666666,true,false,7403.066173
ACCLIMATED,low_median,250,6,10,3,2,0.6666666666666666,true,false,7403.066173
ACCLIMATED,low_median,250,7,10,3,2,0.6666666666666666,true,false,7403.066173
ACCLIMATED,low_median,250,8,10,3,3,1,true,false,7403.066173
ACCLIMATED,low_gold,250,4,10,3,1,0.3333333333333333,false,false,7403.066173
ACCLIMATED,low_gold,250,5,10,3,2,0.6666666666666666,false,false,7403.066173
ACCLIMATED,low_gold,250,6,10,3,2,0.6666666666666666,false,false,7403.066173
ACCLIMATED,low_gold,250,7,10,3,3,1,true,false,7403.066173
ACCLIMATED,low_gold,250,8,10,3,3,1,true,false,7403.066173
ACCLIMATED,band_aware,250,4,10,3,3,1,true,false,7403.066173
ACCLIMATED,band_aware,250,5,10,3,3,1,true,false,7403.066173
ACCLIMATED,band_aware,250,6,10,3,3,1,true,false,7403.066173
ACCLIMATED,band_aware,250,7,10,3,3,1,true,false,7403.066173
ACCLIMATED,band_aware,250,8,10,3,3,1,true,false,7403.066173
ACCLIMATED,confidence_aware,250,4,10,3,3,1,true,false,7403.066173
ACCLIMATED,confidence_aware,250,5,10,3,3,1,true,false,7403.066173
ACCLIMATED,confidence_aware,250,6,10,3,3,1,true,false,7403.066173
ACCLIMATED,confidence_aware,250,7,10,3,3,1,true,false,7403.066173
ACCLIMATED,confidence_aware,250,8,10,3,3,1,true,false,7403.066173
ACCLIMATED,hybrid_regular_cheap,250,4,10,3,3,1,true,false,7403.066173
ACCLIMATED,hybrid_regular_cheap,250,5,10,3,3,1,true,false,7403.066173
ACCLIMATED,hybrid_regular_cheap,250,6,10,3,3,1,true,false,7403.066173
ACCLIMATED,hybrid_regular_cheap,250,7,10,3,3,1,true,false,7403.066173
ACCLIMATED,hybrid_regular_cheap,250,8,10,3,3,1,true,false,7403.066173
ACCLIMATED,low_mean_frontier,25,5,10,3,2,0.6666666666666666,true,false,740.3066173000001
ACCLIMATED,low_mean_frontier,50,5,10,3,1,0.3333333333333333,false,false,1480.6132346000002
ACCLIMATED,low_mean_frontier,75,5,10,3,2,0.6666666666666666,true,false,2220.9198519
ACCLIMATED,low_mean_frontier,100,5,10,3,1,0.3333333333333333,false,false,2961.2264692000003
ACCLIMATED,low_mean_frontier,150,5,10,3,2,0.6666666666666666,true,false,4441.8397038
ACCLIMATED,low_mean_frontier,250,5,10,3,3,1,true,false,7403.066173
ACCORDIONS,low_mean,25,4,10,3,1,0.3333333333333333,true,false,745.0875265999999
ACCORDIONS,low_mean,25,5,10,3,1,0.3333333333333333,true,false,745.0875265999999
ACCORDIONS,low_mean,25,6,10,3,2,0.6666666666666666,true,false,745.0875265999999
ACCORDIONS,low_mean,25,7,10,3,2,0.6666666666666666,true,false,745.0875265999999
ACCORDIONS,low_mean,25,8,10,3,2,0.6666666666666666,true,false,745.0875265999999
ACCORDIONS,low_median,25,4,10,3,3,1,true,false,745.0875265999999
ACCORDIONS,low_median,25,5,10,3,3,1,true,false,745.0875265999999
ACCORDIONS,low_median,25,6,10,3,3,1,true,false,745.0875265999999
ACCORDIONS,low_median,25,7,10,3,3,1,true,false,745.0875265999999
ACCORDIONS,low_median,25,8,10,3,3,1,true,false,745.0875265999999
ACCORDIONS,low_gold,25,4,10,3,1,0.3333333333333333,false,false,745.0875265999999
ACCORDIONS,low_gold,25,5,10,3,1,0.3333333333333333,false,false,745.0875265999999
ACCORDIONS,low_gold,25,6,10,3,2,0.6666666666666666,true,false,745.0875265999999
ACCORDIONS,low_gold,25,7,10,3,2,0.6666666666666666,true,false,745.0875265999999
ACCORDIONS,low_gold,25,8,10,3,2,0.6666666666666666,true,false,745.0875265999999
ACCORDIONS,band_aware,25,4,10,3,1,0.3333333333333333,true,false,745.0875265999999
ACCORDIONS,band_aware,25,5,10,3,1,0.3333333333333333,true,false,745.0875265999999
ACCORDIONS,band_aware,25,6,10,3,2,0.6666666666666666,true,false,745.0875265999999
ACCORDIONS,band_aware,25,7,10,3,2,0.6666666666666666,true,false,745.0875265999999
ACCORDIONS,band_aware,25,8,10,3,2,0.6666666666666666,true,false,745.0875265999999
ACCORDIONS,confidence_aware,25,4,10,3,1,0.3333333333333333,true,false,745.0875265999999
ACCORDIONS,confidence_aware,25,5,10,3,1,0.3333333333333333,true,false,745.0875265999999
ACCORDIONS,confidence_aware,25,6,10,3,2,0.6666666666666666,true,false,745.0875265999999
ACCORDIONS,confidence_aware,25,7,10,3,2,0.6666666666666666,true,false,745.0875265999999
ACCORDIONS,confidence_aware,25,8,10,3,2,0.6666666666666666,true,false,745.0875265999999
ACCORDIONS,hybrid_regular_cheap,25,4,10,3,1,0.3333333333333333,true,false,745.0875265999999
ACCORDIONS,hybrid_regular_cheap,25,5,10,3,1,0.3333333333333333,true,false,745.0875265999999
ACCORDIONS,hybrid_regular_cheap,25,6,10,3,2,0.6666666666666666,true,false,745.0875265999999
ACCORDIONS,hybrid_regular_cheap,25,7,10,3,2,0.6666666666666666,true,false,745.0875265999999
ACCORDIONS,hybrid_regular_cheap,25,8,10,3,2,0.6666666666666666,true,false,745.0875265999999
ACCORDIONS,low_mean,50,4,10,3,0,0,false,true,1490.1750531999999
ACCORDIONS,low_mean,50,5,10,3,1,0.3333333333333333,false,false,1490.1750531999999
ACCORDIONS,low_mean,50,6,10,3,2,0.6666666666666666,true,false,1490.1750531999999
ACCORDIONS,low_mean,50,7,10,3,2,0.6666666666666666,true,false,1490.1750531999999
ACCORDIONS,low_mean,50,8,10,3,2,0.6666666666666666,true,false,1490.1750531999999
ACCORDIONS,low_median,50,4,10,3,1,0.3333333333333333,false,false,1490.1750531999999
ACCORDIONS,low_median,50,5,10,3,2,0.6666666666666666,false,false,1490.1750531999999
ACCORDIONS,low_median,50,6,10,3,3,1,true,false,1490.1750531999999
ACCORDIONS,low_median,50,7,10,3,3,1,true,false,1490.1750531999999
ACCORDIONS,low_median,50,8,10,3,3,1,true,false,1490.1750531999999
ACCORDIONS,low_gold,50,4,10,3,1,0.3333333333333333,false,false,1490.1750531999999
ACCORDIONS,low_gold,50,5,10,3,1,0.3333333333333333,false,false,1490.1750531999999
ACCORDIONS,low_gold,50,6,10,3,1,0.3333333333333333,false,false,1490.1750531999999
ACCORDIONS,low_gold,50,7,10,3,1,0.3333333333333333,false,false,1490.1750531999999
ACCORDIONS,low_gold,50,8,10,3,2,0.6666666666666666,true,false,1490.1750531999999
ACCORDIONS,band_aware,50,4,10,3,0,0,false,true,1490.1750531999999
ACCORDIONS,band_aware,50,5,10,3,1,0.3333333333333333,false,false,1490.1750531999999
ACCORDIONS,band_aware,50,6,10,3,2,0.6666666666666666,true,false,1490.1750531999999
ACCORDIONS,band_aware,50,7,10,3,2,0.6666666666666666,true,false,1490.1750531999999
ACCORDIONS,band_aware,50,8,10,3,2,0.6666666666666666,true,false,1490.1750531999999
ACCORDIONS,confidence_aware,50,4,10,3,0,0,false,true,1490.1750531999999
ACCORDIONS,confidence_aware,50,5,10,3,1,0.3333333333333333,false,false,1490.1750531999999
ACCORDIONS,confidence_aware,50,6,10,3,2,0.6666666666666666,true,false,1490.1750531999999
ACCORDIONS,confidence_aware,50,7,10,3,2,0.6666666666666666,true,false,1490.1750531999999
ACCORDIONS,confidence_aware,50,8,10,3,2,0.6666666666666666,true,false,1490.1750531999999
ACCORDIONS,hybrid_regular_cheap,50,4,10,3,0,0,false,true,1490.1750531999999
ACCORDIONS,hybrid_regular_cheap,50,5,10,3,1,0.3333333333333333,false,false,1490.1750531999999
ACCORDIONS,hybrid_regular_cheap,50,6,10,3,2,0.6666666666666666,true,false,1490.1750531999999
ACCORDIONS,hybrid_regular_cheap,50,7,10,3,2,0.6666666666666666,true,false,1490.1750531999999
ACCORDIONS,hybrid_regular_cheap,50,8,10,3,2,0.6666666666666666,true,false,1490.1750531999999
ACCORDIONS,low_mean,75,4,10,3,1,0.3333333333333333,false,false,2235.2625798
ACCORDIONS,low_mean,75,5,10,3,2,0.6666666666666666,true,false,2235.2625798
ACCORDIONS,low_mean,75,6,10,3,2,0.6666666666666666,true,false,2235.2625798
ACCORDIONS,low_mean,75,7,10,3,2,0.6666666666666666,true,false,2235.2625798
ACCORDIONS,low_mean,75,8,10,3,2,0.6666666666666666,true,false,2235.2625798
ACCORDIONS,low_median,75,4,10,3,1,0.3333333333333333,false,false,2235.2625798
ACCORDIONS,low_median,75,5,10,3,2,0.6666666666666666,true,false,2235.2625798
ACCORDIONS,low_median,75,6,10,3,3,1,true,false,2235.2625798
ACCORDIONS,low_median,75,7,10,3,3,1,true,false,2235.2625798
ACCORDIONS,low_median,75,8,10,3,3,1,true,false,2235.2625798
ACCORDIONS,low_gold,75,4,10,3,1,0.3333333333333333,false,false,2235.2625798
ACCORDIONS,low_gold,75,5,10,3,1,0.3333333333333333,false,false,2235.2625798
ACCORDIONS,low_gold,75,6,10,3,1,0.3333333333333333,false,false,2235.2625798
ACCORDIONS,low_gold,75,7,10,3,2,0.6666666666666666,true,false,2235.2625798
ACCORDIONS,low_gold,75,8,10,3,2,0.6666666666666666,true,false,2235.2625798
ACCORDIONS,band_aware,75,4,10,3,1,0.3333333333333333,false,false,2235.2625798
ACCORDIONS,band_aware,75,5,10,3,2,0.6666666666666666,true,false,2235.2625798
ACCORDIONS,band_aware,75,6,10,3,2,0.6666666666666666,true,false,2235.2625798
ACCORDIONS,band_aware,75,7,10,3,2,0.6666666666666666,true,false,2235.2625798
ACCORDIONS,band_aware,75,8,10,3,2,0.6666666666666666,true,false,2235.2625798
ACCORDIONS,confidence_aware,75,4,10,3,1,0.3333333333333333,false,false,2235.2625798
ACCORDIONS,confidence_aware,75,5,10,3,2,0.6666666666666666,true,false,2235.2625798
ACCORDIONS,confidence_aware,75,6,10,3,2,0.6666666666666666,true,false,2235.2625798
ACCORDIONS,confidence_aware,75,7,10,3,2,0.6666666666666666,true,false,2235.2625798
ACCORDIONS,confidence_aware,75,8,10,3,2,0.6666666666666666,true,false,2235.2625798
ACCORDIONS,hybrid_regular_cheap,75,4,10,3,1,0.3333333333333333,false,false,2235.2625798
ACCORDIONS,hybrid_regular_cheap,75,5,10,3,2,0.6666666666666666,true,false,2235.2625798
ACCORDIONS,hybrid_regular_cheap,75,6,10,3,2,0.6666666666666666,true,false,2235.2625798
ACCORDIONS,hybrid_regular_cheap,75,7,10,3,2,0.6666666666666666,true,false,2235.2625798
ACCORDIONS,hybrid_regular_cheap,75,8,10,3,2,0.6666666666666666,true,false,2235.2625798
ACCORDIONS,low_mean,100,4,10,3,1,0.3333333333333333,false,false,2980.3501063999997
ACCORDIONS,low_mean,100,5,10,3,1,0.3333333333333333,false,false,2980.3501063999997
ACCORDIONS,low_mean,100,6,10,3,1,0.3333333333333333,false,false,2980.3501063999997
ACCORDIONS,low_mean,100,7,10,3,1,0.3333333333333333,false,false,2980.3501063999997
ACCORDIONS,low_mean,100,8,10,3,2,0.6666666666666666,true,false,2980.3501063999997
ACCORDIONS,low_median,100,4,10,3,1,0.3333333333333333,false,false,2980.3501063999997
ACCORDIONS,low_median,100,5,10,3,2,0.6666666666666666,false,false,2980.3501063999997
ACCORDIONS,low_median,100,6,10,3,3,1,true,false,2980.3501063999997
ACCORDIONS,low_median,100,7,10,3,3,1,true,false,2980.3501063999997
ACCORDIONS,low_median,100,8,10,3,3,1,true,false,2980.3501063999997
ACCORDIONS,low_gold,100,4,10,3,1,0.3333333333333333,false,false,2980.3501063999997
ACCORDIONS,low_gold,100,5,10,3,1,0.3333333333333333,false,false,2980.3501063999997
ACCORDIONS,low_gold,100,6,10,3,1,0.3333333333333333,false,false,2980.3501063999997
ACCORDIONS,low_gold,100,7,10,3,1,0.3333333333333333,false,false,2980.3501063999997
ACCORDIONS,low_gold,100,8,10,3,2,0.6666666666666666,true,false,2980.3501063999997
ACCORDIONS,band_aware,100,4,10,3,1,0.3333333333333333,false,false,2980.3501063999997
ACCORDIONS,band_aware,100,5,10,3,1,0.3333333333333333,false,false,2980.3501063999997
ACCORDIONS,band_aware,100,6,10,3,1,0.3333333333333333,false,false,2980.3501063999997
ACCORDIONS,band_aware,100,7,10,3,1,0.3333333333333333,false,false,2980.3501063999997
ACCORDIONS,band_aware,100,8,10,3,2,0.6666666666666666,true,false,2980.3501063999997
ACCORDIONS,confidence_aware,100,4,10,3,1,0.3333333333333333,false,false,2980.3501063999997
ACCORDIONS,confidence_aware,100,5,10,3,1,0.3333333333333333,false,false,2980.3501063999997
ACCORDIONS,confidence_aware,100,6,10,3,1,0.3333333333333333,false,false,2980.3501063999997
ACCORDIONS,confidence_aware,100,7,10,3,1,0.3333333333333333,false,false,2980.3501063999997
ACCORDIONS,confidence_aware,100,8,10,3,2,0.6666666666666666,true,false,2980.3501063999997
ACCORDIONS,hybrid_regular_cheap,100,4,10,3,1,0.3333333333333333,false,false,2980.3501063999997
ACCORDIONS,hybrid_regular_cheap,100,5,10,3,1,0.3333333333333333,false,false,2980.3501063999997
ACCORDIONS,hybrid_regular_cheap,100,6,10,3,1,0.3333333333333333,false,false,2980.3501063999997
ACCORDIONS,hybrid_regular_cheap,100,7,10,3,1,0.3333333333333333,false,false,2980.3501063999997
ACCORDIONS,hybrid_regular_cheap,100,8,10,3,2,0.6666666666666666,true,false,2980.3501063999997
ACCORDIONS,low_mean,150,4,10,3,1,0.3333333333333333,false,false,4470.5251596
ACCORDIONS,low_mean,150,5,10,3,2,0.6666666666666666,true,false,4470.5251596
ACCORDIONS,low_mean,150,6,10,3,2,0.6666666666666666,true,false,4470.5251596
ACCORDIONS,low_mean,150,7,10,3,2,0.6666666666666666,true,false,4470.5251596
ACCORDIONS,low_mean,150,8,10,3,3,1,true,false,4470.5251596
ACCORDIONS,low_median,150,4,10,3,2,0.6666666666666666,true,false,4470.5251596
ACCORDIONS,low_median,150,5,10,3,2,0.6666666666666666,true,false,4470.5251596
ACCORDIONS,low_median,150,6,10,3,2,0.6666666666666666,true,false,4470.5251596
ACCORDIONS,low_median,150,7,10,3,3,1,true,false,4470.5251596
ACCORDIONS,low_median,150,8,10,3,3,1,true,false,4470.5251596
ACCORDIONS,low_gold,150,4,10,3,0,0,false,true,4470.5251596
ACCORDIONS,low_gold,150,5,10,3,0,0,false,true,4470.5251596
ACCORDIONS,low_gold,150,6,10,3,0,0,false,true,4470.5251596
ACCORDIONS,low_gold,150,7,10,3,1,0.3333333333333333,false,false,4470.5251596
ACCORDIONS,low_gold,150,8,10,3,2,0.6666666666666666,true,false,4470.5251596
ACCORDIONS,band_aware,150,4,10,3,0,0,false,true,4470.5251596
ACCORDIONS,band_aware,150,5,10,3,1,0.3333333333333333,false,false,4470.5251596
ACCORDIONS,band_aware,150,6,10,3,2,0.6666666666666666,true,false,4470.5251596
ACCORDIONS,band_aware,150,7,10,3,2,0.6666666666666666,true,false,4470.5251596
ACCORDIONS,band_aware,150,8,10,3,3,1,true,false,4470.5251596
ACCORDIONS,confidence_aware,150,4,10,3,1,0.3333333333333333,false,false,4470.5251596
ACCORDIONS,confidence_aware,150,5,10,3,2,0.6666666666666666,true,false,4470.5251596
ACCORDIONS,confidence_aware,150,6,10,3,2,0.6666666666666666,true,false,4470.5251596
ACCORDIONS,confidence_aware,150,7,10,3,2,0.6666666666666666,true,false,4470.5251596
ACCORDIONS,confidence_aware,150,8,10,3,3,1,true,false,4470.5251596
ACCORDIONS,hybrid_regular_cheap,150,4,10,3,1,0.3333333333333333,false,false,4470.5251596
ACCORDIONS,hybrid_regular_cheap,150,5,10,3,2,0.6666666666666666,true,false,4470.5251596
ACCORDIONS,hybrid_regular_cheap,150,6,10,3,2,0.6666666666666666,true,false,4470.5251596
ACCORDIONS,hybrid_regular_cheap,150,7,10,3,2,0.6666666666666666,true,false,4470.5251596
ACCORDIONS,hybrid_regular_cheap,150,8,10,3,3,1,true,false,4470.5251596
ACCORDIONS,low_mean,250,4,10,3,1,0.3333333333333333,true,false,7450.875266
ACCORDIONS,low_mean,250,5,10,3,2,0.6666666666666666,true,false,7450.875266
ACCORDIONS,low_mean,250,6,10,3,2,0.6666666666666666,true,false,7450.875266
ACCORDIONS,low_mean,250,7,10,3,2,0.6666666666666666,true,false,7450.875266
ACCORDIONS,low_mean,250,8,10,3,2,0.6666666666666666,true,false,7450.875266
ACCORDIONS,low_median,250,4,10,3,2,0.6666666666666666,true,false,7450.875266
ACCORDIONS,low_median,250,5,10,3,2,0.6666666666666666,true,false,7450.875266
ACCORDIONS,low_median,250,6,10,3,2,0.6666666666666666,true,false,7450.875266
ACCORDIONS,low_median,250,7,10,3,3,1,true,false,7450.875266
ACCORDIONS,low_median,250,8,10,3,3,1,true,false,7450.875266
ACCORDIONS,low_gold,250,4,10,3,0,0,false,true,7450.875266
ACCORDIONS,low_gold,250,5,10,3,0,0,false,true,7450.875266
ACCORDIONS,low_gold,250,6,10,3,1,0.3333333333333333,true,false,7450.875266
ACCORDIONS,low_gold,250,7,10,3,2,0.6666666666666666,true,false,7450.875266
ACCORDIONS,low_gold,250,8,10,3,2,0.6666666666666666,true,false,7450.875266
ACCORDIONS,band_aware,250,4,10,3,1,0.3333333333333333,true,false,7450.875266
ACCORDIONS,band_aware,250,5,10,3,1,0.3333333333333333,true,false,7450.875266
ACCORDIONS,band_aware,250,6,10,3,2,0.6666666666666666,true,false,7450.875266
ACCORDIONS,band_aware,250,7,10,3,2,0.6666666666666666,true,false,7450.875266
ACCORDIONS,band_aware,250,8,10,3,2,0.6666666666666666,true,false,7450.875266
ACCORDIONS,confidence_aware,250,4,10,3,1,0.3333333333333333,true,false,7450.875266
ACCORDIONS,confidence_aware,250,5,10,3,2,0.6666666666666666,true,false,7450.875266
ACCORDIONS,confidence_aware,250,6,10,3,2,0.6666666666666666,true,false,7450.875266
ACCORDIONS,confidence_aware,250,7,10,3,2,0.6666666666666666,true,false,7450.875266
ACCORDIONS,confidence_aware,250,8,10,3,2,0.6666666666666666,true,false,7450.875266
ACCORDIONS,hybrid_regular_cheap,250,4,10,3,1,0.3333333333333333,true,false,7450.875266
ACCORDIONS,hybrid_regular_cheap,250,5,10,3,2,0.6666666666666666,true,false,7450.875266
ACCORDIONS,hybrid_regular_cheap,250,6,10,3,2,0.6666666666666666,true,false,7450.875266
ACCORDIONS,hybrid_regular_cheap,250,7,10,3,2,0.6666666666666666,true,false,7450.875266
ACCORDIONS,hybrid_regular_cheap,250,8,10,3,2,0.6666666666666666,true,false,7450.875266
ACCORDIONS,low_mean_frontier,25,5,10,3,1,0.3333333333333333,true,false,745.0875265999999
ACCORDIONS,low_mean_frontier,50,5,10,3,1,0.3333333333333333,false,false,1490.1750531999999
ACCORDIONS,low_mean_frontier,75,5,10,3,2,0.6666666666666666,true,false,2235.2625798
ACCORDIONS,low_mean_frontier,100,5,10,3,1,0.3333333333333333,false,false,2980.3501063999997
ACCORDIONS,low_mean_frontier,150,5,10,3,2,0.6666666666666666,true,false,4470.5251596
ACCORDIONS,low_mean_frontier,250,5,10,3,2,0.6666666666666666,true,false,7450.875266
ACCOUNTANT,low_mean,25,4,10,3,2,0.6666666666666666,false,false,772.59227965
ACCOUNTANT,low_mean,25,5,10,3,2,0.6666666666666666,false,false,772.59227965
ACCOUNTANT,low_mean,25,6,10,3,2,0.6666666666666666,false,false,772.59227965
ACCOUNTANT,low_mean,25,7,10,3,3,1,true,false,772.59227965
ACCOUNTANT,low_mean,25,8,10,3,3,1,true,false,772.59227965
ACCOUNTANT,low_median,25,4,10,3,2,0.6666666666666666,false,false,772.59227965
ACCOUNTANT,low_median,25,5,10,3,2,0.6666666666666666,false,false,772.59227965
ACCOUNTANT,low_median,25,6,10,3,2,0.6666666666666666,false,false,772.59227965
ACCOUNTANT,low_median,25,7,10,3,2,0.6666666666666666,false,false,772.59227965
ACCOUNTANT,low_median,25,8,10,3,2,0.6666666666666666,false,false,772.59227965
ACCOUNTANT,low_gold,25,4,10,3,1,0.3333333333333333,false,false,772.59227965
ACCOUNTANT,low_gold,25,5,10,3,1,0.3333333333333333,false,false,772.59227965
ACCOUNTANT,low_gold,25,6,10,3,2,0.6666666666666666,false,false,772.59227965
ACCOUNTANT,low_gold,25,7,10,3,2,0.6666666666666666,false,false,772.59227965
ACCOUNTANT,low_gold,25,8,10,3,2,0.6666666666666666,false,false,772.59227965
ACCOUNTANT,band_aware,25,4,10,3,2,0.6666666666666666,false,false,772.59227965
ACCOUNTANT,band_aware,25,5,10,3,2,0.6666666666666666,false,false,772.59227965
ACCOUNTANT,band_aware,25,6,10,3,2,0.6666666666666666,false,false,772.59227965
ACCOUNTANT,band_aware,25,7,10,3,3,1,true,false,772.59227965
ACCOUNTANT,band_aware,25,8,10,3,3,1,true,false,772.59227965
ACCOUNTANT,confidence_aware,25,4,10,3,2,0.6666666666666666,false,false,772.59227965
ACCOUNTANT,confidence_aware,25,5,10,3,2,0.6666666666666666,false,false,772.59227965
ACCOUNTANT,confidence_aware,25,6,10,3,2,0.6666666666666666,false,false,772.59227965
ACCOUNTANT,confidence_aware,25,7,10,3,3,1,true,false,772.59227965
ACCOUNTANT,confidence_aware,25,8,10,3,3,1,true,false,772.59227965
ACCOUNTANT,hybrid_regular_cheap,25,4,10,3,2,0.6666666666666666,false,false,772.59227965
ACCOUNTANT,hybrid_regular_cheap,25,5,10,3,2,0.6666666666666666,false,false,772.59227965
ACCOUNTANT,hybrid_regular_cheap,25,6,10,3,2,0.6666666666666666,false,false,772.59227965
ACCOUNTANT,hybrid_regular_cheap,25,7,10,3,3,1,true,false,772.59227965
ACCOUNTANT,hybrid_regular_cheap,25,8,10,3,3,1,true,false,772.59227965
ACCOUNTANT,low_mean,50,4,10,3,3,1,true,false,1545.1845593
ACCOUNTANT,low_mean,50,5,10,3,3,1,true,false,1545.1845593
ACCOUNTANT,low_mean,50,6,10,3,3,1,true,false,1545.1845593
ACCOUNTANT,low_mean,50,7,10,3,3,1,true,false,1545.1845593
ACCOUNTANT,low_mean,50,8,10,3,3,1,true,false,1545.1845593
ACCOUNTANT,low_median,50,4,10,3,2,0.6666666666666666,false,false,1545.1845593
ACCOUNTANT,low_median,50,5,10,3,2,0.6666666666666666,false,false,1545.1845593
ACCOUNTANT,low_median,50,6,10,3,2,0.6666666666666666,false,false,1545.1845593
ACCOUNTANT,low_median,50,7,10,3,2,0.6666666666666666,false,false,1545.1845593
ACCOUNTANT,low_median,50,8,10,3,2,0.6666666666666666,false,false,1545.1845593
ACCOUNTANT,low_gold,50,4,10,3,1,0.3333333333333333,false,false,1545.1845593
ACCOUNTANT,low_gold,50,5,10,3,1,0.3333333333333333,false,false,1545.1845593
ACCOUNTANT,low_gold,50,6,10,3,1,0.3333333333333333,false,false,1545.1845593
ACCOUNTANT,low_gold,50,7,10,3,2,0.6666666666666666,false,false,1545.1845593
ACCOUNTANT,low_gold,50,8,10,3,2,0.6666666666666666,false,false,1545.1845593
ACCOUNTANT,band_aware,50,4,10,3,3,1,true,false,1545.1845593
ACCOUNTANT,band_aware,50,5,10,3,3,1,true,false,1545.1845593
ACCOUNTANT,band_aware,50,6,10,3,3,1,true,false,1545.1845593
ACCOUNTANT,band_aware,50,7,10,3,3,1,true,false,1545.1845593
ACCOUNTANT,band_aware,50,8,10,3,3,1,true,false,1545.1845593
ACCOUNTANT,confidence_aware,50,4,10,3,3,1,true,false,1545.1845593
ACCOUNTANT,confidence_aware,50,5,10,3,3,1,true,false,1545.1845593
ACCOUNTANT,confidence_aware,50,6,10,3,3,1,true,false,1545.1845593
ACCOUNTANT,confidence_aware,50,7,10,3,3,1,true,false,1545.1845593
ACCOUNTANT,confidence_aware,50,8,10,3,3,1,true,false,1545.1845593
ACCOUNTANT,hybrid_regular_cheap,50,4,10,3,3,1,true,false,1545.1845593
ACCOUNTANT,hybrid_regular_cheap,50,5,10,3,3,1,true,false,1545.1845593
ACCOUNTANT,hybrid_regular_cheap,50,6,10,3,3,1,true,false,1545.1845593
ACCOUNTANT,hybrid_regular_cheap,50,7,10,3,3,1,true,false,1545.1845593
ACCOUNTANT,hybrid_regular_cheap,50,8,10,3,3,1,true,false,1545.1845593
ACCOUNTANT,low_mean,75,4,10,3,2,0.6666666666666666,false,false,2317.7768389499997
ACCOUNTANT,low_mean,75,5,10,3,3,1,true,false,2317.7768389499997
ACCOUNTANT,low_mean,75,6,10,3,3,1,true,false,2317.7768389499997
ACCOUNTANT,low_mean,75,7,10,3,3,1,true,false,2317.7768389499997
ACCOUNTANT,low_mean,75,8,10,3,3,1,true,false,2317.7768389499997
ACCOUNTANT,low_median,75,4,10,3,1,0.3333333333333333,false,false,2317.7768389499997
ACCOUNTANT,low_median,75,5,10,3,1,0.3333333333333333,false,false,2317.7768389499997
ACCOUNTANT,low_median,75,6,10,3,2,0.6666666666666666,false,false,2317.7768389499997
ACCOUNTANT,low_median,75,7,10,3,2,0.6666666666666666,false,false,2317.7768389499997
ACCOUNTANT,low_median,75,8,10,3,2,0.6666666666666666,false,false,2317.7768389499997
ACCOUNTANT,low_gold,75,4,10,3,0,0,false,true,2317.7768389499997
ACCOUNTANT,low_gold,75,5,10,3,0,0,false,true,2317.7768389499997
ACCOUNTANT,low_gold,75,6,10,3,1,0.3333333333333333,false,false,2317.7768389499997
ACCOUNTANT,low_gold,75,7,10,3,2,0.6666666666666666,false,false,2317.7768389499997
ACCOUNTANT,low_gold,75,8,10,3,3,1,true,false,2317.7768389499997
ACCOUNTANT,band_aware,75,4,10,3,2,0.6666666666666666,true,false,2317.7768389499997
ACCOUNTANT,band_aware,75,5,10,3,3,1,true,false,2317.7768389499997
ACCOUNTANT,band_aware,75,6,10,3,3,1,true,false,2317.7768389499997
ACCOUNTANT,band_aware,75,7,10,3,3,1,true,false,2317.7768389499997
ACCOUNTANT,band_aware,75,8,10,3,3,1,true,false,2317.7768389499997
ACCOUNTANT,confidence_aware,75,4,10,3,2,0.6666666666666666,false,false,2317.7768389499997
ACCOUNTANT,confidence_aware,75,5,10,3,3,1,true,false,2317.7768389499997
ACCOUNTANT,confidence_aware,75,6,10,3,3,1,true,false,2317.7768389499997
ACCOUNTANT,confidence_aware,75,7,10,3,3,1,true,false,2317.7768389499997
ACCOUNTANT,confidence_aware,75,8,10,3,3,1,true,false,2317.7768389499997
ACCOUNTANT,hybrid_regular_cheap,75,4,10,3,2,0.6666666666666666,false,false,2317.7768389499997
ACCOUNTANT,hybrid_regular_cheap,75,5,10,3,3,1,true,false,2317.7768389499997
ACCOUNTANT,hybrid_regular_cheap,75,6,10,3,3,1,true,false,2317.7768389499997
ACCOUNTANT,hybrid_regular_cheap,75,7,10,3,3,1,true,false,2317.7768389499997
ACCOUNTANT,hybrid_regular_cheap,75,8,10,3,3,1,true,false,2317.7768389499997
ACCOUNTANT,low_mean,100,4,10,3,1,0.3333333333333333,false,false,3090.3691186
ACCOUNTANT,low_mean,100,5,10,3,2,0.6666666666666666,false,false,3090.3691186
ACCOUNTANT,low_mean,100,6,10,3,3,1,true,false,3090.3691186
ACCOUNTANT,low_mean,100,7,10,3,3,1,true,false,3090.3691186
ACCOUNTANT,low_mean,100,8,10,3,3,1,true,false,3090.3691186
ACCOUNTANT,low_median,100,4,10,3,1,0.3333333333333333,false,false,3090.3691186
ACCOUNTANT,low_median,100,5,10,3,1,0.3333333333333333,false,false,3090.3691186
ACCOUNTANT,low_median,100,6,10,3,1,0.3333333333333333,false,false,3090.3691186
ACCOUNTANT,low_median,100,7,10,3,1,0.3333333333333333,false,false,3090.3691186
ACCOUNTANT,low_median,100,8,10,3,2,0.6666666666666666,true,false,3090.3691186
ACCOUNTANT,low_gold,100,4,10,3,0,0,false,true,3090.3691186
ACCOUNTANT,low_gold,100,5,10,3,1,0.3333333333333333,true,false,3090.3691186
ACCOUNTANT,low_gold,100,6,10,3,2,0.6666666666666666,true,false,3090.3691186
ACCOUNTANT,low_gold,100,7,10,3,2,0.6666666666666666,true,false,3090.3691186
ACCOUNTANT,low_gold,100,8,10,3,3,1,true,false,3090.3691186
ACCOUNTANT,band_aware,100,4,10,3,1,0.3333333333333333,false,false,3090.3691186
ACCOUNTANT,band_aware,100,5,10,3,2,0.6666666666666666,false,false,3090.3691186
ACCOUNTANT,band_aware,100,6,10,3,3,1,true,false,3090.3691186
ACCOUNTANT,band_aware,100,7,10,3,3,1,true,false,3090.3691186
ACCOUNTANT,band_aware,100,8,10,3,3,1,true,false,3090.3691186
ACCOUNTANT,confidence_aware,100,4,10,3,1,0.3333333333333333,false,false,3090.3691186
ACCOUNTANT,confidence_aware,100,5,10,3,2,0.6666666666666666,false,false,3090.3691186
ACCOUNTANT,confidence_aware,100,6,10,3,3,1,true,false,3090.3691186
ACCOUNTANT,confidence_aware,100,7,10,3,3,1,true,false,3090.3691186
ACCOUNTANT,confidence_aware,100,8,10,3,3,1,true,false,3090.3691186
ACCOUNTANT,hybrid_regular_cheap,100,4,10,3,1,0.3333333333333333,false,false,3090.3691186
ACCOUNTANT,hybrid_regular_cheap,100,5,10,3,2,0.6666666666666666,false,false,3090.3691186
ACCOUNTANT,hybrid_regular_cheap,100,6,10,3,3,1,true,false,3090.3691186
ACCOUNTANT,hybrid_regular_cheap,100,7,10,3,3,1,true,false,3090.3691186
ACCOUNTANT,hybrid_regular_cheap,100,8,10,3,3,1,true,false,3090.3691186
ACCOUNTANT,low_mean,150,4,10,3,2,0.6666666666666666,true,false,4635.5536778999995
ACCOUNTANT,low_mean,150,5,10,3,3,1,true,false,4635.5536778999995
ACCOUNTANT,low_mean,150,6,10,3,3,1,true,false,4635.5536778999995
ACCOUNTANT,low_mean,150,7,10,3,3,1,true,false,4635.5536778999995
ACCOUNTANT,low_mean,150,8,10,3,3,1,true,false,4635.5536778999995
ACCOUNTANT,low_median,150,4,10,3,2,0.6666666666666666,false,false,4635.5536778999995
ACCOUNTANT,low_median,150,5,10,3,3,1,true,false,4635.5536778999995
ACCOUNTANT,low_median,150,6,10,3,3,1,true,false,4635.5536778999995
ACCOUNTANT,low_median,150,7,10,3,3,1,true,false,4635.5536778999995
ACCOUNTANT,low_median,150,8,10,3,3,1,true,false,4635.5536778999995
ACCOUNTANT,low_gold,150,4,10,3,1,0.3333333333333333,false,false,4635.5536778999995
ACCOUNTANT,low_gold,150,5,10,3,1,0.3333333333333333,false,false,4635.5536778999995
ACCOUNTANT,low_gold,150,6,10,3,2,0.6666666666666666,false,false,4635.5536778999995
ACCOUNTANT,low_gold,150,7,10,3,2,0.6666666666666666,false,false,4635.5536778999995
ACCOUNTANT,low_gold,150,8,10,3,3,1,true,false,4635.5536778999995
ACCOUNTANT,band_aware,150,4,10,3,2,0.6666666666666666,true,false,4635.5536778999995
ACCOUNTANT,band_aware,150,5,10,3,3,1,true,false,4635.5536778999995
ACCOUNTANT,band_aware,150,6,10,3,3,1,true,false,4635.5536778999995
ACCOUNTANT,band_aware,150,7,10,3,3,1,true,false,4635.5536778999995
ACCOUNTANT,band_aware,150,8,10,3,3,1,true,false,4635.5536778999995
ACCOUNTANT,confidence_aware,150,4,10,3,2,0.6666666666666666,true,false,4635.5536778999995
ACCOUNTANT,confidence_aware,150,5,10,3,3,1,true,false,4635.5536778999995
ACCOUNTANT,confidence_aware,150,6,10,3,3,1,true,false,4635.5536778999995
ACCOUNTANT,confidence_aware,150,7,10,3,3,1,true,false,4635.5536778999995
ACCOUNTANT,confidence_aware,150,8,10,3,3,1,true,false,4635.5536778999995
ACCOUNTANT,hybrid_regular_cheap,150,4,10,3,2,0.6666666666666666,true,false,4635.5536778999995
ACCOUNTANT,hybrid_regular_cheap,150,5,10,3,3,1,true,false,4635.5536778999995
ACCOUNTANT,hybrid_regular_cheap,150,6,10,3,3,1,true,false,4635.5536778999995
ACCOUNTANT,hybrid_regular_cheap,150,7,10,3,3,1,true,false,4635.5536778999995
ACCOUNTANT,hybrid_regular_cheap,150,8,10,3,3,1,true,false,4635.5536778999995
ACCOUNTANT,low_mean,250,4,10,3,3,1,true,false,7725.9227965
ACCOUNTANT,low_mean,250,5,10,3,3,1,true,false,7725.9227965
ACCOUNTANT,low_mean,250,6,10,3,3,1,true,false,7725.9227965
ACCOUNTANT,low_mean,250,7,10,3,3,1,true,false,7725.9227965
ACCOUNTANT,low_mean,250,8,10,3,3,1,true,false,7725.9227965
ACCOUNTANT,low_median,250,4,10,3,3,1,true,false,7725.9227965
ACCOUNTANT,low_median,250,5,10,3,3,1,true,false,7725.9227965
ACCOUNTANT,low_median,250,6,10,3,3,1,true,false,7725.9227965
ACCOUNTANT,low_median,250,7,10,3,3,1,true,false,7725.9227965
ACCOUNTANT,low_median,250,8,10,3,3,1,true,false,7725.9227965
ACCOUNTANT,low_gold,250,4,10,3,2,0.6666666666666666,false,false,7725.9227965
ACCOUNTANT,low_gold,250,5,10,3,2,0.6666666666666666,false,false,7725.9227965
ACCOUNTANT,low_gold,250,6,10,3,2,0.6666666666666666,false,false,7725.9227965
ACCOUNTANT,low_gold,250,7,10,3,2,0.6666666666666666,false,false,7725.9227965
ACCOUNTANT,low_gold,250,8,10,3,3,1,true,false,7725.9227965
ACCOUNTANT,band_aware,250,4,10,3,3,1,true,false,7725.9227965
ACCOUNTANT,band_aware,250,5,10,3,3,1,true,false,7725.9227965
ACCOUNTANT,band_aware,250,6,10,3,3,1,true,false,7725.9227965
ACCOUNTANT,band_aware,250,7,10,3,3,1,true,false,7725.9227965
ACCOUNTANT,band_aware,250,8,10,3,3,1,true,false,7725.9227965
ACCOUNTANT,confidence_aware,250,4,10,3,3,1,true,false,7725.9227965
ACCOUNTANT,confidence_aware,250,5,10,3,3,1,true,false,7725.9227965
ACCOUNTANT,confidence_aware,250,6,10,3,3,1,true,false,7725.9227965
ACCOUNTANT,confidence_aware,250,7,10,3,3,1,true,false,7725.9227965
ACCOUNTANT,confidence_aware,250,8,10,3,3,1,true,false,7725.9227965
ACCOUNTANT,hybrid_regular_cheap,250,4,10,3,3,1,true,false,7725.9227965
ACCOUNTANT,hybrid_regular_cheap,250,5,10,3,3,1,true,false,7725.9227965
ACCOUNTANT,hybrid_regular_cheap,250,6,10,3,3,1,true,false,7725.9227965
ACCOUNTANT,hybrid_regular_cheap,250,7,10,3,3,1,true,false,7725.9227965
ACCOUNTANT,hybrid_regular_cheap,250,8,10,3,3,1,true,false,7725.9227965
ACCOUNTANT,low_mean_frontier,25,5,10,3,2,0.6666666666666666,false,false,772.59227965
ACCOUNTANT,low_mean_frontier,50,5,10,3,3,1,true,false,1545.1845593
ACCOUNTANT,low_mean_frontier,75,5,10,3,3,1,true,false,2317.7768389499997
ACCOUNTANT,low_mean_frontier,100,5,10,3,2,0.6666666666666666,false,false,3090.3691186
ACCOUNTANT,low_mean_frontier,150,5,10,3,3,1,true,false,4635.5536778999995
ACCOUNTANT,low_mean_frontier,250,5,10,3,3,1,true,false,7725.9227965
